Indicator,Unit,Monetisation method,Indicator definition
"1,3-dichloropropene",mg/kg,Prevention costs : the cost of treating a kidney patient for ine year (True Cost Accounting Agrifood Handbook),"1,3-dichloropropene [mg/kg] Is A Pesticide Used During Cultivation, For Which Residues Can Be Left On The Product And Therefore Ingested By The Consumer, Causing Negative Health Externalities.                                                                                                                            "
"2,4-d",mg/kg,Prevention costs : the cost of treating a kidney patient for ine year (True Cost Accounting Agrifood Handbook),"2,4-d [mg/kg] Is A Pesticide Used During Cultivation, For Which Residues Can Be Left On The Product And Therefore Ingested By The Consumer, Causing Negative Health Externalities.                                                                                                                            "
"2,4-db",mg/kg,Prevention costs : the cost of treating a kidney patient for ine year (True Cost Accounting Agrifood Handbook),"2,4-db [mg/kg] Is A Pesticide Used During Cultivation, For Which Residues Can Be Left On The Product And Therefore Ingested By The Consumer, Causing Negative Health Externalities.                                                                                                                            "
2-phenylphenol,mg/kg,Prevention costs : the cost of treating a kidney patient for ine year (True Cost Accounting Agrifood Handbook),"2-phenylphenol [mg/kg] Is A Pesticide Used During Cultivation, For Which Residues Can Be Left On The Product And Therefore Ingested By The Consumer, Causing Negative Health Externalities.                                                                                                                            "
Aldicarb,mg/kg,Prevention costs : the cost of treating a kidney patient for ine year (True Cost Accounting Agrifood Handbook),"Aldicarb [mg/kg] Is A Pesticide Used During Cultivation, For Which Residues Can Be Left On The Product And Therefore Ingested By The Consumer, Causing Negative Health Externalities.                                                                                                                            "
Abamectin,mg/kg,Prevention costs : the cost of treating a kidney patient for ine year (True Cost Accounting Agrifood Handbook),"Abamectin [mg/kg] Is A Pesticide Used During Cultivation, For Which Residues Can Be Left On The Product And Therefore Ingested By The Consumer, Causing Negative Health Externalities.                                                                                                                            "
Acephate,mg/kg,Prevention costs : the cost of treating a kidney patient for ine year (True Cost Accounting Agrifood Handbook),"Acephate [mg/kg] Is A Pesticide Used During Cultivation, For Which Residues Can Be Left On The Product And Therefore Ingested By The Consumer, Causing Negative Health Externalities.                                                                                                                            "
Acetamiprid,mg/kg,Prevention costs : the cost of treating a kidney patient for ine year (True Cost Accounting Agrifood Handbook),"Acetamiprid [mg/kg] Is A Pesticide Used During Cultivation, For Which Residues Can Be Left On The Product And Therefore Ingested By The Consumer, Causing Negative Health Externalities.                                                                                                                            "
Acrinathrin,mg/kg,Prevention costs : the cost of treating a kidney patient for ine year (True Cost Accounting Agrifood Handbook),"Acrinathrin [mg/kg] Is A Pesticide Used During Cultivation, For Which Residues Can Be Left On The Product And Therefore Ingested By The Consumer, Causing Negative Health Externalities.                                                                                                                            "
Agricultural land occupation,m2a,"A compensation cost which expresses the opportunity cost of land occupation based on the value of ecosystem services for main biomes based on a meta-analysis from TEEB (de Groot et al., 2012). Country-specific factors can be derived based on biome cover per country.","Measures The Area Of Land Occupied For Agriculture Over A Year, Considering Impacts On Biodiversity, Soil Quality, And Ecosystem Services.                                                                                                                                   "
Aldrin,mg/kg,Prevention costs : the cost of treating a kidney patient for ine year (True Cost Accounting Agrifood Handbook),"Aldrin [mg/kg] Is A Pesticide Used During Cultivation, For Which Residues Can Be Left On The Product And Therefore Ingested By The Consumer, Causing Negative Health Externalities.                                                                                                                            "
Amitraz,mg/kg,Prevention costs : the cost of treating a kidney patient for ine year (True Cost Accounting Agrifood Handbook),"Amitraz [mg/kg] Is A Pesticide Used During Cultivation, For Which Residues Can Be Left On The Product And Therefore Ingested By The Consumer, Causing Negative Health Externalities.                                                                                                                            "
Amitrole,mg/kg,Prevention costs : the cost of treating a kidney patient for ine year (True Cost Accounting Agrifood Handbook),"Amitrole [mg/kg] Is A Pesticide Used During Cultivation, For Which Residues Can Be Left On The Product And Therefore Ingested By The Consumer, Causing Negative Health Externalities.                                                                                                                            "
Anilazine,mg/kg,Prevention costs : the cost of treating a kidney patient for ine year (True Cost Accounting Agrifood Handbook),"Anilazine [mg/kg] Is A Pesticide Used During Cultivation, For Which Residues Can Be Left On The Product And Therefore Ingested By The Consumer, Causing Negative Health Externalities.                                                                                                                            "
Aramite,mg/kg,Prevention costs : the cost of treating a kidney patient for ine year (True Cost Accounting Agrifood Handbook),"Aramite [mg/kg] Is A Pesticide Used During Cultivation, For Which Residues Can Be Left On The Product And Therefore Ingested By The Consumer, Causing Negative Health Externalities.                                                                                                                            "
Asulam,mg/kg,Prevention costs : the cost of treating a kidney patient for ine year (True Cost Accounting Agrifood Handbook),"Asulam [mg/kg] Is A Pesticide Used During Cultivation, For Which Residues Can Be Left On The Product And Therefore Ingested By The Consumer, Causing Negative Health Externalities.                                                                                                                            "
Atrazine,mg/kg,Prevention costs : the cost of treating a kidney patient for ine year (True Cost Accounting Agrifood Handbook),"Atrazine [mg/kg] Is A Pesticide Used During Cultivation, For Which Residues Can Be Left On The Product And Therefore Ingested By The Consumer, Causing Negative Health Externalities.                                                                                                                            "
Azimsulfuron,mg/kg,Prevention costs : the cost of treating a kidney patient for ine year (True Cost Accounting Agrifood Handbook),"Azimsulfuron [mg/kg] Is A Pesticide Used During Cultivation, For Which Residues Can Be Left On The Product And Therefore Ingested By The Consumer, Causing Negative Health Externalities.                                                                                                                            "
Azoxystrobin,mg/kg,Prevention costs : the cost of treating a kidney patient for ine year (True Cost Accounting Agrifood Handbook),"Azoxystrobin [mg/kg] Is A Pesticide Used During Cultivation, For Which Residues Can Be Left On The Product And Therefore Ingested By The Consumer, Causing Negative Health Externalities.                                                                                                                            "
Beflubutamid,mg/kg,Prevention costs : the cost of treating a kidney patient for ine year (True Cost Accounting Agrifood Handbook),"Beflubutamid [mg/kg] Is A Pesticide Used During Cultivation, For Which Residues Can Be Left On The Product And Therefore Ingested By The Consumer, Causing Negative Health Externalities.                                                                                                                            "
Benalaxyl,mg/kg,Prevention costs : the cost of treating a kidney patient for ine year (True Cost Accounting Agrifood Handbook),"Benalaxyl [mg/kg] Is A Pesticide Used During Cultivation, For Which Residues Can Be Left On The Product And Therefore Ingested By The Consumer, Causing Negative Health Externalities.                                                                                                                            "
Bentazone,mg/kg,Prevention costs : the cost of treating a kidney patient for ine year (True Cost Accounting Agrifood Handbook),"Bentazone [mg/kg] Is A Pesticide Used During Cultivation, For Which Residues Can Be Left On The Product And Therefore Ingested By The Consumer, Causing Negative Health Externalities.                                                                                                                            "
Benzovindiflupyr,mg/kg,Prevention costs : the cost of treating a kidney patient for ine year (True Cost Accounting Agrifood Handbook),"Benzovindiflupyr [mg/kg] Is A Pesticide Used During Cultivation, For Which Residues Can Be Left On The Product And Therefore Ingested By The Consumer, Causing Negative Health Externalities.                                                                                                                            "
Bicyclopyrone,mg/kg,Prevention costs : the cost of treating a kidney patient for ine year (True Cost Accounting Agrifood Handbook),"Bicyclopyrone [mg/kg] Is A Pesticide Used During Cultivation, For Which Residues Can Be Left On The Product And Therefore Ingested By The Consumer, Causing Negative Health Externalities.                                                                                                                            "
Biodiversity restoration through reforestation (ethiopia),m²/kg,"For the eco-costs of land-use in tropical forests (biodegradation), the prevention costs of biodiversity have been calculated for the prevention of the production of palm oil from palm oil plantations in Indonesia (which is one of the most appalling situations of degrading biodiversity). The prevention measure here is to stop the palm oil production and replace that by oil from agricultural waste (biobased oil by pyrolysis of waste). These prevention costs are estimated at 6.87 €/m2 in 2024 (in 2022 it was 6 €/m2), applied to land with a biodiversity of 4000 vascular species per 10.000 km2 (case: Sumatra and a big part of Kalimantang). The degradation of 4000 species per 10.000 km2 is set as the norm for palm oil plantations: biodiversity factor = 1. Other countries are compared to this norm with a biodiversity factor. (https://www.ecocostsvalue.com/ecocosts/eco-costs-land-use/)","Dallmayr Coffee Includes An Impact Offsetting Scheme Through Reforestation In Collaboration With The « Menschen Für Menschen ». The Positive Impact Is Quatified Using The Eco-cost Of Land-use, An Environmental Impact Assessment Metric That Quantifies The Cost Of Using Land For Human Activities, Particularly In Agriculture, Forestry, And Urban Development. It Reflects The Loss Of Biodiversity, Soil Degradation, And Ecosystem Services Due To Land Occupation And Transformation                                                                                    "
Biodiversity restoration through reforestation (kenya),m²/kg,"For the eco-costs of land-use in tropical forests (biodegradation), the prevention costs of biodiversity have been calculated for the prevention of the production of palm oil from palm oil plantations in Indonesia (which is one of the most appalling situations of degrading biodiversity). The prevention measure here is to stop the palm oil production and replace that by oil from agricultural waste (biobased oil by pyrolysis of waste). These prevention costs are estimated at 6.87 €/m2 in 2024 (in 2022 it was 6 €/m2), applied to land with a biodiversity of 4000 vascular species per 10.000 km2 (case: Sumatra and a big part of Kalimantang). The degradation of 4000 species per 10.000 km2 is set as the norm for palm oil plantations: biodiversity factor = 1. Other countries are compared to this norm with a biodiversity factor. (https://www.ecocostsvalue.com/ecocosts/eco-costs-land-use/)","Blue Planet Coffee Includes An Impact Offsetting Scheme Through Reforestation In Collaboration With The « Eden Reforestation Project ». The Positive Impact Is Quatified Using The Eco-cost Of Land-use, An Environmental Impact Assessment Metric That Quantifies The Cost Of Using Land For Human Activities, Particularly In Agriculture, Forestry, And Urban Development. It Reflects The Loss Of Biodiversity, Soil Degradation, And Ecosystem Services Due To Land Occupation And Transformation                                                                                   "
Biodiversity restoration through reforestation (none),m²/kg,"For the eco-costs of land-use in tropical forests (biodegradation), the prevention costs of biodiversity have been calculated for the prevention of the production of palm oil from palm oil plantations in Indonesia (which is one of the most appalling situations of degrading biodiversity). The prevention measure here is to stop the palm oil production and replace that by oil from agricultural waste (biobased oil by pyrolysis of waste). These prevention costs are estimated at 6.87 €/m2 in 2024 (in 2022 it was 6 €/m2), applied to land with a biodiversity of 4000 vascular species per 10.000 km2 (case: Sumatra and a big part of Kalimantang). The degradation of 4000 species per 10.000 km2 is set as the norm for palm oil plantations: biodiversity factor = 1. Other countries are compared to this norm with a biodiversity factor. (https://www.ecocostsvalue.com/ecocosts/eco-costs-land-use/)",No Biodiversity Offsetting Scheme                                                                                                                                                   
Biphenyl,mg/kg,Prevention costs : the cost of treating a kidney patient for ine year (True Cost Accounting Agrifood Handbook),"Biphenyl [mg/kg] Is A Pesticide Used During Cultivation, For Which Residues Can Be Left On The Product And Therefore Ingested By The Consumer, Causing Negative Health Externalities.                                                                                                                            "
Boscalid,mg/kg,Prevention costs : the cost of treating a kidney patient for ine year (True Cost Accounting Agrifood Handbook),"Boscalid [mg/kg] Is A Pesticide Used During Cultivation, For Which Residues Can Be Left On The Product And Therefore Ingested By The Consumer, Causing Negative Health Externalities.                                                                                                                            "
Bromophos-ethyl,mg/kg,Prevention costs : the cost of treating a kidney patient for ine year (True Cost Accounting Agrifood Handbook),"Bromophos-ethyl [mg/kg] Is A Pesticide Used During Cultivation, For Which Residues Can Be Left On The Product And Therefore Ingested By The Consumer, Causing Negative Health Externalities.                                                                                                                            "
Bromoxynil,mg/kg,Prevention costs : the cost of treating a kidney patient for ine year (True Cost Accounting Agrifood Handbook),"Bromoxynil [mg/kg] Is A Pesticide Used During Cultivation, For Which Residues Can Be Left On The Product And Therefore Ingested By The Consumer, Causing Negative Health Externalities.                                                                                                                            "
Buprofezin,mg/kg,Prevention costs : the cost of treating a kidney patient for ine year (True Cost Accounting Agrifood Handbook),"Buprofezin [mg/kg] Is A Pesticide Used During Cultivation, For Which Residues Can Be Left On The Product And Therefore Ingested By The Consumer, Causing Negative Health Externalities.                                                                                                                            "
Butylate,mg/kg,Prevention costs : the cost of treating a kidney patient for ine year (True Cost Accounting Agrifood Handbook),"Butylate [mg/kg] Is A Pesticide Used During Cultivation, For Which Residues Can Be Left On The Product And Therefore Ingested By The Consumer, Causing Negative Health Externalities.                                                                                                                            "
Cadusafos,mg/kg,Prevention costs : the cost of treating a kidney patient for ine year (True Cost Accounting Agrifood Handbook),"Cadusafos [mg/kg] Is A Pesticide Used During Cultivation, For Which Residues Can Be Left On The Product And Therefore Ingested By The Consumer, Causing Negative Health Externalities.                                                                                                                            "
Captafol,mg/kg,Prevention costs : the cost of treating a kidney patient for ine year (True Cost Accounting Agrifood Handbook),"Captafol [mg/kg] Is A Pesticide Used During Cultivation, For Which Residues Can Be Left On The Product And Therefore Ingested By The Consumer, Causing Negative Health Externalities.                                                                                                                            "
Carbaryl,mg/kg,Prevention costs : the cost of treating a kidney patient for ine year (True Cost Accounting Agrifood Handbook),"Carbaryl [mg/kg] Is A Pesticide Used During Cultivation, For Which Residues Can Be Left On The Product And Therefore Ingested By The Consumer, Causing Negative Health Externalities.                                                                                                                            "
Carbendazim,mg/kg,Prevention costs : the cost of treating a kidney patient for ine year (True Cost Accounting Agrifood Handbook),"Carbendazim [mg/kg] Is A Pesticide Used During Cultivation, For Which Residues Can Be Left On The Product And Therefore Ingested By The Consumer, Causing Negative Health Externalities.                                                                                                                            "
Carbofuran,mg/kg,Prevention costs : the cost of treating a kidney patient for ine year (True Cost Accounting Agrifood Handbook),"Carbofuran [mg/kg] Is A Pesticide Used During Cultivation, For Which Residues Can Be Left On The Product And Therefore Ingested By The Consumer, Causing Negative Health Externalities.                                                                                                                            "
Carbon offsetting through reforestation,kgCO?/kg,"Same as climate change but reveresed. A restoration cost which expresses the abatement cost for achieving the policy targets of reducing greenhouse gas emissions to meet the 2-degree target as set in the Paris Agreement, based on a meta-study of 62 marginal abatement cost estimates (Kuik et al., 2009). (True Price 2023)","Represents The Potential Carbon Sequestration Achieved By Reforesting Land, Offsetting Greenhouse Gas Emissions.                                                                                                                                          "
Carboxin,mg/kg,Prevention costs : the cost of treating a kidney patient for ine year (True Cost Accounting Agrifood Handbook),"Carboxin [mg/kg] Is A Pesticide Used During Cultivation, For Which Residues Can Be Left On The Product And Therefore Ingested By The Consumer, Causing Negative Health Externalities.                                                                                                                            "
Cartap,mg/kg,Prevention costs : the cost of treating a kidney patient for ine year (True Cost Accounting Agrifood Handbook),"Cartap [mg/kg] Is A Pesticide Used During Cultivation, For Which Residues Can Be Left On The Product And Therefore Ingested By The Consumer, Causing Negative Health Externalities.                                                                                                                            "
Cases of fatal occupational injury,incidents/kg,"The cost is calculated based on compensation, prevention, and retribution. Compensation includes medical expenses for uninsured occupational injuries, health loss (DALY) for non-fatal cases, and the value of statistical life (VSL) for fatal incidents. Prevention covers the cost of auditing to prevent future violations. Retribution is a global penalty for workplaces violating Health and Safety regulations.","Measures The Number Of Work-related Deaths Per Unit Of Output, Highlighting Workplace Safety Failures And The Need For Stronger Protections.                                                                                                                                   "
"Cases of non-fatal occupational injury, insured",incidents/kg,"The cost is calculated based on compensation, prevention, and retribution. Compensation includes medical expenses for uninsured occupational injuries, health loss (DALY) for non-fatal cases, and the value of statistical life (VSL) for fatal incidents. Prevention covers the cost of auditing to prevent future violations. Retribution is a global penalty for workplaces violating Health and Safety regulations.","Tracks Workplace Accidents Resulting In Injury Among Insured Workers, Emphasizing The Role Of Social Protection In Mitigating Financial And Health Risks.                                                                                                                                  "
"Cases of non-fatal occupational injury, uninsured",incidents/kg,"The cost is calculated based on compensation, prevention, and retribution. Compensation includes medical expenses for uninsured occupational injuries, health loss (DALY) for non-fatal cases, and the value of statistical life (VSL) for fatal incidents. Prevention covers the cost of auditing to prevent future violations. Retribution is a global penalty for workplaces violating Health and Safety regulations.","Measures Workplace Accidents Affecting Workers Without Insurance, Highlighting Vulnerabilities In Labor Protection Systems.                                                                                                                                          "
"Children in hazardous work by sex, age and economic activity (12-14)",FTE-child/kg,"The cost is computed as a combination of four factors: restoration, compensation, prevention, and retribution. Restoration covers the cost of education and reintegration programs for affected children. Compensation accounts for lost future earnings due to missed schooling. Prevention includes the cost of auditing to prevent future cases. Retribution is a penalty based on global averages for child labour violations.","Quantifies The Prevalence Of Children In Dangerous Work Environments, Disaggregated By Age And Gender, Highlighting Rights Violations (12-14 Years Old).                                                                                                                                   "
"Children in hazardous work by sex, age and economic activity (15-17)",FTE-child/kg,"The cost is computed as a combination of four factors: restoration, compensation, prevention, and retribution. Restoration covers the cost of education and reintegration programs for affected children. Compensation accounts for lost future earnings due to missed schooling. Prevention includes the cost of auditing to prevent future cases. Retribution is a penalty based on global averages for child labour violations.","Quantifies The Prevalence Of Children In Dangerous Work Environments, Disaggregated By Age And Gender, Highlighting Rights Violations  (15-17 Years Old).                                                                                                                                  "
"Children in hazardous work by sex, age and economic activity (5-11)",FTE-child/kg,"The cost is computed as a combination of four factors: restoration, compensation, prevention, and retribution. Restoration covers the cost of education and reintegration programs for affected children. Compensation accounts for lost future earnings due to missed schooling. Prevention includes the cost of auditing to prevent future cases. Retribution is a penalty based on global averages for child labour violations.","Quantifies The Prevalence Of Children In Dangerous Work Environments, Disaggregated By Age And Gender, Highlighting Rights Violations  (5-11 Years Old).                                                                                                                                  "
"Children in non-hazardous work by sex, age and economic activity (12-14)",FTE-child/kg,"The cost is computed as a combination of four factors: restoration, compensation, prevention, and retribution. Restoration covers the cost of education and reintegration programs for affected children. Compensation accounts for lost future earnings due to missed schooling. Prevention includes the cost of auditing to prevent future cases. Retribution is a penalty based on global averages for child labour violations.",Measures The Number Of Children Engaged In Work That Does Not Classify As Hazardous But May Still Interfere With Education And Development  (12-14 Years Old).                                                                                                                             
"Children in non-hazardous work by sex, age and economic activity (15-17)",FTE-child/kg,"The cost is computed as a combination of four factors: restoration, compensation, prevention, and retribution. Restoration covers the cost of education and reintegration programs for affected children. Compensation accounts for lost future earnings due to missed schooling. Prevention includes the cost of auditing to prevent future cases. Retribution is a penalty based on global averages for child labour violations.",Measures The Number Of Children Engaged In Work That Does Not Classify As Hazardous But May Still Interfere With Education And Development  (15-17 Years Old).                                                                                                                             
"Children in non-hazardous work by sex, age and economic activity (5-11)",FTE-child/kg,"The cost is computed as a combination of four factors: restoration, compensation, prevention, and retribution. Restoration covers the cost of education and reintegration programs for affected children. Compensation accounts for lost future earnings due to missed schooling. Prevention includes the cost of auditing to prevent future cases. Retribution is a penalty based on global averages for child labour violations.",Measures The Number Of Children Engaged In Work That Does Not Classify As Hazardous But May Still Interfere With Education And Development (5-11).                                                                                                                                
Chlorantraniliprole,mg/kg,Prevention costs : the cost of treating a kidney patient for ine year (True Cost Accounting Agrifood Handbook),"Chlorantraniliprole [mg/kg] Is A Pesticide Used During Cultivation, For Which Residues Can Be Left On The Product And Therefore Ingested By The Consumer, Causing Negative Health Externalities.                                                                                                                            "
Chlorfenapyr,mg/kg,Prevention costs : the cost of treating a kidney patient for ine year (True Cost Accounting Agrifood Handbook),"Chlorfenapyr [mg/kg] Is A Pesticide Used During Cultivation, For Which Residues Can Be Left On The Product And Therefore Ingested By The Consumer, Causing Negative Health Externalities.                                                                                                                            "
Chlorfenson,mg/kg,Prevention costs : the cost of treating a kidney patient for ine year (True Cost Accounting Agrifood Handbook),"Chlorfenson [mg/kg] Is A Pesticide Used During Cultivation, For Which Residues Can Be Left On The Product And Therefore Ingested By The Consumer, Causing Negative Health Externalities.                                                                                                                            "
Chlorfenvinphos,mg/kg,Prevention costs : the cost of treating a kidney patient for ine year (True Cost Accounting Agrifood Handbook),"Chlorfenvinphos [mg/kg] Is A Pesticide Used During Cultivation, For Which Residues Can Be Left On The Product And Therefore Ingested By The Consumer, Causing Negative Health Externalities.                                                                                                                            "
Chlorobenzilate,mg/kg,Prevention costs : the cost of treating a kidney patient for ine year (True Cost Accounting Agrifood Handbook),"Chlorobenzilate [mg/kg] Is A Pesticide Used During Cultivation, For Which Residues Can Be Left On The Product And Therefore Ingested By The Consumer, Causing Negative Health Externalities.                                                                                                                            "
Chlorothalonil,mg/kg,Prevention costs : the cost of treating a kidney patient for ine year (True Cost Accounting Agrifood Handbook),"Chlorothalonil [mg/kg] Is A Pesticide Used During Cultivation, For Which Residues Can Be Left On The Product And Therefore Ingested By The Consumer, Causing Negative Health Externalities.                                                                                                                            "
Chlorpropham,mg/kg,Prevention costs : the cost of treating a kidney patient for ine year (True Cost Accounting Agrifood Handbook),"Chlorpropham [mg/kg] Is A Pesticide Used During Cultivation, For Which Residues Can Be Left On The Product And Therefore Ingested By The Consumer, Causing Negative Health Externalities.                                                                                                                            "
Chlorpyrifos,mg/kg,Prevention costs : the cost of treating a kidney patient for ine year (True Cost Accounting Agrifood Handbook),"Chlorpyrifos [mg/kg] Is A Pesticide Used During Cultivation, For Which Residues Can Be Left On The Product And Therefore Ingested By The Consumer, Causing Negative Health Externalities.                                                                                                                            "
Chlorpyrifos-methyl,mg/kg,Prevention costs : the cost of treating a kidney patient for ine year (True Cost Accounting Agrifood Handbook),"Chlorpyrifos-methyl [mg/kg] Is A Pesticide Used During Cultivation, For Which Residues Can Be Left On The Product And Therefore Ingested By The Consumer, Causing Negative Health Externalities.                                                                                                                            "
Chlorsulfuron,mg/kg,Prevention costs : the cost of treating a kidney patient for ine year (True Cost Accounting Agrifood Handbook),"Chlorsulfuron [mg/kg] Is A Pesticide Used During Cultivation, For Which Residues Can Be Left On The Product And Therefore Ingested By The Consumer, Causing Negative Health Externalities.                                                                                                                            "
Chlozolinate,mg/kg,Prevention costs : the cost of treating a kidney patient for ine year (True Cost Accounting Agrifood Handbook),"Chlozolinate [mg/kg] Is A Pesticide Used During Cultivation, For Which Residues Can Be Left On The Product And Therefore Ingested By The Consumer, Causing Negative Health Externalities.                                                                                                                            "
Climate change - gwp100,kg co2-eq,"A restoration cost which expresses the abatement cost for achieving the policy targets of reducing greenhouse gas emissions to meet the 2-degree target as set in the Paris Agreement, based on a meta-study of 62 marginal abatement cost estimates (Kuik et al., 2009). (True Price 2023)","Climate Change [kg Co2-eq] Is Defined As The Long-term Warming Of The Planet’s Overall Temperature. Human-induced Global Warming Is Driven By High Emitting Activities Such As Fossil Fuels Burning, Livestock Raising, And Land-use Change. This Results In Very Serious Threats Such As An Increase In Frequency Of Extreme Weather Events, Sea Levels Rising, Ecosystems Disruption, With High Consequences For Our Lives And Livelihood Such As Famine, Mass Migration And War. The Food And Agriculture System Is Responsible For A Third Of The Global Anthropogenic Emissions, And The Main Driver For N2o And Ch4 Emissions, With 82\% And 44\% Respectively. Agriculture-induced Emissions Mostly Involve Soil Cultivation (e.g., Tillage), Soil Decomposition, Input-uses (e.g., Fossil Fuels, Pesticides, Fertilizer), And Machinery Use.                                 "
Clofentezine,mg/kg,Prevention costs : the cost of treating a kidney patient for ine year (True Cost Accounting Agrifood Handbook),"Clofentezine [mg/kg] Is A Pesticide Used During Cultivation, For Which Residues Can Be Left On The Product And Therefore Ingested By The Consumer, Causing Negative Health Externalities.                                                                                                                            "
Clothianidin,mg/kg,Prevention costs : the cost of treating a kidney patient for ine year (True Cost Accounting Agrifood Handbook),"Clothianidin [mg/kg] Is A Pesticide Used During Cultivation, For Which Residues Can Be Left On The Product And Therefore Ingested By The Consumer, Causing Negative Health Externalities.                                                                                                                            "
Cyantraniliprole,mg/kg,Prevention costs : the cost of treating a kidney patient for ine year (True Cost Accounting Agrifood Handbook),"Cyantraniliprole [mg/kg] Is A Pesticide Used During Cultivation, For Which Residues Can Be Left On The Product And Therefore Ingested By The Consumer, Causing Negative Health Externalities.                                                                                                                            "
Cyazofamid,mg/kg,Prevention costs : the cost of treating a kidney patient for ine year (True Cost Accounting Agrifood Handbook),"Cyazofamid [mg/kg] Is A Pesticide Used During Cultivation, For Which Residues Can Be Left On The Product And Therefore Ingested By The Consumer, Causing Negative Health Externalities.                                                                                                                            "
Cyfluthrin,mg/kg,Prevention costs : the cost of treating a kidney patient for ine year (True Cost Accounting Agrifood Handbook),"Cyfluthrin [mg/kg] Is A Pesticide Used During Cultivation, For Which Residues Can Be Left On The Product And Therefore Ingested By The Consumer, Causing Negative Health Externalities.                                                                                                                            "
Cyhalofop-butyl,mg/kg,Prevention costs : the cost of treating a kidney patient for ine year (True Cost Accounting Agrifood Handbook),"Cyhalofop-butyl [mg/kg] Is A Pesticide Used During Cultivation, For Which Residues Can Be Left On The Product And Therefore Ingested By The Consumer, Causing Negative Health Externalities.                                                                                                                            "
Cyhalothrin,mg/kg,Prevention costs : the cost of treating a kidney patient for ine year (True Cost Accounting Agrifood Handbook),"Cyhalothrin [mg/kg] Is A Pesticide Used During Cultivation, For Which Residues Can Be Left On The Product And Therefore Ingested By The Consumer, Causing Negative Health Externalities.                                                                                                                            "
Cyhalothrin (includes lambda-cyhalothrin),mg/kg,Prevention costs : the cost of treating a kidney patient for ine year (True Cost Accounting Agrifood Handbook),"Cyhalothrin (includes Lambda-cyhalothrin) [mg/kg] Is A Pesticide Used During Cultivation, For Which Residues Can Be Left On The Product And Therefore Ingested By The Consumer, Causing Negative Health Externalities.                                                                                                                          "
Cypermethrin,mg/kg,Prevention costs : the cost of treating a kidney patient for ine year (True Cost Accounting Agrifood Handbook),"Cypermethrin [mg/kg] Is A Pesticide Used During Cultivation, For Which Residues Can Be Left On The Product And Therefore Ingested By The Consumer, Causing Negative Health Externalities.                                                                                                                            "
Cypermethrins,mg/kg,Prevention costs : the cost of treating a kidney patient for ine year (True Cost Accounting Agrifood Handbook),"Cypermethrin [mg/kg] Is A Pesticide Used During Cultivation, For Which Residues Can Be Left On The Product And Therefore Ingested By The Consumer, Causing Negative Health Externalities.                                                                                                                            "
Cypermethrins(including alpha- andzeta-cypermethrin),mg/kg,Prevention costs : the cost of treating a kidney patient for ine year (True Cost Accounting Agrifood Handbook),"Cypermethrins(including Alpha- Andzeta-cypermethrin) [mg/kg] Is A Pesticide Used During Cultivation, For Which Residues Can Be Left On The Product And Therefore Ingested By The Consumer, Causing Negative Health Externalities.                                                                                                                          "
Cyproconazole,mg/kg,Prevention costs : the cost of treating a kidney patient for ine year (True Cost Accounting Agrifood Handbook),"Cyproconazole [mg/kg] Is A Pesticide Used During Cultivation, For Which Residues Can Be Left On The Product And Therefore Ingested By The Consumer, Causing Negative Health Externalities.                                                                                                                            "
"Cyproconazole (coffeebeans, roasted )",mg/kg,Prevention costs : the cost of treating a kidney patient for ine year (True Cost Accounting Agrifood Handbook),"Cyproconazole (coffeebeans, Roasted ) [mg/kg] Is A Pesticide Used During Cultivation, For Which Residues Can Be Left On The Product And Therefore Ingested By The Consumer, Causing Negative Health Externalities.                                                                                                                         "
Cyromazine,mg/kg,Prevention costs : the cost of treating a kidney patient for ine year (True Cost Accounting Agrifood Handbook),"Cyromazine [mg/kg] Is A Pesticide Used During Cultivation, For Which Residues Can Be Left On The Product And Therefore Ingested By The Consumer, Causing Negative Health Externalities.                                                                                                                            "
Dalapon,mg/kg,Prevention costs : the cost of treating a kidney patient for ine year (True Cost Accounting Agrifood Handbook),"Dalapon [mg/kg] Is A Pesticide Used During Cultivation, For Which Residues Can Be Left On The Product And Therefore Ingested By The Consumer, Causing Negative Health Externalities.                                                                                                                            "
Daminozide,mg/kg,Prevention costs : the cost of treating a kidney patient for ine year (True Cost Accounting Agrifood Handbook),"Daminozide [mg/kg] Is A Pesticide Used During Cultivation, For Which Residues Can Be Left On The Product And Therefore Ingested By The Consumer, Causing Negative Health Externalities.                                                                                                                            "
Diazinon,mg/kg,Prevention costs : the cost of treating a kidney patient for ine year (True Cost Accounting Agrifood Handbook),"Diazinon [mg/kg] Is A Pesticide Used During Cultivation, For Which Residues Can Be Left On The Product And Therefore Ingested By The Consumer, Causing Negative Health Externalities.                                                                                                                            "
Dicamba,mg/kg,Prevention costs : the cost of treating a kidney patient for ine year (True Cost Accounting Agrifood Handbook),"Dicamba [mg/kg] Is A Pesticide Used During Cultivation, For Which Residues Can Be Left On The Product And Therefore Ingested By The Consumer, Causing Negative Health Externalities.                                                                                                                            "
Dichlorvos,mg/kg,Prevention costs : the cost of treating a kidney patient for ine year (True Cost Accounting Agrifood Handbook),"Dichlorvos [mg/kg] Is A Pesticide Used During Cultivation, For Which Residues Can Be Left On The Product And Therefore Ingested By The Consumer, Causing Negative Health Externalities.                                                                                                                            "
Diflubenzuron,mg/kg,Prevention costs : the cost of treating a kidney patient for ine year (True Cost Accounting Agrifood Handbook),"Diflubenzuron [mg/kg] Is A Pesticide Used During Cultivation, For Which Residues Can Be Left On The Product And Therefore Ingested By The Consumer, Causing Negative Health Externalities.                                                                                                                            "
Dimethipin,mg/kg,Prevention costs : the cost of treating a kidney patient for ine year (True Cost Accounting Agrifood Handbook),"Dimethipin [mg/kg] Is A Pesticide Used During Cultivation, For Which Residues Can Be Left On The Product And Therefore Ingested By The Consumer, Causing Negative Health Externalities.                                                                                                                            "
Dimethoate,mg/kg,Prevention costs : the cost of treating a kidney patient for ine year (True Cost Accounting Agrifood Handbook),"Dimethoate [mg/kg] Is A Pesticide Used During Cultivation, For Which Residues Can Be Left On The Product And Therefore Ingested By The Consumer, Causing Negative Health Externalities.                                                                                                                            "
Dinocap,mg/kg,Prevention costs : the cost of treating a kidney patient for ine year (True Cost Accounting Agrifood Handbook),"Dinocap [mg/kg] Is A Pesticide Used During Cultivation, For Which Residues Can Be Left On The Product And Therefore Ingested By The Consumer, Causing Negative Health Externalities.                                                                                                                            "
Dinotefuran,mg/kg,Prevention costs : the cost of treating a kidney patient for ine year (True Cost Accounting Agrifood Handbook),"Dinotefuran [mg/kg] Is A Pesticide Used During Cultivation, For Which Residues Can Be Left On The Product And Therefore Ingested By The Consumer, Causing Negative Health Externalities.                                                                                                                            "
Diphenylamine,mg/kg,Prevention costs : the cost of treating a kidney patient for ine year (True Cost Accounting Agrifood Handbook),"Diphenylamine [mg/kg] Is A Pesticide Used During Cultivation, For Which Residues Can Be Left On The Product And Therefore Ingested By The Consumer, Causing Negative Health Externalities.                                                                                                                            "
Diquat,mg/kg,Prevention costs : the cost of treating a kidney patient for ine year (True Cost Accounting Agrifood Handbook),"Diquat [mg/kg] Is A Pesticide Used During Cultivation, For Which Residues Can Be Left On The Product And Therefore Ingested By The Consumer, Causing Negative Health Externalities.                                                                                                                            "
Disulfoton,mg/kg,Prevention costs : the cost of treating a kidney patient for ine year (True Cost Accounting Agrifood Handbook),"Disulfoton [mg/kg] Is A Pesticide Used During Cultivation, For Which Residues Can Be Left On The Product And Therefore Ingested By The Consumer, Causing Negative Health Externalities.                                                                                                                            "
Diuron,mg/kg,Prevention costs : the cost of treating a kidney patient for ine year (True Cost Accounting Agrifood Handbook),"Diuron [mg/kg] Is A Pesticide Used During Cultivation, For Which Residues Can Be Left On The Product And Therefore Ingested By The Consumer, Causing Negative Health Externalities.                                                                                                                            "
Dodine,mg/kg,Prevention costs : the cost of treating a kidney patient for ine year (True Cost Accounting Agrifood Handbook),"Dodine [mg/kg] Is A Pesticide Used During Cultivation, For Which Residues Can Be Left On The Product And Therefore Ingested By The Consumer, Causing Negative Health Externalities.                                                                                                                            "
Eco-costs of land-use,chf/kg,"For the eco-costs of land-use in tropical forests (biodegradation), the prevention costs of biodiversity have been calculated for the prevention of the production of palm oil from palm oil plantations in Indonesia (which is one of the most appalling situations of degrading biodiversity). The prevention measure here is to stop the palm oil production and replace that by oil from agricultural waste (biobased oil by pyrolysis of waste). These prevention costs are estimated at 6.87 €/m2 in 2024 (in 2022 it was 6 €/m2), applied to land with a biodiversity of 4000 vascular species per 10.000 km2 (case: Sumatra and a big part of Kalimantang). The degradation of 4000 species per 10.000 km2 is set as the norm for palm oil plantations: biodiversity factor = 1. Other countries are compared to this norm with a biodiversity factor. (https://www.ecocostsvalue.com/ecocosts/eco-costs-land-use/)","Eco-costs Of Land-use [chf/kg] Express The Direct Impacts On Biodiversity. Biodiversity Make Contributions To Mankind Through A Wide Range Of Services, Including Habitat Creation, Human And Animal Nutrition, Pollination, Soil Protection And The Regulation Of Air Quality, Climate And Ocean Acidification. However, Over The Last 50 Years, Biodiversity Is Suffering From Irreversible Impacts And Extinction, Whereby E.g. Wild Animal Populations Have Declined By 69%. The Main Drivers Of Biodiversity Loss Are Changes In Land And Sea Use, Direct Exploitation Of Organisms, Climate Change, Pollution And Invasive Species.. Agricultural Expansion Is The Most Widespread Type Of Land-use Change, With More Than A Third Of The Earth’s Surface Devoted To Crop Or Livestock Raising. No Lca Method Exhaustively Takes Into Account All The Dimensions Of Biodiversity Due To Its Complexity Involving Species Density, Richness And Diversity. Given The Availability Of Data And The Existing Real Cost Methodology, We Use The Species Richness Metric."
Eco-costs of land-use (brazil),chf/m2,"For the eco-costs of land-use in tropical forests (biodegradation), the prevention costs of biodiversity have been calculated for the prevention of the production of palm oil from palm oil plantations in Indonesia (which is one of the most appalling situations of degrading biodiversity). The prevention measure here is to stop the palm oil production and replace that by oil from agricultural waste (biobased oil by pyrolysis of waste). These prevention costs are estimated at 6.87 €/m2 in 2024 (in 2022 it was 6 €/m2), applied to land with a biodiversity of 4000 vascular species per 10.000 km2 (case: Sumatra and a big part of Kalimantang). The degradation of 4000 species per 10.000 km2 is set as the norm for palm oil plantations: biodiversity factor = 1. Other countries are compared to this norm with a biodiversity factor. (https://www.ecocostsvalue.com/ecocosts/eco-costs-land-use/)","Eco-costs Of Land-use [chf/m2] Express The Direct Impacts On Biodiversity. Biodiversity Make Contributions To Mankind Through A Wide Range Of Services, Including Habitat Creation, Human And Animal Nutrition, Pollination, Soil Protection And The Regulation Of Air Quality, Climate And Ocean Acidification. However, Over The Last 50 Years, Biodiversity Is Suffering From Irreversible Impacts And Extinction, Whereby E.g. Wild Animal Populations Have Declined By 69%. The Main Drivers Of Biodiversity Loss Are Changes In Land And Sea Use, Direct Exploitation Of Organisms, Climate Change, Pollution And Invasive Species.. Agricultural Expansion Is The Most Widespread Type Of Land-use Change, With More Than A Third Of The Earth’s Surface Devoted To Crop Or Livestock Raising. No Lca Method Exhaustively Takes Into Account All The Dimensions Of Biodiversity Due To Its Complexity Involving Species Density, Richness And Diversity. Given The Availability Of Data And The Existing Real Cost Methodology, We Use The Species Richness Metric."
"Eco-costs of land-use (Brazil), deforestation-related",m²/kg,"For the eco-costs of land-use in tropical forests (biodegradation), the prevention costs of biodiversity have been calculated for the prevention of the production of palm oil from palm oil plantations in Indonesia (which is one of the most appalling situations of degrading biodiversity). The prevention measure here is to stop the palm oil production and replace that by oil from agricultural waste (biobased oil by pyrolysis of waste). These prevention costs are estimated at 6.87 €/m2 in 2024 (in 2022 it was 6 €/m2), applied to land with a biodiversity of 4000 vascular species per 10.000 km2 (case: Sumatra and a big part of Kalimantang). The degradation of 4000 species per 10.000 km2 is set as the norm for palm oil plantations: biodiversity factor = 1. Other countries are compared to this norm with a biodiversity factor. (https://www.ecocostsvalue.com/ecocosts/eco-costs-land-use/)","The Eco-cost Of Land Use Is An Environmental Impact Assessment Metric That Quantifies The Cost Of Using Land For Human Activities, Particularly In Agriculture, Forestry, And Urban Development. It Reflects The Loss Of Biodiversity, Soil Degradation, And Ecosystem Services Due To Land Occupation And Transformation                                                                                                          "
"Eco-costs of land-use (Brazil), practice-related",m²/kg,"For the eco-costs of land-use in tropical forests (biodegradation), the prevention costs of biodiversity have been calculated for the prevention of the production of palm oil from palm oil plantations in Indonesia (which is one of the most appalling situations of degrading biodiversity). The prevention measure here is to stop the palm oil production and replace that by oil from agricultural waste (biobased oil by pyrolysis of waste). These prevention costs are estimated at 6.87 €/m2 in 2024 (in 2022 it was 6 €/m2), applied to land with a biodiversity of 4000 vascular species per 10.000 km2 (case: Sumatra and a big part of Kalimantang). The degradation of 4000 species per 10.000 km2 is set as the norm for palm oil plantations: biodiversity factor = 1. Other countries are compared to this norm with a biodiversity factor. (https://www.ecocostsvalue.com/ecocosts/eco-costs-land-use/)","The Eco-cost Of Land Use Is An Environmental Impact Assessment Metric That Quantifies The Cost Of Using Land For Human Activities, Particularly In Agriculture, Forestry, And Urban Development. It Reflects The Loss Of Biodiversity, Soil Degradation, And Ecosystem Services Due To Land Occupation And Transformation                                                                                                          "
"Eco-costs of land-use (Colombia), deforestation-related",m²/kg,"For the eco-costs of land-use in tropical forests (biodegradation), the prevention costs of biodiversity have been calculated for the prevention of the production of palm oil from palm oil plantations in Indonesia (which is one of the most appalling situations of degrading biodiversity). The prevention measure here is to stop the palm oil production and replace that by oil from agricultural waste (biobased oil by pyrolysis of waste). These prevention costs are estimated at 6.87 €/m2 in 2024 (in 2022 it was 6 €/m2), applied to land with a biodiversity of 4000 vascular species per 10.000 km2 (case: Sumatra and a big part of Kalimantang). The degradation of 4000 species per 10.000 km2 is set as the norm for palm oil plantations: biodiversity factor = 1. Other countries are compared to this norm with a biodiversity factor. (https://www.ecocostsvalue.com/ecocosts/eco-costs-land-use/)","The Eco-cost Of Land Use Is An Environmental Impact Assessment Metric That Quantifies The Cost Of Using Land For Human Activities, Particularly In Agriculture, Forestry, And Urban Development. It Reflects The Loss Of Biodiversity, Soil Degradation, And Ecosystem Services Due To Land Occupation And Transformation                                                                                                          "
"Eco-costs of land-use (Colombia), practice-related",m²/kg,"For the eco-costs of land-use in tropical forests (biodegradation), the prevention costs of biodiversity have been calculated for the prevention of the production of palm oil from palm oil plantations in Indonesia (which is one of the most appalling situations of degrading biodiversity). The prevention measure here is to stop the palm oil production and replace that by oil from agricultural waste (biobased oil by pyrolysis of waste). These prevention costs are estimated at 6.87 €/m2 in 2024 (in 2022 it was 6 €/m2), applied to land with a biodiversity of 4000 vascular species per 10.000 km2 (case: Sumatra and a big part of Kalimantang). The degradation of 4000 species per 10.000 km2 is set as the norm for palm oil plantations: biodiversity factor = 1. Other countries are compared to this norm with a biodiversity factor. (https://www.ecocostsvalue.com/ecocosts/eco-costs-land-use/)","The Eco-cost Of Land Use Is An Environmental Impact Assessment Metric That Quantifies The Cost Of Using Land For Human Activities, Particularly In Agriculture, Forestry, And Urban Development. It Reflects The Loss Of Biodiversity, Soil Degradation, And Ecosystem Services Due To Land Occupation And Transformation                                                                                                          "
"Eco-costs of land-use (Ecuador), deforestation-related",m²/kg,"For the eco-costs of land-use in tropical forests (biodegradation), the prevention costs of biodiversity have been calculated for the prevention of the production of palm oil from palm oil plantations in Indonesia (which is one of the most appalling situations of degrading biodiversity). The prevention measure here is to stop the palm oil production and replace that by oil from agricultural waste (biobased oil by pyrolysis of waste). These prevention costs are estimated at 6.87 €/m2 in 2024 (in 2022 it was 6 €/m2), applied to land with a biodiversity of 4000 vascular species per 10.000 km2 (case: Sumatra and a big part of Kalimantang). The degradation of 4000 species per 10.000 km2 is set as the norm for palm oil plantations: biodiversity factor = 1. Other countries are compared to this norm with a biodiversity factor. (https://www.ecocostsvalue.com/ecocosts/eco-costs-land-use/)","The Eco-cost Of Land Use Is An Environmental Impact Assessment Metric That Quantifies The Cost Of Using Land For Human Activities, Particularly In Agriculture, Forestry, And Urban Development. It Reflects The Loss Of Biodiversity, Soil Degradation, And Ecosystem Services Due To Land Occupation And Transformation                                                                                                          "
"Eco-costs of land-use (Ecuador), practice-related",m²/kg,"For the eco-costs of land-use in tropical forests (biodegradation), the prevention costs of biodiversity have been calculated for the prevention of the production of palm oil from palm oil plantations in Indonesia (which is one of the most appalling situations of degrading biodiversity). The prevention measure here is to stop the palm oil production and replace that by oil from agricultural waste (biobased oil by pyrolysis of waste). These prevention costs are estimated at 6.87 €/m2 in 2024 (in 2022 it was 6 €/m2), applied to land with a biodiversity of 4000 vascular species per 10.000 km2 (case: Sumatra and a big part of Kalimantang). The degradation of 4000 species per 10.000 km2 is set as the norm for palm oil plantations: biodiversity factor = 1. Other countries are compared to this norm with a biodiversity factor. (https://www.ecocostsvalue.com/ecocosts/eco-costs-land-use/)","The Eco-cost Of Land Use Is An Environmental Impact Assessment Metric That Quantifies The Cost Of Using Land For Human Activities, Particularly In Agriculture, Forestry, And Urban Development. It Reflects The Loss Of Biodiversity, Soil Degradation, And Ecosystem Services Due To Land Occupation And Transformation                                                                                                          "
"Eco-costs of land-use (Ethiopia), deforestation-related",m²/kg,"For the eco-costs of land-use in tropical forests (biodegradation), the prevention costs of biodiversity have been calculated for the prevention of the production of palm oil from palm oil plantations in Indonesia (which is one of the most appalling situations of degrading biodiversity). The prevention measure here is to stop the palm oil production and replace that by oil from agricultural waste (biobased oil by pyrolysis of waste). These prevention costs are estimated at 6.87 €/m2 in 2024 (in 2022 it was 6 €/m2), applied to land with a biodiversity of 4000 vascular species per 10.000 km2 (case: Sumatra and a big part of Kalimantang). The degradation of 4000 species per 10.000 km2 is set as the norm for palm oil plantations: biodiversity factor = 1. Other countries are compared to this norm with a biodiversity factor. (https://www.ecocostsvalue.com/ecocosts/eco-costs-land-use/)","The Eco-cost Of Land Use Is An Environmental Impact Assessment Metric That Quantifies The Cost Of Using Land For Human Activities, Particularly In Agriculture, Forestry, And Urban Development. It Reflects The Loss Of Biodiversity, Soil Degradation, And Ecosystem Services Due To Land Occupation And Transformation                                                                                                          "
"Eco-costs of land-use (Ethiopia), practice-related",m²/kg,"For the eco-costs of land-use in tropical forests (biodegradation), the prevention costs of biodiversity have been calculated for the prevention of the production of palm oil from palm oil plantations in Indonesia (which is one of the most appalling situations of degrading biodiversity). The prevention measure here is to stop the palm oil production and replace that by oil from agricultural waste (biobased oil by pyrolysis of waste). These prevention costs are estimated at 6.87 €/m2 in 2024 (in 2022 it was 6 €/m2), applied to land with a biodiversity of 4000 vascular species per 10.000 km2 (case: Sumatra and a big part of Kalimantang). The degradation of 4000 species per 10.000 km2 is set as the norm for palm oil plantations: biodiversity factor = 1. Other countries are compared to this norm with a biodiversity factor. (https://www.ecocostsvalue.com/ecocosts/eco-costs-land-use/)","The Eco-cost Of Land Use Is An Environmental Impact Assessment Metric That Quantifies The Cost Of Using Land For Human Activities, Particularly In Agriculture, Forestry, And Urban Development. It Reflects The Loss Of Biodiversity, Soil Degradation, And Ecosystem Services Due To Land Occupation And Transformation                                                                                                          "
"Eco-costs of land-use (France), deforestation-related",m²/kg,"For the eco-costs of land-use in tropical forests (biodegradation), the prevention costs of biodiversity have been calculated for the prevention of the production of palm oil from palm oil plantations in Indonesia (which is one of the most appalling situations of degrading biodiversity). The prevention measure here is to stop the palm oil production and replace that by oil from agricultural waste (biobased oil by pyrolysis of waste). These prevention costs are estimated at 6.87 €/m2 in 2024 (in 2022 it was 6 €/m2), applied to land with a biodiversity of 4000 vascular species per 10.000 km2 (case: Sumatra and a big part of Kalimantang). The degradation of 4000 species per 10.000 km2 is set as the norm for palm oil plantations: biodiversity factor = 1. Other countries are compared to this norm with a biodiversity factor. (https://www.ecocostsvalue.com/ecocosts/eco-costs-land-use/)","The Eco-cost Of Land Use Is An Environmental Impact Assessment Metric That Quantifies The Cost Of Using Land For Human Activities, Particularly In Agriculture, Forestry, And Urban Development. It Reflects The Loss Of Biodiversity, Soil Degradation, And Ecosystem Services Due To Land Occupation And Transformation                                                                                                          "
"Eco-costs of land-use (France), practice-related",m²/kg,"For the eco-costs of land-use in tropical forests (biodegradation), the prevention costs of biodiversity have been calculated for the prevention of the production of palm oil from palm oil plantations in Indonesia (which is one of the most appalling situations of degrading biodiversity). The prevention measure here is to stop the palm oil production and replace that by oil from agricultural waste (biobased oil by pyrolysis of waste). These prevention costs are estimated at 6.87 €/m2 in 2024 (in 2022 it was 6 €/m2), applied to land with a biodiversity of 4000 vascular species per 10.000 km2 (case: Sumatra and a big part of Kalimantang). The degradation of 4000 species per 10.000 km2 is set as the norm for palm oil plantations: biodiversity factor = 1. Other countries are compared to this norm with a biodiversity factor. (https://www.ecocostsvalue.com/ecocosts/eco-costs-land-use/)","The Eco-cost Of Land Use Is An Environmental Impact Assessment Metric That Quantifies The Cost Of Using Land For Human Activities, Particularly In Agriculture, Forestry, And Urban Development. It Reflects The Loss Of Biodiversity, Soil Degradation, And Ecosystem Services Due To Land Occupation And Transformation                                                                                                          "
Eco-costs of land-use (honduras),chf/m2,"For the eco-costs of land-use in tropical forests (biodegradation), the prevention costs of biodiversity have been calculated for the prevention of the production of palm oil from palm oil plantations in Indonesia (which is one of the most appalling situations of degrading biodiversity). The prevention measure here is to stop the palm oil production and replace that by oil from agricultural waste (biobased oil by pyrolysis of waste). These prevention costs are estimated at 6.87 €/m2 in 2024 (in 2022 it was 6 €/m2), applied to land with a biodiversity of 4000 vascular species per 10.000 km2 (case: Sumatra and a big part of Kalimantang). The degradation of 4000 species per 10.000 km2 is set as the norm for palm oil plantations: biodiversity factor = 1. Other countries are compared to this norm with a biodiversity factor. (https://www.ecocostsvalue.com/ecocosts/eco-costs-land-use/)","Eco-costs Of Land-use [chf/m2] Express The Direct Impacts On Biodiversity. Biodiversity Make Contributions To Mankind Through A Wide Range Of Services, Including Habitat Creation, Human And Animal Nutrition, Pollination, Soil Protection And The Regulation Of Air Quality, Climate And Ocean Acidification. However, Over The Last 50 Years, Biodiversity Is Suffering From Irreversible Impacts And Extinction, Whereby E.g. Wild Animal Populations Have Declined By 69%. The Main Drivers Of Biodiversity Loss Are Changes In Land And Sea Use, Direct Exploitation Of Organisms, Climate Change, Pollution And Invasive Species.. Agricultural Expansion Is The Most Widespread Type Of Land-use Change, With More Than A Third Of The Earth’s Surface Devoted To Crop Or Livestock Raising. No Lca Method Exhaustively Takes Into Account All The Dimensions Of Biodiversity Due To Its Complexity Involving Species Density, Richness And Diversity. Given The Availability Of Data And The Existing Real Cost Methodology, We Use The Species Richness Metric."
"Eco-costs of land-use (India), deforestation-related",m²/kg,"For the eco-costs of land-use in tropical forests (biodegradation), the prevention costs of biodiversity have been calculated for the prevention of the production of palm oil from palm oil plantations in Indonesia (which is one of the most appalling situations of degrading biodiversity). The prevention measure here is to stop the palm oil production and replace that by oil from agricultural waste (biobased oil by pyrolysis of waste). These prevention costs are estimated at 6.87 €/m2 in 2024 (in 2022 it was 6 €/m2), applied to land with a biodiversity of 4000 vascular species per 10.000 km2 (case: Sumatra and a big part of Kalimantang). The degradation of 4000 species per 10.000 km2 is set as the norm for palm oil plantations: biodiversity factor = 1. Other countries are compared to this norm with a biodiversity factor. (https://www.ecocostsvalue.com/ecocosts/eco-costs-land-use/)","The Eco-cost Of Land Use Is An Environmental Impact Assessment Metric That Quantifies The Cost Of Using Land For Human Activities, Particularly In Agriculture, Forestry, And Urban Development. It Reflects The Loss Of Biodiversity, Soil Degradation, And Ecosystem Services Due To Land Occupation And Transformation                                                                                                          "
"Eco-costs of land-use (India), practice-related",m²/kg,"For the eco-costs of land-use in tropical forests (biodegradation), the prevention costs of biodiversity have been calculated for the prevention of the production of palm oil from palm oil plantations in Indonesia (which is one of the most appalling situations of degrading biodiversity). The prevention measure here is to stop the palm oil production and replace that by oil from agricultural waste (biobased oil by pyrolysis of waste). These prevention costs are estimated at 6.87 €/m2 in 2024 (in 2022 it was 6 €/m2), applied to land with a biodiversity of 4000 vascular species per 10.000 km2 (case: Sumatra and a big part of Kalimantang). The degradation of 4000 species per 10.000 km2 is set as the norm for palm oil plantations: biodiversity factor = 1. Other countries are compared to this norm with a biodiversity factor. (https://www.ecocostsvalue.com/ecocosts/eco-costs-land-use/)","The Eco-cost Of Land Use Is An Environmental Impact Assessment Metric That Quantifies The Cost Of Using Land For Human Activities, Particularly In Agriculture, Forestry, And Urban Development. It Reflects The Loss Of Biodiversity, Soil Degradation, And Ecosystem Services Due To Land Occupation And Transformation                                                                                                          "
Eco-costs of land-use (ivory cost),chf/m2,"For the eco-costs of land-use in tropical forests (biodegradation), the prevention costs of biodiversity have been calculated for the prevention of the production of palm oil from palm oil plantations in Indonesia (which is one of the most appalling situations of degrading biodiversity). The prevention measure here is to stop the palm oil production and replace that by oil from agricultural waste (biobased oil by pyrolysis of waste). These prevention costs are estimated at 6.87 €/m2 in 2024 (in 2022 it was 6 €/m2), applied to land with a biodiversity of 4000 vascular species per 10.000 km2 (case: Sumatra and a big part of Kalimantang). The degradation of 4000 species per 10.000 km2 is set as the norm for palm oil plantations: biodiversity factor = 1. Other countries are compared to this norm with a biodiversity factor. (https://www.ecocostsvalue.com/ecocosts/eco-costs-land-use/)","Eco-costs Of Land-use [chf/m2] Express The Direct Impacts On Biodiversity. Biodiversity Make Contributions To Mankind Through A Wide Range Of Services, Including Habitat Creation, Human And Animal Nutrition, Pollination, Soil Protection And The Regulation Of Air Quality, Climate And Ocean Acidification. However, Over The Last 50 Years, Biodiversity Is Suffering From Irreversible Impacts And Extinction, Whereby E.g. Wild Animal Populations Have Declined By 69%. The Main Drivers Of Biodiversity Loss Are Changes In Land And Sea Use, Direct Exploitation Of Organisms, Climate Change, Pollution And Invasive Species.. Agricultural Expansion Is The Most Widespread Type Of Land-use Change, With More Than A Third Of The Earth’s Surface Devoted To Crop Or Livestock Raising. No Lca Method Exhaustively Takes Into Account All The Dimensions Of Biodiversity Due To Its Complexity Involving Species Density, Richness And Diversity. Given The Availability Of Data And The Existing Real Cost Methodology, We Use The Species Richness Metric."
"Eco-costs of land-use (Switzerland), deforestation-related",m²/kg,"For the eco-costs of land-use in tropical forests (biodegradation), the prevention costs of biodiversity have been calculated for the prevention of the production of palm oil from palm oil plantations in Indonesia (which is one of the most appalling situations of degrading biodiversity). The prevention measure here is to stop the palm oil production and replace that by oil from agricultural waste (biobased oil by pyrolysis of waste). These prevention costs are estimated at 6.87 €/m2 in 2024 (in 2022 it was 6 €/m2), applied to land with a biodiversity of 4000 vascular species per 10.000 km2 (case: Sumatra and a big part of Kalimantang). The degradation of 4000 species per 10.000 km2 is set as the norm for palm oil plantations: biodiversity factor = 1. Other countries are compared to this norm with a biodiversity factor. (https://www.ecocostsvalue.com/ecocosts/eco-costs-land-use/)","The Eco-cost Of Land Use Is An Environmental Impact Assessment Metric That Quantifies The Cost Of Using Land For Human Activities, Particularly In Agriculture, Forestry, And Urban Development. It Reflects The Loss Of Biodiversity, Soil Degradation, And Ecosystem Services Due To Land Occupation And Transformation                                                                                                          "
"Eco-costs of land-use (Switzerland), practice-related",m²/kg,"For the eco-costs of land-use in tropical forests (biodegradation), the prevention costs of biodiversity have been calculated for the prevention of the production of palm oil from palm oil plantations in Indonesia (which is one of the most appalling situations of degrading biodiversity). The prevention measure here is to stop the palm oil production and replace that by oil from agricultural waste (biobased oil by pyrolysis of waste). These prevention costs are estimated at 6.87 €/m2 in 2024 (in 2022 it was 6 €/m2), applied to land with a biodiversity of 4000 vascular species per 10.000 km2 (case: Sumatra and a big part of Kalimantang). The degradation of 4000 species per 10.000 km2 is set as the norm for palm oil plantations: biodiversity factor = 1. Other countries are compared to this norm with a biodiversity factor. (https://www.ecocostsvalue.com/ecocosts/eco-costs-land-use/)","The Eco-cost Of Land Use Is An Environmental Impact Assessment Metric That Quantifies The Cost Of Using Land For Human Activities, Particularly In Agriculture, Forestry, And Urban Development. It Reflects The Loss Of Biodiversity, Soil Degradation, And Ecosystem Services Due To Land Occupation And Transformation                                                                                                          "
"Eco-costs of land-use (United states of america), deforestation-related",m²/kg,"For the eco-costs of land-use in tropical forests (biodegradation), the prevention costs of biodiversity have been calculated for the prevention of the production of palm oil from palm oil plantations in Indonesia (which is one of the most appalling situations of degrading biodiversity). The prevention measure here is to stop the palm oil production and replace that by oil from agricultural waste (biobased oil by pyrolysis of waste). These prevention costs are estimated at 6.87 €/m2 in 2024 (in 2022 it was 6 €/m2), applied to land with a biodiversity of 4000 vascular species per 10.000 km2 (case: Sumatra and a big part of Kalimantang). The degradation of 4000 species per 10.000 km2 is set as the norm for palm oil plantations: biodiversity factor = 1. Other countries are compared to this norm with a biodiversity factor. (https://www.ecocostsvalue.com/ecocosts/eco-costs-land-use/)","The Eco-cost Of Land Use Is An Environmental Impact Assessment Metric That Quantifies The Cost Of Using Land For Human Activities, Particularly In Agriculture, Forestry, And Urban Development. It Reflects The Loss Of Biodiversity, Soil Degradation, And Ecosystem Services Due To Land Occupation And Transformation                                                                                                          "
"Eco-costs of land-use (United states of america), practice-related",m²/kg,"For the eco-costs of land-use in tropical forests (biodegradation), the prevention costs of biodiversity have been calculated for the prevention of the production of palm oil from palm oil plantations in Indonesia (which is one of the most appalling situations of degrading biodiversity). The prevention measure here is to stop the palm oil production and replace that by oil from agricultural waste (biobased oil by pyrolysis of waste). These prevention costs are estimated at 6.87 €/m2 in 2024 (in 2022 it was 6 €/m2), applied to land with a biodiversity of 4000 vascular species per 10.000 km2 (case: Sumatra and a big part of Kalimantang). The degradation of 4000 species per 10.000 km2 is set as the norm for palm oil plantations: biodiversity factor = 1. Other countries are compared to this norm with a biodiversity factor. (https://www.ecocostsvalue.com/ecocosts/eco-costs-land-use/)","The Eco-cost Of Land Use Is An Environmental Impact Assessment Metric That Quantifies The Cost Of Using Land For Human Activities, Particularly In Agriculture, Forestry, And Urban Development. It Reflects The Loss Of Biodiversity, Soil Degradation, And Ecosystem Services Due To Land Occupation And Transformation                                                                                                          "
Endosulfan,mg/kg,Prevention costs : the cost of treating a kidney patient for ine year (True Cost Accounting Agrifood Handbook),"Endosulfan [mg/kg] Is A Pesticide Used During Cultivation, For Which Residues Can Be Left On The Product And Therefore Ingested By The Consumer, Causing Negative Health Externalities.                                                                                                                            "
Endrin,mg/kg,Prevention costs : the cost of treating a kidney patient for ine year (True Cost Accounting Agrifood Handbook),"Endrin [mg/kg] Is A Pesticide Used During Cultivation, For Which Residues Can Be Left On The Product And Therefore Ingested By The Consumer, Causing Negative Health Externalities.                                                                                                                            "
Epoxiconazole,mg/kg,Prevention costs : the cost of treating a kidney patient for ine year (True Cost Accounting Agrifood Handbook),"Epoxiconazole [mg/kg] Is A Pesticide Used During Cultivation, For Which Residues Can Be Left On The Product And Therefore Ingested By The Consumer, Causing Negative Health Externalities.                                                                                                                            "
Ethametsulfuron-methyl,mg/kg,Prevention costs : the cost of treating a kidney patient for ine year (True Cost Accounting Agrifood Handbook),"Ethametsulfuron-methyl [mg/kg] Is A Pesticide Used During Cultivation, For Which Residues Can Be Left On The Product And Therefore Ingested By The Consumer, Causing Negative Health Externalities.                                                                                                                            "
Ethephon,mg/kg,Prevention costs : the cost of treating a kidney patient for ine year (True Cost Accounting Agrifood Handbook),"Ethephon [mg/kg] Is A Pesticide Used During Cultivation, For Which Residues Can Be Left On The Product And Therefore Ingested By The Consumer, Causing Negative Health Externalities.                                                                                                                            "
Ethion,mg/kg,Prevention costs : the cost of treating a kidney patient for ine year (True Cost Accounting Agrifood Handbook),"Ethion [mg/kg] Is A Pesticide Used During Cultivation, For Which Residues Can Be Left On The Product And Therefore Ingested By The Consumer, Causing Negative Health Externalities.                                                                                                                            "
Ethoprophos,mg/kg,Prevention costs : the cost of treating a kidney patient for ine year (True Cost Accounting Agrifood Handbook),"Ethoprophos [mg/kg] Is A Pesticide Used During Cultivation, For Which Residues Can Be Left On The Product And Therefore Ingested By The Consumer, Causing Negative Health Externalities.                                                                                                                            "
Ethoxyquin,mg/kg,Prevention costs : the cost of treating a kidney patient for ine year (True Cost Accounting Agrifood Handbook),"Ethoxyquin [mg/kg] Is A Pesticide Used During Cultivation, For Which Residues Can Be Left On The Product And Therefore Ingested By The Consumer, Causing Negative Health Externalities.                                                                                                                            "
Ethoxysulfuron,mg/kg,Prevention costs : the cost of treating a kidney patient for ine year (True Cost Accounting Agrifood Handbook),"Ethoxysulfuron [mg/kg] Is A Pesticide Used During Cultivation, For Which Residues Can Be Left On The Product And Therefore Ingested By The Consumer, Causing Negative Health Externalities.                                                                                                                            "
Etofenprox,mg/kg,Prevention costs : the cost of treating a kidney patient for ine year (True Cost Accounting Agrifood Handbook),"Etofenprox [mg/kg] Is A Pesticide Used During Cultivation, For Which Residues Can Be Left On The Product And Therefore Ingested By The Consumer, Causing Negative Health Externalities.                                                                                                                            "
Etoxazole,mg/kg,Prevention costs : the cost of treating a kidney patient for ine year (True Cost Accounting Agrifood Handbook),"Etoxazole [mg/kg] Is A Pesticide Used During Cultivation, For Which Residues Can Be Left On The Product And Therefore Ingested By The Consumer, Causing Negative Health Externalities.                                                                                                                            "
Excessive and underpaid overtime,fte/kg,"A combination of compensation, prevention, and retribution costs. The compensation cost represents the wage gap due to underpaid overtime, corrected for an increase in consumer prices (annual inflation)due to delayed income. The prevention cost expresses the cost of generic auditing setup, to prevent future instances. The retribution cost represents a penalty cost for overtime work above the maximum legal limit or paid under legal requirements based on the weighted average of penalties from various countries that expresses a global penalty. (True Price 2023)","Excessive And Underpaid Overtime [fte/kg] Expressed In Full-time Equivalents Per Kilogram (fte/kg), Measures The Amount Of Unpaid Or Inadequately Compensated Overtime Work Relative To The Output Produced In A Given Context, Such As In The Agricultural Sector. This Metric Highlights Labor Practices That Exploit Workers By Requiring Them To Work Beyond Standard Hours Without Fair Compensation.                                                                                               "
Famoxadone,mg/kg,Prevention costs : the cost of treating a kidney patient for ine year (True Cost Accounting Agrifood Handbook),"Famoxadone [mg/kg] Is A Pesticide Used During Cultivation, For Which Residues Can Be Left On The Product And Therefore Ingested By The Consumer, Causing Negative Health Externalities.                                                                                                                            "
Fatal occupational incidents,incidents/kg,"A combination of compensation, prevention, and retribution costs. The compensation cost represents the average cost of medical expenses for occupational injuries not covered by the employer estimated from Dutch data and adapted to other countries using value transfer (RIVM, 2022; Stam, C. & Blatter, B., 2020; WHO, 2021), the value of health (DALY) loss in the case of non-fatal incidents and the VSL in the cause of fatal incidents as a compensation to the family of the victim (Biausque, 2012). The prevention cost expresses the cost of generic auditing setup, to prevent future instances. The retribution costs represent a penalty for the cases in which workers perform their duties in conditions which violate Health and Safety regulations, which is based on the weighted average of penalties from various countries that expresses a global penalty. (True Price 2023)","Fatal Occupational Incidents [incidents/kg] Quantify The Number Of Fatal Workplace Accidents Relative To The Amount Of Product Produced Or Processed, Often In Industries Such As Manufacturing, Agriculture, Or Construction. This Metric Is Important Because It Provides Insight Into The Safety Performance Of An Industry Or Organization By Linking Worker Fatalities To Production Levels.                                                                                                  "
Female workers without maternity leave provision,USD/kg,"The cost includes compensation, prevention, and retribution. Compensation covers lost income from maternity paid leave, adjusted for inflation. Prevention funds auditing to prevent future violations. Retribution applies apenalty for lack of legally required maternity leaves","Tracks The Number Of Women Employed Without Access To Maternity Leave, Reflecting Gender-based Labor Rights Gaps.                                                                                                                                       "
Fenamidone,mg/kg,Prevention costs : the cost of treating a kidney patient for ine year (True Cost Accounting Agrifood Handbook),"Fenamidone [mg/kg] Is A Pesticide Used During Cultivation, For Which Residues Can Be Left On The Product And Therefore Ingested By The Consumer, Causing Negative Health Externalities.                                                                                                                            "
Fenarimol,mg/kg,Prevention costs : the cost of treating a kidney patient for ine year (True Cost Accounting Agrifood Handbook),"Fenarimol [mg/kg] Is A Pesticide Used During Cultivation, For Which Residues Can Be Left On The Product And Therefore Ingested By The Consumer, Causing Negative Health Externalities.                                                                                                                            "
Fenazaquin,mg/kg,Prevention costs : the cost of treating a kidney patient for ine year (True Cost Accounting Agrifood Handbook),"Fenazaquin [mg/kg] Is A Pesticide Used During Cultivation, For Which Residues Can Be Left On The Product And Therefore Ingested By The Consumer, Causing Negative Health Externalities.                                                                                                                            "
Fenbutatin oxide,mg/kg,Prevention costs : the cost of treating a kidney patient for ine year (True Cost Accounting Agrifood Handbook),"Fenbutatin Oxide [mg/kg] Is A Pesticide Used During Cultivation, For Which Residues Can Be Left On The Product And Therefore Ingested By The Consumer, Causing Negative Health Externalities.                                                                                                                           "
Fenhexamid,mg/kg,Prevention costs : the cost of treating a kidney patient for ine year (True Cost Accounting Agrifood Handbook),"Fenhexamid [mg/kg] Is A Pesticide Used During Cultivation, For Which Residues Can Be Left On The Product And Therefore Ingested By The Consumer, Causing Negative Health Externalities.                                                                                                                            "
Fenitrothion,mg/kg,Prevention costs : the cost of treating a kidney patient for ine year (True Cost Accounting Agrifood Handbook),"Fenitrothion [mg/kg] Is A Pesticide Used During Cultivation, For Which Residues Can Be Left On The Product And Therefore Ingested By The Consumer, Causing Negative Health Externalities.                                                                                                                            "
Fenoxaprop-p,mg/kg,Prevention costs : the cost of treating a kidney patient for ine year (True Cost Accounting Agrifood Handbook),"Fenoxaprop-p [mg/kg] Is A Pesticide Used During Cultivation, For Which Residues Can Be Left On The Product And Therefore Ingested By The Consumer, Causing Negative Health Externalities.                                                                                                                            "
Fenpropathrin,mg/kg,Prevention costs : the cost of treating a kidney patient for ine year (True Cost Accounting Agrifood Handbook),"Fenpropathrin [mg/kg] Is A Pesticide Used During Cultivation, For Which Residues Can Be Left On The Product And Therefore Ingested By The Consumer, Causing Negative Health Externalities.                                                                                                                            "
Fenpyroximate,mg/kg,Prevention costs : the cost of treating a kidney patient for ine year (True Cost Accounting Agrifood Handbook),"Fenpyroximate [mg/kg] Is A Pesticide Used During Cultivation, For Which Residues Can Be Left On The Product And Therefore Ingested By The Consumer, Causing Negative Health Externalities.                                                                                                                            "
Fenvalerate,mg/kg,Prevention costs : the cost of treating a kidney patient for ine year (True Cost Accounting Agrifood Handbook),"Fenvalerate [mg/kg] Is A Pesticide Used During Cultivation, For Which Residues Can Be Left On The Product And Therefore Ingested By The Consumer, Causing Negative Health Externalities.                                                                                                                            "
Fine particulate matter formation,kg pm2.5 eq,"A compensation cost which expresses the social cost of pollution and indicates the occurring loss of economic welfare when pollutants are emitted to the environment, looking at human health damage (morbidity, i.e., sickness and disease, and premature mortality). The endpoint valuation of human health is based on valuation of a DALY (Disability Adjusted Life Year) as described above for Human Toxicity. Recipe 2016 midpoint to endpoint conversion factors for PM formation are utilised to derive the monetisation factors (Huijbregts et al., 2016). At midpoint level, the indicator has only global monetisation. Country-specific conversion factors can be derived for individual gases (NOx, SOx, NMVOC), with the method described in (Galgani, Woltjer, et al., 2023). (True Price 2023)","Fine Particulate Matter Formation [kg Pm2.5 Eq] Refers To The Quantification Of Air Pollution Caused By The Release Of Fine Particulate Matter (pm2.5), Which Are Particles Smaller Than 2.5 Micrometers In Diameter. These Particles Are Typically Formed Through Industrial Processes, Combustion Of Fossil Fuels, And Chemical Reactions In The Atmosphere. Pm2.5 Is A Major Concern For Both Environmental And Human Health As It Can Penetrate Deep Into The Lungs, Leading To Respiratory And Cardiovascular Diseases, And Can Also Cause Environmental Degradation, Like Smog Formation And Reduced Air Quality.                                                               "
Fipronil,mg/kg,Prevention costs : the cost of treating a kidney patient for ine year (True Cost Accounting Agrifood Handbook),"Fipronil [mg/kg] Is A Pesticide Used During Cultivation, For Which Residues Can Be Left On The Product And Therefore Ingested By The Consumer, Causing Negative Health Externalities.                                                                                                                            "
Florasulam,mg/kg,Prevention costs : the cost of treating a kidney patient for ine year (True Cost Accounting Agrifood Handbook),"Florasulam [mg/kg] Is A Pesticide Used During Cultivation, For Which Residues Can Be Left On The Product And Therefore Ingested By The Consumer, Causing Negative Health Externalities.                                                                                                                            "
Fluazifop-p-butyl,mg/kg,Prevention costs : the cost of treating a kidney patient for ine year (True Cost Accounting Agrifood Handbook),"Fluazifop-p-butyl [mg/kg] Is A Pesticide Used During Cultivation, For Which Residues Can Be Left On The Product And Therefore Ingested By The Consumer, Causing Negative Health Externalities.                                                                                                                            "
Flubendiamide,mg/kg,Prevention costs : the cost of treating a kidney patient for ine year (True Cost Accounting Agrifood Handbook),"Flubendiamide [mg/kg] Is A Pesticide Used During Cultivation, For Which Residues Can Be Left On The Product And Therefore Ingested By The Consumer, Causing Negative Health Externalities.                                                                                                                            "
Fluensulfone,mg/kg,Prevention costs : the cost of treating a kidney patient for ine year (True Cost Accounting Agrifood Handbook),"Fluensulfone [mg/kg] Is A Pesticide Used During Cultivation, For Which Residues Can Be Left On The Product And Therefore Ingested By The Consumer, Causing Negative Health Externalities.                                                                                                                            "
Flufenoxuron,mg/kg,Prevention costs : the cost of treating a kidney patient for ine year (True Cost Accounting Agrifood Handbook),"Flufenoxuron [mg/kg] Is A Pesticide Used During Cultivation, For Which Residues Can Be Left On The Product And Therefore Ingested By The Consumer, Causing Negative Health Externalities.                                                                                                                            "
Fluometuron,mg/kg,Prevention costs : the cost of treating a kidney patient for ine year (True Cost Accounting Agrifood Handbook),"Fluometuron [mg/kg] Is A Pesticide Used During Cultivation, For Which Residues Can Be Left On The Product And Therefore Ingested By The Consumer, Causing Negative Health Externalities.                                                                                                                            "
Fluopicolide,mg/kg,Prevention costs : the cost of treating a kidney patient for ine year (True Cost Accounting Agrifood Handbook),"Fluopicolide [mg/kg] Is A Pesticide Used During Cultivation, For Which Residues Can Be Left On The Product And Therefore Ingested By The Consumer, Causing Negative Health Externalities.                                                                                                                            "
Flupyradifurone,mg/kg,Prevention costs : the cost of treating a kidney patient for ine year (True Cost Accounting Agrifood Handbook),"Flupyradifurone [mg/kg] Is A Pesticide Used During Cultivation, For Which Residues Can Be Left On The Product And Therefore Ingested By The Consumer, Causing Negative Health Externalities.                                                                                                                            "
Flusilazole,mg/kg,Prevention costs : the cost of treating a kidney patient for ine year (True Cost Accounting Agrifood Handbook),"Flusilazole [mg/kg] Is A Pesticide Used During Cultivation, For Which Residues Can Be Left On The Product And Therefore Ingested By The Consumer, Causing Negative Health Externalities.                                                                                                                            "
Flutolanil,mg/kg,Prevention costs : the cost of treating a kidney patient for ine year (True Cost Accounting Agrifood Handbook),"Flutolanil [mg/kg] Is A Pesticide Used During Cultivation, For Which Residues Can Be Left On The Product And Therefore Ingested By The Consumer, Causing Negative Health Externalities.                                                                                                                            "
Flutriafol,mg/kg,Prevention costs : the cost of treating a kidney patient for ine year (True Cost Accounting Agrifood Handbook),"Flutriafol [mg/kg] Is A Pesticide Used During Cultivation, For Which Residues Can Be Left On The Product And Therefore Ingested By The Consumer, Causing Negative Health Externalities.                                                                                                                            "
Fluvalinate,mg/kg,Prevention costs : the cost of treating a kidney patient for ine year (True Cost Accounting Agrifood Handbook),"Fluvalinate [mg/kg] Is A Pesticide Used During Cultivation, For Which Residues Can Be Left On The Product And Therefore Ingested By The Consumer, Causing Negative Health Externalities.                                                                                                                            "
Fomesafen,mg/kg,Prevention costs : the cost of treating a kidney patient for ine year (True Cost Accounting Agrifood Handbook),"Fomesafen [mg/kg] Is A Pesticide Used During Cultivation, For Which Residues Can Be Left On The Product And Therefore Ingested By The Consumer, Causing Negative Health Externalities.                                                                                                                            "
Forced workers (medium severe),fte/kg,"A combination of restoration, compensation, prevention and retribution costs. The restoration cost expresses the restitution of past economic losses of forced workers in debt bondage, as well as other costs for reintegration (ILO, 2009; Kara, 2012). The compensation cost expresses the cost of lost health valued using DALY for forced workers victims of abuse (Biausque, 2012). The prevention cost expresses the cost of generic auditing setup, to prevent future instances. Finally, the retribution cost represents a penalty for instances of forced labour based on the weighted average of penalties from various countries that expresses a global penalty. Restoration, retribution, and compensation costs for harassment may also be included, if abuse exists in the specific case. (True Price 2023)","Forced Workers (medium Severe), Measured In Full-time Equivalents Per Kilogram (fte/kg), Refers To The Proportion Of Individuals Subjected To Forced Labor Conditions—specifically Those Facing Medium Severity In Terms Of Exploitation—relative To The Quantity Of Product Produced. This Metric Is Crucial For Evaluating The Prevalence Of Forced Labor In Supply Chains, Particularly In Industries Like Agriculture, Manufacturing, And Mining.                                                                                             "
Forchlorfenuron,mg/kg,Prevention costs : the cost of treating a kidney patient for ine year (True Cost Accounting Agrifood Handbook),"Forchlorfenuron [mg/kg] Is A Pesticide Used During Cultivation, For Which Residues Can Be Left On The Product And Therefore Ingested By The Consumer, Causing Negative Health Externalities.                                                                                                                            "
Formothion,mg/kg,Prevention costs : the cost of treating a kidney patient for ine year (True Cost Accounting Agrifood Handbook),"Formothion [mg/kg] Is A Pesticide Used During Cultivation, For Which Residues Can Be Left On The Product And Therefore Ingested By The Consumer, Causing Negative Health Externalities.                                                                                                                            "
Fossil depletion - fdp,kg oil-eq,"A compensation cost which expresses the future loss of economic welfare due to increased extraction costs of fossil fuels in the future (Huijbregts et al., 2016). (True Price 2023)","Fossil Depletion [kg Oil-eq] Measures The Depletion Of Non-renewable Fossil Fuel Resources, Such As Oil, Coal, And Natural Gas, Used Throughout A Product’s Life Cycle. This Category Is Expressed In Kilograms Of Oil Equivalent (kg Oil-eq), Representing The Energy Content Of The Depleted Resources. Fossil Depletion Is Important To Consider In Environmental Assessments Because The Over-extraction Of These Finite Resources Contributes To Long-term Sustainability Issues.                                                                                      "
Fossil resource scarcity,kg oil eq,"A compensation cost which expresses the future loss of economic welfare due to increased extraction costs of fossil fuels in the future (Huijbregts et al., 2016). (True Price 2023)","Fossil Resource Scarcity [kg Oil-eq] Measures The Depletion Of Non-renewable Fossil Fuel Resources, Such As Oil, Coal, And Natural Gas, Used Throughout A Product’s Life Cycle. This Category Is Expressed In Kilograms Of Oil Equivalent (kg Oil-eq), Representing The Energy Content Of The Depleted Resources. Fossil Depletion Is Important To Consider In Environmental Assessments Because The Over-extraction Of These Finite Resources Contributes To Long-term Sustainability Issues.                                                                                     "
Freshwater ecotoxicity,"kg 1,4-dcb","A compensation cost which expresses the social cost of pollution and indicates the occurring loss of economic welfare when pollutants are emitted to the environment, looking at ecosystems damage. Ecosystems damage is valued looking at the value of ecosystems services lost. The endpoint valuation of ecosystem damage represents the annual value of ecosystem services (ESS) of one hectare of nature, based on the median annual value per hectare of ecosystem services of six terrestrial biomes. These values are based on a published meta-analysis of the TEEB database (de Groot et al., 2012). Recipe 2016 midpoint to endpoint conversion factors for terrestrial, marine and freshwater ecotoxicity are utilised to derive the monetisation factors (Huijbregts et al., 2016). A global value for endpoint valuation is used rather than location specific values, due to the high uncertainty and the fact that the quantification of ecosystems damage from Recipe is not location specific (e.g., it is not specified where the damage occurs, only the size of the damage). (True Price 2023)","Freshwater Ecotoxicity [kg 1,4-dcb] Refers To The Potential Of Biological, Chemical Or Physical Stressors To Affect Freshwater Ecosystems. The Contamination Of Ecosystems By Toxic Chemicals From Human Activities Has Become A Global Problem, With Millions Of Tonnes Of Potentially Toxic Chemicals Entering The Environment Every Year. Many Of These Chemicals Produce Toxic Metabolites That Have Harmful Effects On Living Organisms And Are Liable To Bioaccumulate And Biomagnify. Pesticide Inputs To Soils And Adjacent Water Bodies Are The Result Of Agricultural Activities.                                                                      "
Freshwater ecotoxicity - fetpinf,"kg 1,4-dcb-eq","A compensation cost which expresses the social cost of pollution and indicates the occurring loss of economic welfare when pollutants are emitted to the environment, looking at ecosystems damage. Ecosystems damage is valued looking at the value of ecosystems services lost. The endpoint valuation of ecosystem damage represents the annual value of ecosystem services (ESS) of one hectare of nature, based on the median annual value per hectare of ecosystem services of six terrestrial biomes. These values are based on a published meta-analysis of the TEEB database (de Groot et al., 2012). Recipe 2016 midpoint to endpoint conversion factors for terrestrial, marine and freshwater ecotoxicity are utilised to derive the monetisation factors (Huijbregts et al., 2016). A global value for endpoint valuation is used rather than location specific values, due to the high uncertainty and the fact that the quantification of ecosystems damage from Recipe is not location specific (e.g., it is not specified where the damage occurs, only the size of the damage). (True Price 2023)","Freshwater Ecotoxicity [kg 1,4-dcb] Refers To The Potential Of Biological, Chemical Or Physical Stressors To Affect Freshwater Ecosystems. The Contamination Of Ecosystems By Toxic Chemicals From Human Activities Has Become A Global Problem, With Millions Of Tonnes Of Potentially Toxic Chemicals Entering The Environment Every Year. Many Of These Chemicals Produce Toxic Metabolites That Have Harmful Effects On Living Organisms And Are Liable To Bioaccumulate And Biomagnify. Pesticide Inputs To Soils And Adjacent Water Bodies Are The Result Of Agricultural Activities.                                                                      "
Freshwater eutrophication,kg p eq,"A combination of restoration and compensation costs based on a literature review on the costs of eutrophication. Restoration costs express average abatement cost for bringing nutrient levels to a regulatory target, for the impacts that are reversible. Compensation costs express other damage (economic damage, damage to human health and biodiversity loss), for residual impacts after restoration has taken place. Country specific factors can be derived based on water basin-level risk of eutrophication.","Freshwater Eutropication [kg P Eq] Can Be Defined As The Enrichment Of Inland And Coastal Waters With Anthropogenically-driven Inputs Of Phosphorus. Changes In Nutrients Lead To The Proliferation Of Algae And Aquatic Weeds, Which Affect Fish Populations And Ultimately Leading To A Relative Loss Of Species. Nitrogen And Phosphorus Loads From Agriculture Are One Of The Main Factors In Eutrophication. Different Ecosystem Components Are Involved - Freshwater, Marine And Terrestrial - With The Freshwater Zone Being The Most Vulnerable Due To Intensive Exploitation.                                                                    "
Freshwater eutrophication - fep,kg p-eq,"A combination of restoration and compensation costs based on a literature review on the costs of eutrophication. Restoration costs express average abatement cost for bringing nutrient levels to a regulatory target, for the impacts that are reversible. Compensation costs express other damage (economic damage, damage to human health and biodiversity loss), for residual impacts after restoration has taken place. Country specific factors can be derived based on water basin-level risk of eutrophication.","Freshwater Eutropication [kg P Eq] Can Be Defined As The Enrichment Of Inland And Coastal Waters With Anthropogenically-driven Inputs Of Phosphorus. Changes In Nutrients Lead To The Proliferation Of Algae And Aquatic Weeds, Which Affect Fish Populations And Ultimately Leading To A Relative Loss Of Species. Nitrogen And Phosphorus Loads From Agriculture Are One Of The Main Factors In Eutrophication. Different Ecosystem Components Are Involved - Freshwater, Marine And Terrestrial - With The Freshwater Zone Being The Most Vulnerable Due To Intensive Exploitation.                                                                    "
Global warming,kg co2 eq,"A restoration cost which expresses the abatement cost for achieving the policy targets of reducing greenhouse gas emissions to meet the 2-degree target as set in the Paris Agreement, based on a meta-study of 62 marginal abatement cost estimates (Kuik et al., 2009). (True Price 2023)","Global Warming [kg Co2 Eq] Is Defined As The Long-term Warming Of The Planet’s Overall Temperature. Human-induced Global Warming Is Driven By High Emitting Activities Such As Fossil Fuels Burning, Livestock Raising, And Land-use Change. This Results In Very Serious Threats Such As An Increase In Frequency Of Extreme Weather Events, Sea Levels Rising, Ecosystems Disruption, With High Consequences For Our Lives And Livelihood Such As Famine, Mass Migration And War. The Food And Agriculture System Is Responsible For A Third Of The Global Anthropogenic Emissions, And The Main Driver For N2o And Ch4 Emissions, With 82\% And 44\% Respectively. Agriculture-induced Emissions Mostly Involve Soil Cultivation (e.g., Tillage), Soil Decomposition, Input-uses (e.g., Fossil Fuels, Pesticides, Fertilizer), And Machinery Use.                                "
Glufosinate-ammonium,mg/kg,Prevention costs : the cost of treating a kidney patient for ine year (True Cost Accounting Agrifood Handbook),"Glufosinate-ammonium [mg/kg] Is A Pesticide Used During Cultivation, For Which Residues Can Be Left On The Product And Therefore Ingested By The Consumer, Causing Negative Health Externalities.                                                                                                                            "
Glyphosate,mg/kg,Prevention costs : the cost of treating a kidney patient for ine year (True Cost Accounting Agrifood Handbook),"Glyphosate [mg/kg] Is A Pesticide Used During Cultivation, For Which Residues Can Be Left On The Product And Therefore Ingested By The Consumer, Causing Negative Health Externalities.                                                                                                                            "
Haloxyfop,mg/kg,Prevention costs : the cost of treating a kidney patient for ine year (True Cost Accounting Agrifood Handbook),"Haloxyfop [mg/kg] Is A Pesticide Used During Cultivation, For Which Residues Can Be Left On The Product And Therefore Ingested By The Consumer, Causing Negative Health Externalities.                                                                                                                            "
Hexachlorobenzene,mg/kg,Prevention costs : the cost of treating a kidney patient for ine year (True Cost Accounting Agrifood Handbook),"Hexachlorobenzene [mg/kg] Is A Pesticide Used During Cultivation, For Which Residues Can Be Left On The Product And Therefore Ingested By The Consumer, Causing Negative Health Externalities.                                                                                                                            "
Hexaconazole,mg/kg,Prevention costs : the cost of treating a kidney patient for ine year (True Cost Accounting Agrifood Handbook),"Hexaconazole [mg/kg] Is A Pesticide Used During Cultivation, For Which Residues Can Be Left On The Product And Therefore Ingested By The Consumer, Causing Negative Health Externalities.                                                                                                                            "
Human carcinogenic toxicity,"kg 1,4-dcb","A compensation cost which expresses the Value of Statistical Life (VSL) based on a meta-analysis of the Value of Statistical Life (VSL) from 92 willingness-to-pay studies, carried out by the OECD (Biausque, 2012). This global value is applicable to all countries. (True Price 2023)","Human Carcinogenic Toxicity [kg 1,4-dcb-eq] Measured In Kg 1,4-dichlorobenzene Equivalents (1,4-dcb-eq), Assesses The Potential Harmful Carcinogenic Effects Of Chemical Exposures On Human Health.                                                                                                                                "
Human non-carcinogenic toxicity,"kg 1,4-dcb","A compensation cost which expresses the Value of Statistical Life (VSL) based on a meta-analysis of the Value of Statistical Life (VSL) from 92 willingness-to-pay studies, carried out by the OECD (Biausque, 2012). This global value is applicable to all countries. (True Price 2023)","Human Non-carcinogenic Toxicity [kg 1,4-dcb-eq] Measured In Kg 1,4-dichlorobenzene Equivalents (1,4-dcb-eq), Assesses The Potential Harmful Non-carcinogenic Effects Of Chemical Exposures On Human Health.                                                                                                                                "
Human toxicity,"kg 1,4-DCB","A compensation cost which expresses the Value of Statistical Life (VSL) based on a meta-analysis of the Value of Statistical Life (VSL) from 92 willingness-to-pay studies, carried out by the OECD (Biausque, 2012). This global value is applicable to all countries. (True Price 2023)","Assesses The Potential Harm Of Toxic Substances To Human Health, Measured In Kg Of 1,4-dichlorobenzene Equivalents.                                                                                                                                       "
Human toxicity - htpinf,"kg 1,4-dcb-eq","A compensation cost which expresses the Value of Statistical Life (VSL) based on a meta-analysis of the Value of Statistical Life (VSL) from 92 willingness-to-pay studies, carried out by the OECD (Biausque, 2012). This global value is applicable to all countries. (True Price 2023)","Human Toxicity [kg 1,4-dcb-eq] Measured In Kg 1,4-dichlorobenzene Equivalents (1,4-dcb-eq), Assesses The Potential Harmful Carcinogenic And Non-carcinogenic Effects Of Chemical Exposures On Human Health.                                                                                                                               "
Hydrogen phosphide,mg/kg,Prevention costs : the cost of treating a kidney patient for ine year (True Cost Accounting Agrifood Handbook),"Hydrogen Phosphide [mg/kg] Is A Pesticide Used During Cultivation, For Which Residues Can Be Left On The Product And Therefore Ingested By The Consumer, Causing Negative Health Externalities.                                                                                                                           "
Imazapic,mg/kg,Prevention costs : the cost of treating a kidney patient for ine year (True Cost Accounting Agrifood Handbook),"Imazapic [mg/kg] Is A Pesticide Used During Cultivation, For Which Residues Can Be Left On The Product And Therefore Ingested By The Consumer, Causing Negative Health Externalities.                                                                                                                            "
Imazaquin,mg/kg,Prevention costs : the cost of treating a kidney patient for ine year (True Cost Accounting Agrifood Handbook),"Imazaquin [mg/kg] Is A Pesticide Used During Cultivation, For Which Residues Can Be Left On The Product And Therefore Ingested By The Consumer, Causing Negative Health Externalities.                                                                                                                            "
Imazosulfuron,mg/kg,Prevention costs : the cost of treating a kidney patient for ine year (True Cost Accounting Agrifood Handbook),"Imazosulfuron [mg/kg] Is A Pesticide Used During Cultivation, For Which Residues Can Be Left On The Product And Therefore Ingested By The Consumer, Causing Negative Health Externalities.                                                                                                                            "
Imidacloprid,mg/kg,Prevention costs : the cost of treating a kidney patient for ine year (True Cost Accounting Agrifood Handbook),"Imidacloprid [mg/kg] Is A Pesticide Used During Cultivation, For Which Residues Can Be Left On The Product And Therefore Ingested By The Consumer, Causing Negative Health Externalities.                                                                                                                            "
Informal employment rate of agricultural workers & uncovered by social protection floors/systems,FTE/kg,"A combination of prevention, and retribution costs.  The prevention cost expresses the cost of generic auditing setup, to prevent future instances. The retribution cost represents a penalty for the workers without social security.","Captures The Proportion Of Farm Workers Without Formal Contracts, Social Security, Or Labor Protections, Assessing Labor Market Vulnerabilities.                                                                                                                                     "
Insured non-fatal occupational incidents,incidents/kg,"A combination of compensation, prevention, and retribution costs. The compensation cost represents the average cost of medical expenses for occupational injuries not covered by the employer estimated from Dutch data and adapted to other countries using value transfer (RIVM, 2022; Stam, C. & Blatter, B., 2020; WHO, 2021), the value of health (DALY) loss in the case of non-fatal incidents and the VSL in the cause of fatal incidents as a compensation to the family of the victim (Biausque, 2012). The prevention cost expresses the cost of generic auditing setup, to prevent future instances. The retribution costs represent a penalty for the cases in which workers perform their duties in conditions which violate Health and Safety regulations, which is based on the weighted average of penalties from various countries that expresses a global penalty. (True Price 2023)","Insured Non-fatal Occupational Incidents, Expressed As Incidents Per Kilogram (incidents/kg), Quantify The Frequency Of Workplace Accidents That Result In Injuries But Are Covered By Insurance, Relative To The Amount Of Product Produced. It Provides Insights Into The Safety And Health Conditions Of A Workplace.                                                                                                           "
Ionising radiation,kg U235-Eq,No factor available,"Evaluates Exposure To Radioactive Emissions And Their Potential Health Risks, Expressed In Kg Of Uranium-235 Equivalents.                                                                                                                                       "
Ionising radiation - irp_he,kg u235-eq,No factor available,"Ionizing Radiation [kbq U235-eq] Measures The Potential Harm Caused By Ionizing Radiation To Humans And The Environment. Ionizing Radiation Is Energy Released By Radioactive Materials That Can Cause Damage To Living Cells, Leading To Health Issues Such As Cancer. This Radiation Is Primarily Emitted During Nuclear Energy Production, Medical Procedures, And Certain Industrial Processes.                                                                                                 "
Ionizing radiation,kbq co-60 eq,No factor available,"Ionizing Radiation [kbq Co-60 Eq] Measures The Potential Harm Caused By Ionizing Radiation To Humans And The Environment. Ionizing Radiation Is Energy Released By Radioactive Materials That Can Cause Damage To Living Cells, Leading To Health Issues Such As Cancer. This Radiation Is Primarily Emitted During Nuclear Energy Production, Medical Procedures, And Certain Industrial Processes.                                                                                                "
Ipconazole,mg/kg,Prevention costs : the cost of treating a kidney patient for ine year (True Cost Accounting Agrifood Handbook),"Ipconazole [mg/kg] Is A Pesticide Used During Cultivation, For Which Residues Can Be Left On The Product And Therefore Ingested By The Consumer, Causing Negative Health Externalities.                                                                                                                            "
Iprovalicarb,mg/kg,Prevention costs : the cost of treating a kidney patient for ine year (True Cost Accounting Agrifood Handbook),"Iprovalicarb [mg/kg] Is A Pesticide Used During Cultivation, For Which Residues Can Be Left On The Product And Therefore Ingested By The Consumer, Causing Negative Health Externalities.                                                                                                                            "
Isoxaben,mg/kg,Prevention costs : the cost of treating a kidney patient for ine year (True Cost Accounting Agrifood Handbook),"Isoxaben [mg/kg] Is A Pesticide Used During Cultivation, For Which Residues Can Be Left On The Product And Therefore Ingested By The Consumer, Causing Negative Health Externalities.                                                                                                                            "
Isoxaflutole,mg/kg,Prevention costs : the cost of treating a kidney patient for ine year (True Cost Accounting Agrifood Handbook),"Isoxaflutole [mg/kg] Is A Pesticide Used During Cultivation, For Which Residues Can Be Left On The Product And Therefore Ingested By The Consumer, Causing Negative Health Externalities.                                                                                                                            "
Labour force to be audited for forced labour,FTE/kg,Prevention covers the cost of auditing to prevent future violations,"Represents The Proportion Of Workers Requiring Scrutiny For Coercion, Deception, Or Threats In Their Employment, Helping To Prevent Exploitation.                                                                                                                                    "
Labour force to be audited for gender discrimination,FTE/kg,Prevention covers the cost of auditing to prevent future violations,"Reflects The Proportion Of Employees Requiring Review For Pay Disparities, Opportunities, And Treatment Based On Gender, Informing Workplace Equity Policies.                                                                                                                                   "
Labour force to be audited for health and safety,FTE/kg,Prevention covers the cost of auditing to prevent future violations,Measures The Percentage Of Workers Whose Conditions Must Be Examined For Compliance With Workplace Safety Standards.                                                                                                                                       
Labour force to be audited for illegal overtime,FTE/kg,Prevention covers the cost of auditing to prevent future violations,Indicates The Proportion Of Employees Potentially Subjected To Excessive Working Hours Beyond Legal Limits.                                                                                                                                         
Labour force to be audited for insufficient social security,FTE/kg,Prevention covers the cost of auditing to prevent future violations,Reflects The Proportion Of Employees Requiring Review For Lack Of Social Security.                                                                                                                                           
Land use,m2a crop eq,"A compensation cost which expresses the opportunity cost of land occupation based on the value of ecosystem services for main biomes based on a meta-analysis from TEEB (de Groot et al., 2012). Country specific factors can be derived based on biome cover per country. (True Price 2023)","Land Use [m2a Crop Eq] Assesses The Environmental Consequences Of Land Occupation And Transformation Due To Agricultural Or Industrial Activities. Land Use Is A Critical Factor Because It Affects Biodiversity, Soil Health, Water Cycles, And Ecosystem Services.                                                                                                                  "
Linuron,mg/kg,Prevention costs : the cost of treating a kidney patient for ine year (True Cost Accounting Agrifood Handbook),"Linuron [mg/kg] Is A Pesticide Used During Cultivation, For Which Residues Can Be Left On The Product And Therefore Ingested By The Consumer, Causing Negative Health Externalities.                                                                                                                            "
Maleic hydrazide,mg/kg,Prevention costs : the cost of treating a kidney patient for ine year (True Cost Accounting Agrifood Handbook),"Maleic Hydrazide [mg/kg] Is A Pesticide Used During Cultivation, For Which Residues Can Be Left On The Product And Therefore Ingested By The Consumer, Causing Negative Health Externalities.                                                                                                                           "
Mandipropamid,mg/kg,Prevention costs : the cost of treating a kidney patient for ine year (True Cost Accounting Agrifood Handbook),"Mandipropamid [mg/kg] Is A Pesticide Used During Cultivation, For Which Residues Can Be Left On The Product And Therefore Ingested By The Consumer, Causing Negative Health Externalities.                                                                                                                            "
Marine ecotoxicity,"kg 1,4-dcb","A compensation cost which expresses the social cost of pollution and indicates the occurring loss of economic welfare when pollutants are emitted to the environment, looking at ecosystems damage. Ecosystems damage is valued looking at the value of ecosystems services lost. The endpoint valuation of ecosystem damage represents the annual value of ecosystem services (ESS) of one hectare of nature, based on the median annual value per hectare of ecosystem services of six terrestrial biomes. These values are based on a published meta-analysis of the TEEB database (de Groot et al., 2012). Recipe 2016 midpoint to endpoint conversion factors for terrestrial, marine and freshwater ecotoxicity are utilised to derive the monetisation factors (Huijbregts et al., 2016). A global value for endpoint valuation is used rather than location specific values, due to the high uncertainty and the fact that the quantification of ecosystems damage from Recipe is not location specific (e.g., it is not specified where the damage occurs, only the size of the damage). (True Price 2023)","Marine Ecotoxicity [kg 1,4-dcb] Refers To The Potential Of Biological, Chemical Or Physical Stressors To Affect Marine Ecosystems. The Contamination Of Ecosystems By Toxic Chemicals From Human Activities Has Become A Global Problem, With Millions Of Tonnes Of Potentially Toxic Chemicals Entering The Environment Every Year. Many Of These Chemicals Produce Toxic Metabolites That Have Harmful Effects On Living Organisms And Are Liable To Bioaccumulate And Biomagnify. Pesticide Inputs To Soils And Adjacent Water Bodies Are The Result Of Agricultural Activities.                                                                      "
Marine ecotoxicity - metpinf,"kg 1,4-dcb-eq","A compensation cost which expresses the social cost of pollution and indicates the occurring loss of economic welfare when pollutants are emitted to the environment, looking at ecosystems damage. Ecosystems damage is valued looking at the value of ecosystems services lost. The endpoint valuation of ecosystem damage represents the annual value of ecosystem services (ESS) of one hectare of nature, based on the median annual value per hectare of ecosystem services of six terrestrial biomes. These values are based on a published meta-analysis of the TEEB database (de Groot et al., 2012). Recipe 2016 midpoint to endpoint conversion factors for terrestrial, marine and freshwater ecotoxicity are utilised to derive the monetisation factors (Huijbregts et al., 2016). A global value for endpoint valuation is used rather than location specific values, due to the high uncertainty and the fact that the quantification of ecosystems damage from Recipe is not location specific (e.g., it is not specified where the damage occurs, only the size of the damage). (True Price 2023)","Marine Ecotoxicity [kg 1,4-dcb] Refers To The Potential Of Biological, Chemical Or Physical Stressors To Affect Marine Ecosystems. The Contamination Of Ecosystems By Toxic Chemicals From Human Activities Has Become A Global Problem, With Millions Of Tonnes Of Potentially Toxic Chemicals Entering The Environment Every Year. Many Of These Chemicals Produce Toxic Metabolites That Have Harmful Effects On Living Organisms And Are Liable To Bioaccumulate And Biomagnify. Pesticide Inputs To Soils And Adjacent Water Bodies Are The Result Of Agricultural Activities.                                                                      "
Marine eutrophication,kg n eq,"A combination of restoration and compensation costs based on a literature review on the costs of eutrophication. Restoration costs express average abatement cost for bringing nutrient levels to a regulatory target, for the impacts that are reversible. Compensation costs express other damage (economic damage, damage to human health and biodiversity loss), for residual impacts after restoration has taken place. (True Price 2023)","Marine Eutropication [kg N Eq] Can Be Defined As The Enrichment Of Inland And Coastal Waters With Anthropogenically-driven Inputs Of Nitrogen. Changes In Nutrients Lead To The Proliferation Of Algae And Aquatic Weeds, Which Affect Fish Populations And Ultimately Leading To A Relative Loss Of Species. Nitrogen And Phosphorus Loads From Agriculture Are One Of The Main Factors In Eutrophication. Different Ecosystem Components Are Involved - Freshwater, Marine And Terrestrial - With The Freshwater Zone Being The Most Vulnerable Due To Intensive Exploitation.                                                                    "
Marine eutrophication - mep,kg n-eq,"A combination of restoration and compensation costs based on a literature review on the costs of eutrophication. Restoration costs express average abatement cost for bringing nutrient levels to a regulatory target, for the impacts that are reversible. Compensation costs express other damage (economic damage, damage to human health and biodiversity loss), for residual impacts after restoration has taken place. (True Price 2023)","Marine Eutropication [kg N Eq] Can Be Defined As The Enrichment Of Inland And Coastal Waters With Anthropogenically-driven Inputs Of Nitrogen. Changes In Nutrients Lead To The Proliferation Of Algae And Aquatic Weeds, Which Affect Fish Populations And Ultimately Leading To A Relative Loss Of Species. Nitrogen And Phosphorus Loads From Agriculture Are One Of The Main Factors In Eutrophication. Different Ecosystem Components Are Involved - Freshwater, Marine And Terrestrial - With The Freshwater Zone Being The Most Vulnerable Due To Intensive Exploitation.                                                                    "
Mecarbam,mg/kg,Prevention costs : the cost of treating a kidney patient for ine year (True Cost Accounting Agrifood Handbook),"Mecarbam [mg/kg] Is A Pesticide Used During Cultivation, For Which Residues Can Be Left On The Product And Therefore Ingested By The Consumer, Causing Negative Health Externalities.                                                                                                                            "
Mefentrifluconazole,mg/kg,Prevention costs : the cost of treating a kidney patient for ine year (True Cost Accounting Agrifood Handbook),"Mefentrifluconazole [mg/kg] Is A Pesticide Used During Cultivation, For Which Residues Can Be Left On The Product And Therefore Ingested By The Consumer, Causing Negative Health Externalities.                                                                                                                            "
Mepanipyrim,mg/kg,Prevention costs : the cost of treating a kidney patient for ine year (True Cost Accounting Agrifood Handbook),"Mepanipyrim [mg/kg] Is A Pesticide Used During Cultivation, For Which Residues Can Be Left On The Product And Therefore Ingested By The Consumer, Causing Negative Health Externalities.                                                                                                                            "
Mepronil,mg/kg,Prevention costs : the cost of treating a kidney patient for ine year (True Cost Accounting Agrifood Handbook),"Mepronil [mg/kg] Is A Pesticide Used During Cultivation, For Which Residues Can Be Left On The Product And Therefore Ingested By The Consumer, Causing Negative Health Externalities.                                                                                                                            "
Mesotrione,mg/kg,Prevention costs : the cost of treating a kidney patient for ine year (True Cost Accounting Agrifood Handbook),"Mesotrione [mg/kg] Is A Pesticide Used During Cultivation, For Which Residues Can Be Left On The Product And Therefore Ingested By The Consumer, Causing Negative Health Externalities.                                                                                                                            "
Metaflumizone,mg/kg,Prevention costs : the cost of treating a kidney patient for ine year (True Cost Accounting Agrifood Handbook),"Metaflumizone [mg/kg] Is A Pesticide Used During Cultivation, For Which Residues Can Be Left On The Product And Therefore Ingested By The Consumer, Causing Negative Health Externalities.                                                                                                                            "
Metal depletion,kg Fe eq,"A compensation cost which expresses the future loss of economic welfare due to increased extraction costs of non-renewable materials in the future (Huijbregts et al., 2016). (True Price 2023)","Quantifies The Depletion Of Metal Resources Based On Iron-equivalent Mass, Indicating Resource Scarcity And Extraction Impact.                                                                                                                                       "
Metal depletion - mdp,kg fe-eq,"A compensation cost which expresses the future loss of economic welfare due to increased extraction costs of non-renewable materials in the future (Huijbregts et al., 2016). (True Price 2023)","Metal Depletion [kg Fe-eq] Measures The Depletion Of Metal Resources, Expressed In Kilograms Of Iron Equivalent (kg Fe-eq), Indicating How Much Iron Would Be Needed To Represent The Resource Depletion. This Category Is Critical For Assessing The Environmental Impact Of Extracting Non-renewable Metal Ores Used In Industries Like Construction, Electronics, And Manufacturing. Metal Depletion Is Important To Consider Because The Extraction And Processing Of Metals Often Lead To Significant Environmental Degradation, Including Energy Use, Greenhouse Gas Emissions, And Habitat Disruption.                                                                       "
Metalaxyl,mg/kg,Prevention costs : the cost of treating a kidney patient for ine year (True Cost Accounting Agrifood Handbook),"Metalaxyl [mg/kg] Is A Pesticide Used During Cultivation, For Which Residues Can Be Left On The Product And Therefore Ingested By The Consumer, Causing Negative Health Externalities.                                                                                                                            "
Metconazole,mg/kg,Prevention costs : the cost of treating a kidney patient for ine year (True Cost Accounting Agrifood Handbook),"Metconazole [mg/kg] Is A Pesticide Used During Cultivation, For Which Residues Can Be Left On The Product And Therefore Ingested By The Consumer, Causing Negative Health Externalities.                                                                                                                            "
Methidathion,mg/kg,Prevention costs : the cost of treating a kidney patient for ine year (True Cost Accounting Agrifood Handbook),"Methidathion [mg/kg] Is A Pesticide Used During Cultivation, For Which Residues Can Be Left On The Product And Therefore Ingested By The Consumer, Causing Negative Health Externalities.                                                                                                                            "
Methomyl,mg/kg,Prevention costs : the cost of treating a kidney patient for ine year (True Cost Accounting Agrifood Handbook),"Methomyl [mg/kg] Is A Pesticide Used During Cultivation, For Which Residues Can Be Left On The Product And Therefore Ingested By The Consumer, Causing Negative Health Externalities.                                                                                                                            "
Methoprene,mg/kg,Prevention costs : the cost of treating a kidney patient for ine year (True Cost Accounting Agrifood Handbook),"Methoprene [mg/kg] Is A Pesticide Used During Cultivation, For Which Residues Can Be Left On The Product And Therefore Ingested By The Consumer, Causing Negative Health Externalities.                                                                                                                            "
Methoxychlor,mg/kg,Prevention costs : the cost of treating a kidney patient for ine year (True Cost Accounting Agrifood Handbook),"Methoxychlor [mg/kg] Is A Pesticide Used During Cultivation, For Which Residues Can Be Left On The Product And Therefore Ingested By The Consumer, Causing Negative Health Externalities.                                                                                                                            "
Methoxyfenozide,mg/kg,Prevention costs : the cost of treating a kidney patient for ine year (True Cost Accounting Agrifood Handbook),"Methoxyfenozide [mg/kg] Is A Pesticide Used During Cultivation, For Which Residues Can Be Left On The Product And Therefore Ingested By The Consumer, Causing Negative Health Externalities.                                                                                                                            "
Methyl bromide,mg/kg,Prevention costs : the cost of treating a kidney patient for ine year (True Cost Accounting Agrifood Handbook),"Methyl Bromide [mg/kg] Is A Pesticide Used During Cultivation, For Which Residues Can Be Left On The Product And Therefore Ingested By The Consumer, Causing Negative Health Externalities.                                                                                                                           "
Metolachlor,mg/kg,Prevention costs : the cost of treating a kidney patient for ine year (True Cost Accounting Agrifood Handbook),"Metolachlor [mg/kg] Is A Pesticide Used During Cultivation, For Which Residues Can Be Left On The Product And Therefore Ingested By The Consumer, Causing Negative Health Externalities.                                                                                                                            "
Metribuzin,mg/kg,Prevention costs : the cost of treating a kidney patient for ine year (True Cost Accounting Agrifood Handbook),"Metribuzin [mg/kg] Is A Pesticide Used During Cultivation, For Which Residues Can Be Left On The Product And Therefore Ingested By The Consumer, Causing Negative Health Externalities.                                                                                                                            "
Metsulfuron-methyl,mg/kg,Prevention costs : the cost of treating a kidney patient for ine year (True Cost Accounting Agrifood Handbook),"Metsulfuron-methyl [mg/kg] Is A Pesticide Used During Cultivation, For Which Residues Can Be Left On The Product And Therefore Ingested By The Consumer, Causing Negative Health Externalities.                                                                                                                            "
Mineral resource scarcity,kg cu eq,"A compensation cost which expresses the future loss of economic welfare due to increased extraction costs of non-renewable materials in the future (Huijbregts et al., 2016). (True Price 2023)","Mineral Resource Scarcity [kg Cu Eq] Measures The Depletion Of Mineral Resources, Using Copper As The Reference Metal (kg Cu Equivalent). It Quantifies The Environmental Impact Of Extracting Non-renewable Mineral Resources Like Copper, Zinc, And Other Metals, Which Are Critical For Various Industries, Including Electronics, Construction, And Renewable Energy. This Category Is Vital Because Mineral Extraction Often Leads To Significant Environmental Harm, Such As Habitat Destruction, Water Pollution, And Energy-intensive Mining Processes.                                                                               "
Molinate,mg/kg,Prevention costs : the cost of treating a kidney patient for ine year (True Cost Accounting Agrifood Handbook),"Molinate [mg/kg] Is A Pesticide Used During Cultivation, For Which Residues Can Be Left On The Product And Therefore Ingested By The Consumer, Causing Negative Health Externalities.                                                                                                                            "
Monuron,mg/kg,Prevention costs : the cost of treating a kidney patient for ine year (True Cost Accounting Agrifood Handbook),"Monuron [mg/kg] Is A Pesticide Used During Cultivation, For Which Residues Can Be Left On The Product And Therefore Ingested By The Consumer, Causing Negative Health Externalities.                                                                                                                            "
Natural land transformation,m²,"A restoration cost which expresses the average cost of ecosystem restoration projects in different biomes based on a review of case studies (TEEB, 2009). Costs include capital investment and maintenance of the restoration project","Measures The Conversion Of Natural Land (e.g., Forests, Wetlands) Into Human-dominated Landscapes, Affecting Ecosystems And Biodiversity.                                                                                                                                       "
Natural land transformation - nltp,m2,"A restoration cost which expresses the average cost of ecosystem restoration projects in different biomes based on a review of case studies (TEEB, 2009). Costs include capital investment and maintenance of the restoration project",                                                                                                                                                      
Nitrofen,mg/kg,Prevention costs : the cost of treating a kidney patient for ine year (True Cost Accounting Agrifood Handbook),"Nitrofen [mg/kg] Is A Pesticide Used During Cultivation, For Which Residues Can Be Left On The Product And Therefore Ingested By The Consumer, Causing Negative Health Externalities.                                                                                                                            "
Novaluron,mg/kg,Prevention costs : the cost of treating a kidney patient for ine year (True Cost Accounting Agrifood Handbook),"Novaluron [mg/kg] Is A Pesticide Used During Cultivation, For Which Residues Can Be Left On The Product And Therefore Ingested By The Consumer, Causing Negative Health Externalities.                                                                                                                            "
Oryzalin,mg/kg,Prevention costs : the cost of treating a kidney patient for ine year (True Cost Accounting Agrifood Handbook),"Oryzalin [mg/kg] Is A Pesticide Used During Cultivation, For Which Residues Can Be Left On The Product And Therefore Ingested By The Consumer, Causing Negative Health Externalities.                                                                                                                            "
Oxadiargyl,mg/kg,Prevention costs : the cost of treating a kidney patient for ine year (True Cost Accounting Agrifood Handbook),"Oxadiargyl [mg/kg] Is A Pesticide Used During Cultivation, For Which Residues Can Be Left On The Product And Therefore Ingested By The Consumer, Causing Negative Health Externalities.                                                                                                                            "
Oxadiazon,mg/kg,Prevention costs : the cost of treating a kidney patient for ine year (True Cost Accounting Agrifood Handbook),"Oxadiazon [mg/kg] Is A Pesticide Used During Cultivation, For Which Residues Can Be Left On The Product And Therefore Ingested By The Consumer, Causing Negative Health Externalities.                                                                                                                            "
Oxamyl,mg/kg,Prevention costs : the cost of treating a kidney patient for ine year (True Cost Accounting Agrifood Handbook),"Oxamyl [mg/kg] Is A Pesticide Used During Cultivation, For Which Residues Can Be Left On The Product And Therefore Ingested By The Consumer, Causing Negative Health Externalities.                                                                                                                            "
Oxyfluorfen,mg/kg,Prevention costs : the cost of treating a kidney patient for ine year (True Cost Accounting Agrifood Handbook),"Oxyfluorfen [mg/kg] Is A Pesticide Used During Cultivation, For Which Residues Can Be Left On The Product And Therefore Ingested By The Consumer, Causing Negative Health Externalities.                                                                                                                            "
Ozone depletion - odpinf,kg cfc-11-eq,"A compensation cost which expresses the social cost of pollution and indicates the occurring loss of economic welfare when pollutants are emitted to the environment, looking at human health damage (morbidity, i.e., sickness and disease, and premature mortality). The endpoint valuation of human health is based on valuation of a DALY (Disability Adjusted Life Year). The global Recipe 2016 midpoint to endpoint conversion factor for Ozone layer depleting emissions is utilised to derive the monetisation factor (Huijbregts et al., 2016). The monetisation factor for ozone layer depleting emissions also includes the cost of damage to agricultural crops taken from CE Delft (De Bruyn et al., 2018). The cost of damage to agricultural crops represents average damage costs for ozone depletion for an average emission source in the Netherlands. Although the damage could be different in different geographies, for example because of different thickness of the ozone layer, at the moment the value is used without adjustments for different countries due to the lack of an appropriate coefficient for regional adjustments. (True Price 2023)","Ozone Depletion [kg Cfc-11-eq] Measures The Potential For Substances To Deplete The Ozone Layer, Expressed In Kilograms Of Cfc-11 (trichlorofluoromethane) Equivalent. The Ozone Layer In The Earth's Stratosphere Protects Life By Blocking Harmful Ultraviolet (uv) Radiation From The Sun. Ozone-depleting Substances (ods) Such As Chlorofluorocarbons (cfcs), Halons, And Other Halogenated Compounds Can Break Down Ozone Molecules, Thinning This Protective Layer. Ozone Depletion Leads To Increased Uv Radiation Reaching The Earth's Surface, Which Can Cause Skin Cancer, Cataracts, And Immune System Suppression In Humans, As Well As Harm Ecosystems, Marine Life, And Agriculture.                                                           "
"Ozone formation, human health",kg nox eq,"A compensation cost which expresses the social cost of pollution and indicates the occurring loss of economic welfare when pollutants are emitted to the environment, looking at human health damage (morbidity, i.e., sickness and disease, and premature mortality). The endpoint valuation of human health is based on valuation of a DALY (Disability Adjusted Life Year) as described above for Human Toxicity. Recipe 2016 midpoint to endpoint conversion factors for PM formation are utilised to derive the monetisation factors (Huijbregts et al., 2016). At midpoint level, the indicator has only global monetisation. Country-specific conversion factors can be derived for individual gases (NOx, SOx, NMVOC), with the method described in (Galgani, Woltjer, et al., 2023). (True Price 2023)","Ozone Formation [kg Nox Eq] Measures The Formation Of Ground-level Ozone, Expressed In Kilograms Nitrogen Oxides (nox) Which Are Key Precursors In The Formation Of Ozone Through Chemical Reactions Driven By Sunlight. This Category Is Significant Because Ground-level Ozone Is Harmful To Human Health, Causing Respiratory Issues, And Also Damages Crops And Ecosystems.                                                                                                  "
"Ozone formation, terrestrial ecosystems",kg nox eq,"A compensation cost which expresses the social cost of pollution and indicates the occurring loss of economic welfare when pollutants are emitted to the environment, looking at ecosystems damage. Ecosystems damage is valued looking at the value of ecosystems services lost,as described for ecotoxicity. Recipe 2016 midpoint to endpoint conversion factors for ecosystem damage due to ozone formation are utilised to derive the monetisation factors (Huijbregts et al., 2016).. At midpoint level, the indicator has only global monetisation. Country-specific conversion factors can be used for individual gases (NOx, SOx, NMVOC), with the method described in (Galgani, Woltjer, et al., 2023). (True Price 2023)","Ozone Formation [kg Nox Eq] Measures The Formation Of Ground-level Ozone, Expressed In Kilograms Nitrogen Oxides (nox) Which Are Key Precursors In The Formation Of Ozone Through Chemical Reactions Driven By Sunlight. This Category Is Significant Because Ground-level Ozone Is Harmful To Human Health, Causing Respiratory Issues, And Also Damages Crops And Ecosystems.                                                                                                  "
Paraquat,mg/kg,Prevention costs : the cost of treating a kidney patient for ine year (True Cost Accounting Agrifood Handbook),"Paraquat [mg/kg] Is A Pesticide Used During Cultivation, For Which Residues Can Be Left On The Product And Therefore Ingested By The Consumer, Causing Negative Health Externalities.                                                                                                                            "
Parathion,mg/kg,Prevention costs : the cost of treating a kidney patient for ine year (True Cost Accounting Agrifood Handbook),"Parathion [mg/kg] Is A Pesticide Used During Cultivation, For Which Residues Can Be Left On The Product And Therefore Ingested By The Consumer, Causing Negative Health Externalities.                                                                                                                            "
Particulate matter formation - pmfp,kg pm10-eq,"The cost represents compensation for pollution's social impact, measuring the economic loss from health damage due to emissions. It includes morbidity (illness) and premature mortality, valued using Disability Adjusted Life Years (DALY). Monetization factors are derived from ReCiPe 2016 midpoint-to-endpoint conversions for particulate matter formation.","Particulate Matter Formation [kg Pm10 Eq] Refers To The Quantification Of Air Pollution Caused By The Release Of Fine Particulate Matter (pm10), Which Are Particles Smaller Than 10 Micrometers In Diameter. These Particles Are Typically Formed Through Industrial Processes, Combustion Of Fossil Fuels, And Chemical Reactions In The Atmosphere. Pm10 Is A Major Concern For Both Environmental And Human Health As It Can Penetrate Deep Into The Lungs, Leading To Respiratory And Cardiovascular Diseases, And Can Also Cause Environmental Degradation, Like Smog Formation And Reduced Air Quality.                                                                "
Pendimethalin,mg/kg,Prevention costs : the cost of treating a kidney patient for ine year (True Cost Accounting Agrifood Handbook),"Pendimethalin [mg/kg] Is A Pesticide Used During Cultivation, For Which Residues Can Be Left On The Product And Therefore Ingested By The Consumer, Causing Negative Health Externalities.                                                                                                                            "
Permethrin,mg/kg,Prevention costs : the cost of treating a kidney patient for ine year (True Cost Accounting Agrifood Handbook),"Permethrin [mg/kg] Is A Pesticide Used During Cultivation, For Which Residues Can Be Left On The Product And Therefore Ingested By The Consumer, Causing Negative Health Externalities.                                                                                                                            "
Phenmedipham,mg/kg,Prevention costs : the cost of treating a kidney patient for ine year (True Cost Accounting Agrifood Handbook),"Phenmedipham [mg/kg] Is A Pesticide Used During Cultivation, For Which Residues Can Be Left On The Product And Therefore Ingested By The Consumer, Causing Negative Health Externalities.                                                                                                                            "
Phorate,mg/kg,Prevention costs : the cost of treating a kidney patient for ine year (True Cost Accounting Agrifood Handbook),"Phorate [mg/kg] Is A Pesticide Used During Cultivation, For Which Residues Can Be Left On The Product And Therefore Ingested By The Consumer, Causing Negative Health Externalities.                                                                                                                            "
Phosalone,mg/kg,Prevention costs : the cost of treating a kidney patient for ine year (True Cost Accounting Agrifood Handbook),"Phosalone [mg/kg] Is A Pesticide Used During Cultivation, For Which Residues Can Be Left On The Product And Therefore Ingested By The Consumer, Causing Negative Health Externalities.                                                                                                                            "
Phosmet,mg/kg,Prevention costs : the cost of treating a kidney patient for ine year (True Cost Accounting Agrifood Handbook),"Phosmet [mg/kg] Is A Pesticide Used During Cultivation, For Which Residues Can Be Left On The Product And Therefore Ingested By The Consumer, Causing Negative Health Externalities.                                                                                                                            "
Phosphamidon,mg/kg,Prevention costs : the cost of treating a kidney patient for ine year (True Cost Accounting Agrifood Handbook),"Phosphamidon [mg/kg] Is A Pesticide Used During Cultivation, For Which Residues Can Be Left On The Product And Therefore Ingested By The Consumer, Causing Negative Health Externalities.                                                                                                                            "
Photochemical oxidant formation,kg NMVOC,No factor available,"Represents The Formation Of Ground-level Ozone (smog) From Volatile Organic Compounds (nmvocs), Impacting Air Quality And Human Health.                                                                                                                                     "
Photochemical oxidant formation - pofp,kg nmvoc,No factor available,"Photochemical Oxidant Formation [kg Nmvoc] Measures The Formation Of Ground-level Ozone, Expressed In Kilograms Of Non-methane Volatile Organic Compounds (nmvocs) Equivalent. Nmvocs, Along With Nitrogen Oxides (nox), Are Key Precursors In The Formation Of Ozone Through Chemical Reactions Driven By Sunlight. This Category Is Significant Because Ground-level Ozone Is Harmful To Human Health, Causing Respiratory Issues, And Also Damages Crops And Ecosystems.                                                                                         "
Phoxim,mg/kg,Prevention costs : the cost of treating a kidney patient for ine year (True Cost Accounting Agrifood Handbook),"Phoxim [mg/kg] Is A Pesticide Used During Cultivation, For Which Residues Can Be Left On The Product And Therefore Ingested By The Consumer, Causing Negative Health Externalities.                                                                                                                            "
Picloram,mg/kg,Prevention costs : the cost of treating a kidney patient for ine year (True Cost Accounting Agrifood Handbook),"Picloram [mg/kg] Is A Pesticide Used During Cultivation, For Which Residues Can Be Left On The Product And Therefore Ingested By The Consumer, Causing Negative Health Externalities.                                                                                                                            "
Picoxystrobin,mg/kg,Prevention costs : the cost of treating a kidney patient for ine year (True Cost Accounting Agrifood Handbook),"Picoxystrobin [mg/kg] Is A Pesticide Used During Cultivation, For Which Residues Can Be Left On The Product And Therefore Ingested By The Consumer, Causing Negative Health Externalities.                                                                                                                            "
Pirimicarb,mg/kg,Prevention costs : the cost of treating a kidney patient for ine year (True Cost Accounting Agrifood Handbook),"Pirimicarb [mg/kg] Is A Pesticide Used During Cultivation, For Which Residues Can Be Left On The Product And Therefore Ingested By The Consumer, Causing Negative Health Externalities.                                                                                                                            "
Pirimiphos-methyl,mg/kg,Prevention costs : the cost of treating a kidney patient for ine year (True Cost Accounting Agrifood Handbook),"Pirimiphos-methyl [mg/kg] Is A Pesticide Used During Cultivation, For Which Residues Can Be Left On The Product And Therefore Ingested By The Consumer, Causing Negative Health Externalities.                                                                                                                            "
Prevalence of excessive working time,FTE/kg,"The cost includes compensation, prevention, and retribution. Compensation covers the wage gap from underpaid overtime, adjusted for inflation. Prevention funds auditing to avoid future cases. Retribution applies a global penalty for excessive or underpaid overtime.","This Metric Quantifies The Share Of Agricultural Workers Who Work Beyond Legally Permitted Or Internationally Recommended Working Hours, Relative To The Output Produced. Excessive Working Time Is Associated With Risks Of Fatigue, Occupational Accidents, And Reduced Well-being.                                                                                                                  "
Prevalence of forced workers in situations of debt bondage,FTE/kg,"The cost includes restoration, compensation, prevention, and retribution. Restoration covers lost earnings and reintegration costs for forced workers. Compensation values health impacts using DALY for abuse victims. Prevention funds auditing to prevent future cases. Retribution applies a global penalty for forced labor. Additional costs for harassment may be included if applicable.","Quantifies The Number Of Individuals Trapped In Exploitative Labor Due To Debts They Cannot Repay, A Severe Form Of Modern Slavery.                                                                                                                                  "
"Prevalence of modern slavery (forced workers, most severe)",FTE/kg,"The cost includes restoration, compensation, prevention, and retribution. Restoration covers lost earnings and reintegration costs for forced workers. Compensation values health impacts using DALY for abuse victims. Prevention funds auditing to prevent future cases. Retribution applies a global penalty for forced labor. Additional costs for harassment may be included if applicable.","Tracks Extreme Cases Of Forced Labor Where Workers Face Threats, Violence, Or Complete Loss Of Autonomy, Highlighting Severe Exploitation.                                                                                                                                    "
Prochloraz,mg/kg,Prevention costs : the cost of treating a kidney patient for ine year (True Cost Accounting Agrifood Handbook),"Prochloraz [mg/kg] Is A Pesticide Used During Cultivation, For Which Residues Can Be Left On The Product And Therefore Ingested By The Consumer, Causing Negative Health Externalities.                                                                                                                            "
Procymidone,mg/kg,Prevention costs : the cost of treating a kidney patient for ine year (True Cost Accounting Agrifood Handbook),"Procymidone [mg/kg] Is A Pesticide Used During Cultivation, For Which Residues Can Be Left On The Product And Therefore Ingested By The Consumer, Causing Negative Health Externalities.                                                                                                                            "
Profenofos,mg/kg,Prevention costs : the cost of treating a kidney patient for ine year (True Cost Accounting Agrifood Handbook),"Profenofos [mg/kg] Is A Pesticide Used During Cultivation, For Which Residues Can Be Left On The Product And Therefore Ingested By The Consumer, Causing Negative Health Externalities.                                                                                                                            "
Propachlor,mg/kg,Prevention costs : the cost of treating a kidney patient for ine year (True Cost Accounting Agrifood Handbook),"Propachlor [mg/kg] Is A Pesticide Used During Cultivation, For Which Residues Can Be Left On The Product And Therefore Ingested By The Consumer, Causing Negative Health Externalities.                                                                                                                            "
Propanil,mg/kg,Prevention costs : the cost of treating a kidney patient for ine year (True Cost Accounting Agrifood Handbook),"Propanil [mg/kg] Is A Pesticide Used During Cultivation, For Which Residues Can Be Left On The Product And Therefore Ingested By The Consumer, Causing Negative Health Externalities.                                                                                                                            "
Propargite,mg/kg,Prevention costs : the cost of treating a kidney patient for ine year (True Cost Accounting Agrifood Handbook),"Propargite [mg/kg] Is A Pesticide Used During Cultivation, For Which Residues Can Be Left On The Product And Therefore Ingested By The Consumer, Causing Negative Health Externalities.                                                                                                                            "
Propiconazole,mg/kg,Prevention costs : the cost of treating a kidney patient for ine year (True Cost Accounting Agrifood Handbook),"Propiconazole [mg/kg] Is A Pesticide Used During Cultivation, For Which Residues Can Be Left On The Product And Therefore Ingested By The Consumer, Causing Negative Health Externalities.                                                                                                                            "
Propoxur,mg/kg,Prevention costs : the cost of treating a kidney patient for ine year (True Cost Accounting Agrifood Handbook),"Propoxur [mg/kg] Is A Pesticide Used During Cultivation, For Which Residues Can Be Left On The Product And Therefore Ingested By The Consumer, Causing Negative Health Externalities.                                                                                                                            "
Prothioconazole,mg/kg,Prevention costs : the cost of treating a kidney patient for ine year (True Cost Accounting Agrifood Handbook),"Prothioconazole [mg/kg] Is A Pesticide Used During Cultivation, For Which Residues Can Be Left On The Product And Therefore Ingested By The Consumer, Causing Negative Health Externalities.                                                                                                                            "
Pyraclostrobin,mg/kg,Prevention costs : the cost of treating a kidney patient for ine year (True Cost Accounting Agrifood Handbook),"Pyraclostrobin [mg/kg] Is A Pesticide Used During Cultivation, For Which Residues Can Be Left On The Product And Therefore Ingested By The Consumer, Causing Negative Health Externalities.                                                                                                                            "
Pyrazophos,mg/kg,Prevention costs : the cost of treating a kidney patient for ine year (True Cost Accounting Agrifood Handbook),"Pyrazophos [mg/kg] Is A Pesticide Used During Cultivation, For Which Residues Can Be Left On The Product And Therefore Ingested By The Consumer, Causing Negative Health Externalities.                                                                                                                            "
Pyriproxyfen,mg/kg,Prevention costs : the cost of treating a kidney patient for ine year (True Cost Accounting Agrifood Handbook),"Pyriproxyfen [mg/kg] Is A Pesticide Used During Cultivation, For Which Residues Can Be Left On The Product And Therefore Ingested By The Consumer, Causing Negative Health Externalities.                                                                                                                            "
Pyroxsulam,mg/kg,Prevention costs : the cost of treating a kidney patient for ine year (True Cost Accounting Agrifood Handbook),"Pyroxsulam [mg/kg] Is A Pesticide Used During Cultivation, For Which Residues Can Be Left On The Product And Therefore Ingested By The Consumer, Causing Negative Health Externalities.                                                                                                                            "
Quinalphos,mg/kg,Prevention costs : the cost of treating a kidney patient for ine year (True Cost Accounting Agrifood Handbook),"Quinalphos [mg/kg] Is A Pesticide Used During Cultivation, For Which Residues Can Be Left On The Product And Therefore Ingested By The Consumer, Causing Negative Health Externalities.                                                                                                                            "
Quinoxyfen,mg/kg,Prevention costs : the cost of treating a kidney patient for ine year (True Cost Accounting Agrifood Handbook),"Quinoxyfen [mg/kg] Is A Pesticide Used During Cultivation, For Which Residues Can Be Left On The Product And Therefore Ingested By The Consumer, Causing Negative Health Externalities.                                                                                                                            "
Rotenone,mg/kg,Prevention costs : the cost of treating a kidney patient for ine year (True Cost Accounting Agrifood Handbook),"Rotenone [mg/kg] Is A Pesticide Used During Cultivation, For Which Residues Can Be Left On The Product And Therefore Ingested By The Consumer, Causing Negative Health Externalities.                                                                                                                            "
Saflufenacil,mg/kg,Prevention costs : the cost of treating a kidney patient for ine year (True Cost Accounting Agrifood Handbook),"Saflufenacil [mg/kg] Is A Pesticide Used During Cultivation, For Which Residues Can Be Left On The Product And Therefore Ingested By The Consumer, Causing Negative Health Externalities.                                                                                                                            "
Simazine,mg/kg,Prevention costs : the cost of treating a kidney patient for ine year (True Cost Accounting Agrifood Handbook),"Simazine [mg/kg] Is A Pesticide Used During Cultivation, For Which Residues Can Be Left On The Product And Therefore Ingested By The Consumer, Causing Negative Health Externalities.                                                                                                                            "
Spirodiclofen,mg/kg,Prevention costs : the cost of treating a kidney patient for ine year (True Cost Accounting Agrifood Handbook),"Spirodiclofen [mg/kg] Is A Pesticide Used During Cultivation, For Which Residues Can Be Left On The Product And Therefore Ingested By The Consumer, Causing Negative Health Externalities.                                                                                                                            "
Spiromesifen,mg/kg,Prevention costs : the cost of treating a kidney patient for ine year (True Cost Accounting Agrifood Handbook),"Spiromesifen [mg/kg] Is A Pesticide Used During Cultivation, For Which Residues Can Be Left On The Product And Therefore Ingested By The Consumer, Causing Negative Health Externalities.                                                                                                                            "
Stratospheric ozone depletion,kg cfc11 eq,"A compensation cost which expresses the social cost of pollution and indicates the occurring loss of economic welfare when pollutants are emitted to the environment, looking at human health damage (morbidity, i.e., sickness and disease, and premature mortality). The endpoint valuation of human health is based on valuation of a DALY (Disability Adjusted Life Year). The global Recipe 2016 midpoint to endpoint conversion factor for Ozone layer depleting emissions is utilised to derive the monetisation factor (Huijbregts et al., 2016). The monetisation factor for ozone layer depleting emissions also includes the cost of damage to agricultural crops taken from CE Delft (De Bruyn et al., 2018). The cost of damage to agricultural crops represents average damage costs for ozone depletion for an average emission source in the Netherlands. Although the damage could be different in different geographies, for example because of different thickness of the ozone layer, at the moment the value is used without adjustments for different countries due to the lack of an appropriate coefficient for regional adjustments. (True Price 2023)","Ozone Depletion [kg Cfc-11-eq] Measures The Potential For Substances To Deplete The Ozone Layer, Expressed In Kilograms Of Cfc-11 (trichlorofluoromethane) Equivalent. The Ozone Layer In The Earth's Stratosphere Protects Life By Blocking Harmful Ultraviolet (uv) Radiation From The Sun. Ozone-depleting Substances (ods) Such As Chlorofluorocarbons (cfcs), Halons, And Other Halogenated Compounds Can Break Down Ozone Molecules, Thinning This Protective Layer. Ozone Depletion Leads To Increased Uv Radiation Reaching The Earth's Surface, Which Can Cause Skin Cancer, Cataracts, And Immune System Suppression In Humans, As Well As Harm Ecosystems, Marine Life, And Agriculture.                                                           "
Sulcotrione,mg/kg,Prevention costs : the cost of treating a kidney patient for ine year (True Cost Accounting Agrifood Handbook),"Sulcotrione [mg/kg] Is A Pesticide Used During Cultivation, For Which Residues Can Be Left On The Product And Therefore Ingested By The Consumer, Causing Negative Health Externalities.                                                                                                                            "
Tebuconazole,mg/kg,Prevention costs : the cost of treating a kidney patient for ine year (True Cost Accounting Agrifood Handbook),"Tebuconazole [mg/kg] Is A Pesticide Used During Cultivation, For Which Residues Can Be Left On The Product And Therefore Ingested By The Consumer, Causing Negative Health Externalities.                                                                                                                            "
Tebufenozide,mg/kg,Prevention costs : the cost of treating a kidney patient for ine year (True Cost Accounting Agrifood Handbook),"Tebufenozide [mg/kg] Is A Pesticide Used During Cultivation, For Which Residues Can Be Left On The Product And Therefore Ingested By The Consumer, Causing Negative Health Externalities.                                                                                                                            "
Tebufenpyrad,mg/kg,Prevention costs : the cost of treating a kidney patient for ine year (True Cost Accounting Agrifood Handbook),"Tebufenpyrad [mg/kg] Is A Pesticide Used During Cultivation, For Which Residues Can Be Left On The Product And Therefore Ingested By The Consumer, Causing Negative Health Externalities.                                                                                                                            "
Teflubenzuron,mg/kg,Prevention costs : the cost of treating a kidney patient for ine year (True Cost Accounting Agrifood Handbook),"Teflubenzuron [mg/kg] Is A Pesticide Used During Cultivation, For Which Residues Can Be Left On The Product And Therefore Ingested By The Consumer, Causing Negative Health Externalities.                                                                                                                            "
Terbufos,mg/kg,Prevention costs : the cost of treating a kidney patient for ine year (True Cost Accounting Agrifood Handbook),"Terbufos [mg/kg] Is A Pesticide Used During Cultivation, For Which Residues Can Be Left On The Product And Therefore Ingested By The Consumer, Causing Negative Health Externalities.                                                                                                                            "
Terrestrial acidification,kg so2 eq,"A compensation cost which expresses the social cost of pollution and indicates the occurring loss of economic welfare when pollutants are emitted to the environment, looking at ecosystems damage. Ecosystems damage is valued looking at the value of ecosystems services lost, as described above for ecotoxicity. Recipe 2016 midpoint to endpoint conversion factors for acidification are utilised to derive the monetisation factors (Huijbregts et al., 2016). At midpoint level, the indicator has only global monetisation. Country-specific conversion factors can be used for individual gases (NH3, SOx, NOx), with the method described in (Galgani, Woltjer, et al., 2023). (True Price 2023)","Terrestrial Acidification Occurs When Soil Acidity Deviates Detrimentally From This Optimal Level. Environmental Acidification Is Caused By Sulfur And Nitrogen Oxides Emitted By Anthropogenic And Natural Sources. On Farmland, The Main Causes Of Soil Acidification Are The Application Of Ammonium- And Urea-based Fertilizers, Elemental Sulfur-based Fertilizers And Legume Growth. Acidification Leads To The Deterioration Of Forests And Surface Waters, Particularly In Areas With Poor Soil Quality. It Also Has An Impact On Crop Growth, And Therefore Yields, As Soil Ph Affects The Bioavailability Of Plant Nutrients.                                                                 "
Terrestrial acidification - tap100,kg so2-eq,"A compensation cost which expresses the social cost of pollution and indicates the occurring loss of economic welfare when pollutants are emitted to the environment, looking at ecosystems damage. Ecosystems damage is valued looking at the value of ecosystems services lost, as described above for ecotoxicity. Recipe 2016 midpoint to endpoint conversion factors for acidification are utilised to derive the monetisation factors (Huijbregts et al., 2016). At midpoint level, the indicator has only global monetisation. Country-specific conversion factors can be used for individual gases (NH3, SOx, NOx), with the method described in (Galgani, Woltjer, et al., 2023). (True Price 2023)","Terrestrial Acidification Occurs When Soil Acidity Deviates Detrimentally From This Optimal Level. Environmental Acidification Is Caused By Sulfur And Nitrogen Oxides Emitted By Anthropogenic And Natural Sources. On Farmland, The Main Causes Of Soil Acidification Are The Application Of Ammonium- And Urea-based Fertilizers, Elemental Sulfur-based Fertilizers And Legume Growth. Acidification Leads To The Deterioration Of Forests And Surface Waters, Particularly In Areas With Poor Soil Quality. It Also Has An Impact On Crop Growth, And Therefore Yields, As Soil Ph Affects The Bioavailability Of Plant Nutrients.                                                                 "
Terrestrial ecotoxicity,"kg 1,4-dcb","A compensation cost which expresses the social cost of pollution and indicates the occurring loss of economic welfare when pollutants are emitted to the environment, looking at ecosystems damage. Ecosystems damage is valued looking at the value of ecosystems services lost. The endpoint valuation of ecosystem damage represents the annual value of ecosystem services (ESS) of one hectare of nature, based on the median annual value per hectare of ecosystem services of six terrestrial biomes. These values are based on a published meta-analysis of the TEEB database (de Groot et al., 2012). Recipe 2016 midpoint to endpoint conversion factors for terrestrial, marine and freshwater ecotoxicity are utilised to derive the monetisation factors (Huijbregts et al., 2016). A global value for endpoint valuation is used rather than location specific values, due to the high uncertainty and the fact that the quantification of ecosystems damage from Recipe is not location specific (e.g., it is not specified where the damage occurs, only the size of the damage). (True Price 2023)","Terrestrial Ecotoxicity [kg 1,4-dcb] Refers To The Potential Of Biological, Chemical Or Physical Stressors To Affect Terrestrial Ecosystems. The Contamination Of Ecosystems By Toxic Chemicals From Human Activities Has Become A Global Problem, With Millions Of Tonnes Of Potentially Toxic Chemicals Entering The Environment Every Year. Many Of These Chemicals Produce Toxic Metabolites That Have Harmful Effects On Living Organisms And Are Liable To Bioaccumulate And Biomagnify. Pesticide Inputs To Soils And Adjacent Water Bodies Are The Result Of Agricultural Activities.                                                                      "
Terrestrial ecotoxicity - tetpinf,"kg 1,4-dcb-eq","A compensation cost which expresses the social cost of pollution and indicates the occurring loss of economic welfare when pollutants are emitted to the environment, looking at ecosystems damage. Ecosystems damage is valued looking at the value of ecosystems services lost. The endpoint valuation of ecosystem damage represents the annual value of ecosystem services (ESS) of one hectare of nature, based on the median annual value per hectare of ecosystem services of six terrestrial biomes. These values are based on a published meta-analysis of the TEEB database (de Groot et al., 2012). Recipe 2016 midpoint to endpoint conversion factors for terrestrial, marine and freshwater ecotoxicity are utilised to derive the monetisation factors (Huijbregts et al., 2016). A global value for endpoint valuation is used rather than location specific values, due to the high uncertainty and the fact that the quantification of ecosystems damage from Recipe is not location specific (e.g., it is not specified where the damage occurs, only the size of the damage). (True Price 2023)","Terrestrial Ecotoxicity [kg 1,4-dcb] Refers To The Potential Of Biological, Chemical Or Physical Stressors To Affect Terrestrial Ecosystems. The Contamination Of Ecosystems By Toxic Chemicals From Human Activities Has Become A Global Problem, With Millions Of Tonnes Of Potentially Toxic Chemicals Entering The Environment Every Year. Many Of These Chemicals Produce Toxic Metabolites That Have Harmful Effects On Living Organisms And Are Liable To Bioaccumulate And Biomagnify. Pesticide Inputs To Soils And Adjacent Water Bodies Are The Result Of Agricultural Activities.                                                                      "
Thiabendazole,mg/kg,Prevention costs : the cost of treating a kidney patient for ine year (True Cost Accounting Agrifood Handbook),"Thiabendazole [mg/kg] Is A Pesticide Used During Cultivation, For Which Residues Can Be Left On The Product And Therefore Ingested By The Consumer, Causing Negative Health Externalities.                                                                                                                            "
Thiacloprid,mg/kg,Prevention costs : the cost of treating a kidney patient for ine year (True Cost Accounting Agrifood Handbook),"Thiacloprid [mg/kg] Is A Pesticide Used During Cultivation, For Which Residues Can Be Left On The Product And Therefore Ingested By The Consumer, Causing Negative Health Externalities.                                                                                                                            "
Thiamethoxam,mg/kg,Prevention costs : the cost of treating a kidney patient for ine year (True Cost Accounting Agrifood Handbook),"Thiamethoxam [mg/kg] Is A Pesticide Used During Cultivation, For Which Residues Can Be Left On The Product And Therefore Ingested By The Consumer, Causing Negative Health Externalities.                                                                                                                            "
Thiodicarb,mg/kg,Prevention costs : the cost of treating a kidney patient for ine year (True Cost Accounting Agrifood Handbook),"Thiodicarb [mg/kg] Is A Pesticide Used During Cultivation, For Which Residues Can Be Left On The Product And Therefore Ingested By The Consumer, Causing Negative Health Externalities.                                                                                                                            "
Thiophanate-methyl,mg/kg,Prevention costs : the cost of treating a kidney patient for ine year (True Cost Accounting Agrifood Handbook),"Thiophanate-methyl [mg/kg] Is A Pesticide Used During Cultivation, For Which Residues Can Be Left On The Product And Therefore Ingested By The Consumer, Causing Negative Health Externalities.                                                                                                                            "
Tolclofos-methyl,mg/kg,Prevention costs : the cost of treating a kidney patient for ine year (True Cost Accounting Agrifood Handbook),"Tolclofos-methyl [mg/kg] Is A Pesticide Used During Cultivation, For Which Residues Can Be Left On The Product And Therefore Ingested By The Consumer, Causing Negative Health Externalities.                                                                                                                            "
Triadimefon,mg/kg,Prevention costs : the cost of treating a kidney patient for ine year (True Cost Accounting Agrifood Handbook),"Triadimefon [mg/kg] Is A Pesticide Used During Cultivation, For Which Residues Can Be Left On The Product And Therefore Ingested By The Consumer, Causing Negative Health Externalities.                                                                                                                            "
Triadimenol,mg/kg,Prevention costs : the cost of treating a kidney patient for ine year (True Cost Accounting Agrifood Handbook),"Triadimenol [mg/kg] Is A Pesticide Used During Cultivation, For Which Residues Can Be Left On The Product And Therefore Ingested By The Consumer, Causing Negative Health Externalities.                                                                                                                            "
Triasulfuron,mg/kg,Prevention costs : the cost of treating a kidney patient for ine year (True Cost Accounting Agrifood Handbook),"Triasulfuron [mg/kg] Is A Pesticide Used During Cultivation, For Which Residues Can Be Left On The Product And Therefore Ingested By The Consumer, Causing Negative Health Externalities.                                                                                                                            "
Triazophos,mg/kg,Prevention costs : the cost of treating a kidney patient for ine year (True Cost Accounting Agrifood Handbook),"Triazophos [mg/kg] Is A Pesticide Used During Cultivation, For Which Residues Can Be Left On The Product And Therefore Ingested By The Consumer, Causing Negative Health Externalities.                                                                                                                            "
Tribenuron-methyl,mg/kg,Prevention costs : the cost of treating a kidney patient for ine year (True Cost Accounting Agrifood Handbook),"Tribenuron-methyl [mg/kg] Is A Pesticide Used During Cultivation, For Which Residues Can Be Left On The Product And Therefore Ingested By The Consumer, Causing Negative Health Externalities.                                                                                                                            "
Trifloxystrobin,mg/kg,Prevention costs : the cost of treating a kidney patient for ine year (True Cost Accounting Agrifood Handbook),"Trifloxystrobin [mg/kg] Is A Pesticide Used During Cultivation, For Which Residues Can Be Left On The Product And Therefore Ingested By The Consumer, Causing Negative Health Externalities.                                                                                                                            "
Trifluralin,mg/kg,Prevention costs : the cost of treating a kidney patient for ine year (True Cost Accounting Agrifood Handbook),"Trifluralin [mg/kg] Is A Pesticide Used During Cultivation, For Which Residues Can Be Left On The Product And Therefore Ingested By The Consumer, Causing Negative Health Externalities.                                                                                                                            "
Triforine,mg/kg,Prevention costs : the cost of treating a kidney patient for ine year (True Cost Accounting Agrifood Handbook),"Triforine [mg/kg] Is A Pesticide Used During Cultivation, For Which Residues Can Be Left On The Product And Therefore Ingested By The Consumer, Causing Negative Health Externalities.                                                                                                                            "
Trinexapac-ethyl,mg/kg,Prevention costs : the cost of treating a kidney patient for ine year (True Cost Accounting Agrifood Handbook),"Trinexapac-ethyl [mg/kg] Is A Pesticide Used During Cultivation, For Which Residues Can Be Left On The Product And Therefore Ingested By The Consumer, Causing Negative Health Externalities.                                                                                                                            "
Underage workers below minimum age involved in hazardous work,child fte/kg,"A combination of restoration, compensation, prevention and retribution cost. The restoration cost expresses the costs of providing quality education for children not attending school and the costs of implementing additional components of reintegration programmes for children involved in hazardous child labour (IPEC & ILO, 2004). The compensation cost expresses the loss of future earnings when a child is prevented from attending school during youth (IPEC & ILO, 2004). The prevention cost expresses the cost of generic auditing setup, to prevent future instances. Finally, the retribution cost represents a penalty for instances of child labour based on the weighted average of penalties from various countries that expresses a global penalty. (True Price 2023)","Underage Workers Below The Minimum Age Involved In Hazardous Work, Measured In Child Full-time Equivalents Per Kilogram (child Fte/kg), Refers To The Proportion Of Children Engaged In Labor Relative To The Amount Of Product Produced. This Metric Is Crucial For Highlighting Child Labor Issues, Particularly In Industries Where Children Are Exposed To Hazardous Conditions That Can Harm Their Health, Development, And Future Prospects.                                                                                        "
Uninsured non-fatal occupational incidents,incidents/kg,"A combination of compensation, prevention, and retribution costs. The compensation cost represents the average cost of medical expenses for occupational injuries not covered by the employer estimated from Dutch data and adapted to other countries using value transfer (RIVM, 2022; Stam, C. & Blatter, B., 2020; WHO, 2021), the value of health (DALY) loss in the case of non-fatal incidents and the VSL in the cause of fatal incidents as a compensation to the family of the victim (Biausque, 2012). The prevention cost expresses the cost of generic auditing setup, to prevent future instances. The retribution costs represent a penalty for the cases in which workers perform their duties in conditions which violate Health and Safety regulations, which is based on the weighted average of penalties from various countries that expresses a global penalty. (True Price 2023)","Uninsured Non-fatal Occupational Incidents, Expressed As Incidents Per Kilogram (incidents/kg), Quantify The Frequency Of Workplace Accidents That Result In Injuries And Are Not Covered By Insurance, Relative To The Amount Of Product Produced. It Provides Insights Into The Safety And Health Conditions Of A Workplace.                                                                                                          "
Urban land occupation,m²a,"A compensation cost which expresses the opportunity cost of land occupation based on the value of ecosystem services for main biomes based on a meta-analysis from TEEB (de Groot et al., 2012). Country-specific factors can be derived based on biome cover per country.","Captures Land Area Occupied By Urban Infrastructure Over A Year, Reflecting The Loss Of Natural Spaces And Changes In Land Use.                                                                                                                                  "
Urban land occupation - ulop,m2a,"A compensation cost which expresses the opportunity cost of land occupation based on the value of ecosystem services for main biomes based on a meta-analysis from TEEB (de Groot et al., 2012). Country-specific factors can be derived based on biome cover per country.","Captures Land Area Occupied By Urban Infrastructure Over A Year, Reflecting The Loss Of Natural Spaces And Changes In Land Use.                                                                                                                                  "
Value of denied paid leave,chf,"The cost includes compensation, prevention, and retribution. Compensation covers lost income from denied paid leave, adjusted for inflation. Prevention funds auditing to prevent future violations. Retribution applies apenalty for lack of legally required paid leaves",                                                                                                                                                      
Vinclozolin,mg/kg,Prevention costs : the cost of treating a kidney patient for ine year (True Cost Accounting Agrifood Handbook),"Vinclozolin [mg/kg] Is A Pesticide Used During Cultivation, For Which Residues Can Be Left On The Product And Therefore Ingested By The Consumer, Causing Negative Health Externalities.                                                                                                                            "
Wage gap from gender discrimination,chf/kg,"A combination of restoration, prevention, and retribution costs. The restoration cost represents the restitution of wage lost due to denied maternity leave, gender discrimination and unequal opportunities, corrected for an increase in consumer prices (annual inflation) due to delayed income. The prevention cost expresses the cost of generic auditing setup, to prevent future instances of discrimination. (True Price 2023)","Wage Gap From Gender Discrimination [chf/kg] Quantifies The Difference In Earnings Between Male And Female Workers, Adjusted For Output Produced. This Metric Is Important As It Highlights The Economic Disparities Stemming From Gender-based Discrimination In The Workplace, Reflecting Systemic Inequalities That Can Affect Women's Livelihoods And Overall Economic Stability.                                                                                                      "
Wage gap of workers earning above minimum wage but below decent living wage,chf/kg,"A combination of compensation, prevention, and retribution costs. The compensation cost expresses the gap to a decent living wage, corrected for an increase in consumer prices (annual inflation) due to delayed income. The prevention cost expresses the cost of generic auditing setup, to prevent future instances. The retribution cost represents a penalty for the amount of the wage gap that is below the legal minimum wage, based on the weighted average of penalties from various countries that expresses a global penalty. (True Price 2023)",Wage Gap Of Workers Earning Above Minimum Wage But Below Decent Living Wage [chf/kg] Quantifies The Difference Between The Earnings Of These Workers And The Threshold Of A Decent Living Wage Relative To The Output Produced. This Metric Is Crucial For Understanding The Economic Challenges Faced By Employees Who May Earn More Than The Legal Minimum But Still Lack Sufficient Income To Meet Basic Needs And Maintain A Decent Standard Of Living.                                                                               
Wage gap of workers earning below minimum wage,chf/kg,"A combination of compensation, prevention, and retribution costs. The compensation cost expresses the gap to a decent living wage, corrected for an increase in consumer prices (annual inflation) due to delayed income. The prevention cost expresses the cost of generic auditing setup, to prevent future instances. The retribution cost represents a penalty for the amount of the wage gap that is below the legal minimum wage, based on the weighted average of penalties from various countries that expresses a global penalty. (True Price 2023)","Wage Gap Of Workers Earning Below Minimum Wage [chf/kg] Quantifies The Difference Between The Earnings Of These Workers And The Legal Minimum Wage Relative To The Output Produced. This Metric Highlights The Extent Of Economic Exploitation And Labor Rights Violations In The Workforce, Reflecting Serious Issues Of Income Insecurity And Unfair Labor Practices.                                                                                                  "
Warfarin,mg/kg,Prevention costs : the cost of treating a kidney patient for ine year (True Cost Accounting Agrifood Handbook),"Warfarin [mg/kg] Is A Pesticide Used During Cultivation, For Which Residues Can Be Left On The Product And Therefore Ingested By The Consumer, Causing Negative Health Externalities.                                                                                                                            "
Water consumption,m3,"A restoration cost which expresses the annualized cost of desalination, including the cost of operation and maintenance, electrical and thermal energy, as well as the cost of covering and repaying initial capital and operational costs of desalination (World Bank, 2012). (True Price 2023)","Water Consumption [m3] Can Be Defined As The Use Of Water In Such A Way That It Is Evaporated, Incorporated Into Products, Transferred To Other Watersheds Or Discharged Into The Sea. It Is Thus No Longer Available In The Watershed Of Origin For Humans And Ecosystems. Water Resources Are Under Increasing Pressure From Population Growth And Rising Food Demand, With Agricultural Production Accounting For The Bulk Of The World's Freshwater Consumption. Water Depletion Can Have A Direct Impact On Aquatic Organisms, Reducing Crop Yields And Leading To Malnutrition.                                                               "
Water depletion - wdp,m3,"A restoration cost which expresses the annualized cost of desalination, including the cost of operation and maintenance, electrical and thermal energy, as well as the cost of covering and repaying initial capital and operational costs of desalination (World Bank, 2012). (True Price 2023)","Water Depletion [m3] Can Be Defined As The Use Of Water In Such A Way That It Is Evaporated, Incorporated Into Products, Transferred To Other Watersheds Or Discharged Into The Sea. It Is Thus No Longer Available In The Watershed Of Origin For Humans And Ecosystems. Water Resources Are Under Increasing Pressure From Population Growth And Rising Food Demand, With Agricultural Production Accounting For The Bulk Of The World's Freshwater Consumption. Water Depletion Can Have A Direct Impact On Aquatic Organisms, Reducing Crop Yields And Leading To Malnutrition.                                                               "
Women with denied maternity leave,women/kg,"The cost includes compensation, prevention, and retribution. Compensation covers lost income from maternity paid leave, adjusted for inflation. Prevention funds auditing to prevent future violations. Retribution applies apenalty for lack of legally required maternity leaves","Measures Instances Where Female Workers Are Legally Entitled To Maternity Leave But Are Not Granted It, Indicating Enforcement Failures And Workplace Discrimination.                                                                                                                                 "
Workers performing illegal overtime,fte,"The cost includes compensation, prevention, and retribution. Compensation covers lost income from denied paid leave, adjusted for inflation. Prevention funds auditing to prevent future violations. Retribution applies apenalty for lack of legally required paid leaves",Not Sure This Is Correct Name                                                                                                                                                 
Workers with denied paid leave,fte/kg,"A combination of compensation, prevention, and retribution costs. The compensation cost represents the restitution of the denied paid leave, corrected for an increase in consumer prices (annual inflation) due to delayed income. The prevention cost expresses the cost of generic auditing setup, to prevent future instances. The retribution cost represents a penalty for the workers without social security, in the case of a legal requirement by law, based on the weighted average of penalties from various countries that expresses a global penalty. (True Price 2023)","Workers With Denied Paid Leave [fte/kg] Refers To The Proportion Of Employees Who Do Not Receive Any Form Of Paid Leave—such As Sick Leave, Vacation Days, Or Parental Leave—relative To The Total Workforce. This Metric Is Important For Assessing Labor Rights And Employee Well-being, As The Lack Of Paid Leave Can Lead To Financial Insecurity And Negatively Impact Workers' Health And Productivity.                                                                                         "
Workers without legal social security,fte/kg,"A combination of compensation, prevention, and retribution costs. The compensation cost represents the restitution of the denied paid leave, corrected for an increase in consumer prices (annual inflation) due to delayed income. The prevention cost expresses the cost of generic auditing setup, to prevent future instances. The retribution cost represents a penalty for the workers without social security, in the case of a legal requirement by law, based on the weighted average of penalties from various countries that expresses a global penalty. (True Price 2023)","Workers Without Legal Social Security [fte/kg], Expressed In Full-time Equivalents Per Kilogram, Quantifies The Number Of Employees Lacking Access To Legally Mandated Social Security Benefits Relative To The Amount Of Product Produced. This Metric Is Essential For Assessing The Extent Of Labor Protections And Social Safety Nets Available To Workers, Particularly In Industries Where Informal Labor Practices Are Prevalent.                                                                                            "
Workers without paid leave provision,USD/kg,"The cost includes compensation, prevention, and retribution. Compensation covers lost income from denied paid leave, adjusted for inflation. Prevention funds auditing to prevent future violations. Retribution applies apenalty for lack of legally required paid leaves","Measures The Number Of Employees Without Compensation For Time Off, Including Sick Leave And Vacation, Which Can Contribute To Worker Fatigue And Economic Stress.                                                                                                                               "
Ziram,mg/kg,Prevention costs : the cost of treating a kidney patient for ine year (True Cost Accounting Agrifood Handbook),"Ziram [mg/kg] Is A Pesticide Used During Cultivation, For Which Residues Can Be Left On The Product And Therefore Ingested By The Consumer, Causing Negative Health Externalities.                                                                                                                            "
