"Beverage ID";"Country";"Ingredient";"Labels";"Stage";"Impact Category";"Indicator";"Unit";"Value";"Monetary Value";"Beverage-type";"product-id";"Product";"Years";"Production Method";"Stage functional unit";"Data quality (country specific)";"Proxy";"Salepoint";"Deca";"Milk Type";"Price Excluding Tax";"Value Added Tax";"Smart Value Added Tax";"Smart Pricing";"Smart Pricing rounded";"Value Unit";"References"
"Swiss sugar default";"Switzerland";"Sugarbeet";"none";"Production";"Environment";"Fine particulate matter formation";"kg PM2.5 eq";0;0;"Sugar";"Swiss sugar";"Sugar";"2021";"conventional";5.56;"yes";"none";"Rolex Centre";"False";"none";0;0;0.026;0;0;"USD2023/kg";"Sugar beet {CH}| production | Cut-off, S - Copied from Ecoinvent; World Bank, Inflation (annual %), 2024; CE-Delft, Environmental Prices Handbook (2017); European Central Bank, Eurosystem, US dollar (USD), 2024"
"Swiss sugar default";"Switzerland";"Sugarbeet";"none";"Production";"Environment";"Fossil resource scarcity";"kg oil eq";0;0;"Sugar";"Swiss sugar";"Sugar";"2021";"conventional";5.56;"yes";"none";"Rolex Centre";"False";"none";0;0;0.026;0;0;"USD2023/kg";"Sugar beet {CH}| production | Cut-off, S - Copied from Ecoinvent; World Bank, Inflation (annual %), 2024; True Price, Monestisation factors for true pricing (2023); European Central Bank, Eurosystem, US dollar (USD), 2024"
"Swiss sugar default";"Switzerland";"Sugarbeet";"none";"Production";"Environment";"Freshwater ecotoxicity";"kg 1,4-DCB";0;0;"Sugar";"Swiss sugar";"Sugar";"2021";"conventional";5.56;"yes";"none";"Rolex Centre";"False";"none";0;0;0.026;0;0;"USD2023/kg";"Sugar beet {CH}| production | Cut-off, S - Copied from Ecoinvent; World Bank, Inflation (annual %), 2024; True Price, Monestisation factors for true pricing (2023); European Central Bank, Eurosystem, US dollar (USD), 2024"
"Swiss sugar default";"Switzerland";"Sugarbeet";"none";"Production";"Environment";"Freshwater eutrophication";"kg P eq";0;0;"Sugar";"Swiss sugar";"Sugar";"2021";"conventional";5.56;"yes";"none";"Rolex Centre";"False";"none";0;0;0.026;0;0;"USD2023/kg";"Sugar beet {CH}| production | Cut-off, S - Copied from Ecoinvent; World Bank, Inflation (annual %), 2024; True Price, Monestisation factors for true pricing (2023); European Central Bank, Eurosystem, US dollar (USD), 2024"
"Swiss sugar default";"Switzerland";"Sugarbeet";"none";"Production";"Environment";"Global warming";"kg CO2 eq";0;0;"Sugar";"Swiss sugar";"Sugar";"2021";"conventional";5.56;"yes";"none";"Rolex Centre";"False";"none";0;0;0.026;0;0;"USD2023/kg";"Sugar beet {CH}| production | Cut-off, S - Copied from Ecoinvent; World Bank, Inflation (annual %), 2024; True Price, Monestisation factors for true pricing (2023); European Central Bank, Eurosystem, US dollar (USD), 2024"
"Swiss sugar default";"Switzerland";"Sugarbeet";"none";"Production";"Environment";"Human carcinogenic toxicity";"kg 1,4-DCB";0;0;"Sugar";"Swiss sugar";"Sugar";"2021";"conventional";5.56;"yes";"none";"Rolex Centre";"False";"none";0;0;0.026;0;0;"USD2023/kg";"Sugar beet {CH}| production | Cut-off, S - Copied from Ecoinvent; World Bank, Inflation (annual %), 2024; No factor available; European Central Bank, Eurosystem, US dollar (USD), 2024"
"Swiss sugar default";"Switzerland";"Sugarbeet";"none";"Production";"Environment";"Human non-carcinogenic toxicity";"kg 1,4-DCB";-0;-0;"Sugar";"Swiss sugar";"Sugar";"2021";"conventional";5.56;"yes";"none";"Rolex Centre";"False";"none";0;0;0.026;0;0;"USD2023/kg";"Sugar beet {CH}| production | Cut-off, S - Copied from Ecoinvent; World Bank, Inflation (annual %), 2024; No factor available; European Central Bank, Eurosystem, US dollar (USD), 2024"
"Swiss sugar default";"Switzerland";"Sugarbeet";"none";"Production";"Environment";"Ionizing radiation";"kBq Co-60 eq";0;0;"Sugar";"Swiss sugar";"Sugar";"2021";"conventional";5.56;"yes";"none";"Rolex Centre";"False";"none";0;0;0.026;0;0;"USD2023/kg";"Sugar beet {CH}| production | Cut-off, S - Copied from Ecoinvent; World Bank, Inflation (annual %), 2024; No factor available; European Central Bank, Eurosystem, US dollar (USD), 2024"
"Swiss sugar default";"Switzerland";"Sugarbeet";"none";"Production";"Environment";"Land use";"m2a crop eq";0;0;"Sugar";"Swiss sugar";"Sugar";"2021";"conventional";5.56;"yes";"none";"Rolex Centre";"False";"none";0;0;0.026;0;0;"USD2023/kg";"Sugar beet {CH}| production | Cut-off, S - Copied from Ecoinvent; World Bank, Inflation (annual %), 2024; True Price, Monestisation factors for true pricing (2023); European Central Bank, Eurosystem, US dollar (USD), 2024"
"Swiss sugar default";"Switzerland";"Sugarbeet";"none";"Production";"Environment";"Marine ecotoxicity";"kg 1,4-DCB";0;0;"Sugar";"Swiss sugar";"Sugar";"2021";"conventional";5.56;"yes";"none";"Rolex Centre";"False";"none";0;0;0.026;0;0;"USD2023/kg";"Sugar beet {CH}| production | Cut-off, S - Copied from Ecoinvent; World Bank, Inflation (annual %), 2024; True Price, Monestisation factors for true pricing (2023); European Central Bank, Eurosystem, US dollar (USD), 2024"
"Swiss sugar default";"Switzerland";"Sugarbeet";"none";"Production";"Environment";"Marine eutrophication";"kg N eq";0;0;"Sugar";"Swiss sugar";"Sugar";"2021";"conventional";5.56;"yes";"none";"Rolex Centre";"False";"none";0;0;0.026;0;0;"USD2023/kg";"Sugar beet {CH}| production | Cut-off, S - Copied from Ecoinvent; World Bank, Inflation (annual %), 2024; True Price, Monestisation factors for true pricing (2023); European Central Bank, Eurosystem, US dollar (USD), 2024"
"Swiss sugar default";"Switzerland";"Sugarbeet";"none";"Production";"Environment";"Mineral resource scarcity";"kg Cu eq";0;0;"Sugar";"Swiss sugar";"Sugar";"2021";"conventional";5.56;"yes";"none";"Rolex Centre";"False";"none";0;0;0.026;0;0;"USD2023/kg";"Sugar beet {CH}| production | Cut-off, S - Copied from Ecoinvent; World Bank, Inflation (annual %), 2024; True Price, Monestisation factors for true pricing (2023); European Central Bank, Eurosystem, US dollar (USD), 2024"
"Swiss sugar default";"Switzerland";"Sugarbeet";"none";"Production";"Environment";"Ozone formation, Human health";"kg NOx eq";0;0;"Sugar";"Swiss sugar";"Sugar";"2021";"conventional";5.56;"yes";"none";"Rolex Centre";"False";"none";0;0;0.026;0;0;"USD2023/kg";"Sugar beet {CH}| production | Cut-off, S - Copied from Ecoinvent; World Bank, Inflation (annual %), 2024; No factor available; European Central Bank, Eurosystem, US dollar (USD), 2024"
"Swiss sugar default";"Switzerland";"Sugarbeet";"none";"Production";"Environment";"Ozone formation, Terrestrial ecosystems";"kg NOx eq";0;0;"Sugar";"Swiss sugar";"Sugar";"2021";"conventional";5.56;"yes";"none";"Rolex Centre";"False";"none";0;0;0.026;0;0;"USD2023/kg";"Sugar beet {CH}| production | Cut-off, S - Copied from Ecoinvent; World Bank, Inflation (annual %), 2024; No factor available; European Central Bank, Eurosystem, US dollar (USD), 2024"
"Swiss sugar default";"Switzerland";"Sugarbeet";"none";"Production";"Environment";"Stratospheric ozone depletion";"kg CFC11 eq";0;0;"Sugar";"Swiss sugar";"Sugar";"2021";"conventional";5.56;"yes";"none";"Rolex Centre";"False";"none";0;0;0.026;0;0;"USD2023/kg";"Sugar beet {CH}| production | Cut-off, S - Copied from Ecoinvent; World Bank, Inflation (annual %), 2024; True Price, Monestisation factors for true pricing (2023); European Central Bank, Eurosystem, US dollar (USD), 2024"
"Swiss sugar default";"Switzerland";"Sugarbeet";"none";"Production";"Environment";"Terrestrial acidification";"kg SO2 eq";0;0;"Sugar";"Swiss sugar";"Sugar";"2021";"conventional";5.56;"yes";"none";"Rolex Centre";"False";"none";0;0;0.026;0;0;"USD2023/kg";"Sugar beet {CH}| production | Cut-off, S - Copied from Ecoinvent; World Bank, Inflation (annual %), 2024; True Price, Monestisation factors for true pricing (2023); European Central Bank, Eurosystem, US dollar (USD), 2024"
"Swiss sugar default";"Switzerland";"Sugarbeet";"none";"Production";"Environment";"Terrestrial ecotoxicity";"kg 1,4-DCB";0;0;"Sugar";"Swiss sugar";"Sugar";"2021";"conventional";5.56;"yes";"none";"Rolex Centre";"False";"none";0;0;0.026;0;0;"USD2023/kg";"Sugar beet {CH}| production | Cut-off, S - Copied from Ecoinvent; World Bank, Inflation (annual %), 2024; True Price, Monestisation factors for true pricing (2023); European Central Bank, Eurosystem, US dollar (USD), 2024"
"Swiss sugar default";"Switzerland";"Sugarbeet";"none";"Production";"Environment";"Water consumption";"m3";0;0;"Sugar";"Swiss sugar";"Sugar";"2021";"conventional";5.56;"yes";"none";"Rolex Centre";"False";"none";0;0;0.026;0;0;"USD2023/kg";"Sugar beet {CH}| production | Cut-off, S - Copied from Ecoinvent; World Bank, Inflation (annual %), 2024; True Price, Monestisation factors for true pricing (2023); European Central Bank, Eurosystem, US dollar (USD), 2024"
"Swiss sugar default";"Switzerland";"Sugarbeet";"none";"Processing, Sugar extraction";"Environment";"Fine particulate matter formation";"kg PM2.5 eq";0;0;"Sugar";"Swiss sugar";"Sugar";"2021";"conventional";5.56;"no";"France";"Rolex Centre";"False";"none";0;0;0.026;0;0;"USD2023/kg";"Extraction of sugar from beet, processing/FR U Misssing data at the country level, France has been used as a proxy; World Bank, Inflation (annual %), 2024; CE-Delft, Environmental Prices Handbook (2017); European Central Bank, Eurosystem, US dollar (USD), 2024"
"Swiss sugar default";"Switzerland";"Sugarbeet";"none";"Processing, Sugar extraction";"Environment";"Fossil resource scarcity";"kg oil eq";0;0;"Sugar";"Swiss sugar";"Sugar";"2021";"conventional";5.56;"no";"France";"Rolex Centre";"False";"none";0;0;0.026;0;0;"USD2023/kg";"Extraction of sugar from beet, processing/FR U Misssing data at the country level, France has been used as a proxy; World Bank, Inflation (annual %), 2024; True Price, Monestisation factors for true pricing (2023); European Central Bank, Eurosystem, US dollar (USD), 2024"
"Swiss sugar default";"Switzerland";"Sugarbeet";"none";"Processing, Sugar extraction";"Environment";"Freshwater ecotoxicity";"kg 1,4-DCB";0;0;"Sugar";"Swiss sugar";"Sugar";"2021";"conventional";5.56;"no";"France";"Rolex Centre";"False";"none";0;0;0.026;0;0;"USD2023/kg";"Extraction of sugar from beet, processing/FR U Misssing data at the country level, France has been used as a proxy; World Bank, Inflation (annual %), 2024; True Price, Monestisation factors for true pricing (2023); European Central Bank, Eurosystem, US dollar (USD), 2024"
"Swiss sugar default";"Switzerland";"Sugarbeet";"none";"Processing, Sugar extraction";"Environment";"Freshwater eutrophication";"kg P eq";0;0;"Sugar";"Swiss sugar";"Sugar";"2021";"conventional";5.56;"no";"France";"Rolex Centre";"False";"none";0;0;0.026;0;0;"USD2023/kg";"Extraction of sugar from beet, processing/FR U Misssing data at the country level, France has been used as a proxy; World Bank, Inflation (annual %), 2024; True Price, Monestisation factors for true pricing (2023); European Central Bank, Eurosystem, US dollar (USD), 2024"
"Swiss sugar default";"Switzerland";"Sugarbeet";"none";"Processing, Sugar extraction";"Environment";"Global warming";"kg CO2 eq";0;0;"Sugar";"Swiss sugar";"Sugar";"2021";"conventional";5.56;"no";"France";"Rolex Centre";"False";"none";0;0;0.026;0;0;"USD2023/kg";"Extraction of sugar from beet, processing/FR U Misssing data at the country level, France has been used as a proxy; World Bank, Inflation (annual %), 2024; True Price, Monestisation factors for true pricing (2023); European Central Bank, Eurosystem, US dollar (USD), 2024"
"Swiss sugar default";"Switzerland";"Sugarbeet";"none";"Processing, Sugar extraction";"Environment";"Human carcinogenic toxicity";"kg 1,4-DCB";0;0;"Sugar";"Swiss sugar";"Sugar";"2021";"conventional";5.56;"no";"France";"Rolex Centre";"False";"none";0;0;0.026;0;0;"USD2023/kg";"Extraction of sugar from beet, processing/FR U Misssing data at the country level, France has been used as a proxy; World Bank, Inflation (annual %), 2024; No factor available; European Central Bank, Eurosystem, US dollar (USD), 2024"
"Swiss sugar default";"Switzerland";"Sugarbeet";"none";"Processing, Sugar extraction";"Environment";"Human non-carcinogenic toxicity";"kg 1,4-DCB";0;0;"Sugar";"Swiss sugar";"Sugar";"2021";"conventional";5.56;"no";"France";"Rolex Centre";"False";"none";0;0;0.026;0;0;"USD2023/kg";"Extraction of sugar from beet, processing/FR U Misssing data at the country level, France has been used as a proxy; World Bank, Inflation (annual %), 2024; No factor available; European Central Bank, Eurosystem, US dollar (USD), 2024"
"Swiss sugar default";"Switzerland";"Sugarbeet";"none";"Processing, Sugar extraction";"Environment";"Ionizing radiation";"kBq Co-60 eq";0;0;"Sugar";"Swiss sugar";"Sugar";"2021";"conventional";5.56;"no";"France";"Rolex Centre";"False";"none";0;0;0.026;0;0;"USD2023/kg";"Extraction of sugar from beet, processing/FR U Misssing data at the country level, France has been used as a proxy; World Bank, Inflation (annual %), 2024; No factor available; European Central Bank, Eurosystem, US dollar (USD), 2024"
"Swiss sugar default";"Switzerland";"Sugarbeet";"none";"Processing, Sugar extraction";"Environment";"Land use";"m2a crop eq";0;0;"Sugar";"Swiss sugar";"Sugar";"2021";"conventional";5.56;"no";"France";"Rolex Centre";"False";"none";0;0;0.026;0;0;"USD2023/kg";"Extraction of sugar from beet, processing/FR U Misssing data at the country level, France has been used as a proxy; World Bank, Inflation (annual %), 2024; True Price, Monestisation factors for true pricing (2023); European Central Bank, Eurosystem, US dollar (USD), 2024"
"Swiss sugar default";"Switzerland";"Sugarbeet";"none";"Processing, Sugar extraction";"Environment";"Marine ecotoxicity";"kg 1,4-DCB";0;0;"Sugar";"Swiss sugar";"Sugar";"2021";"conventional";5.56;"no";"France";"Rolex Centre";"False";"none";0;0;0.026;0;0;"USD2023/kg";"Extraction of sugar from beet, processing/FR U Misssing data at the country level, France has been used as a proxy; World Bank, Inflation (annual %), 2024; True Price, Monestisation factors for true pricing (2023); European Central Bank, Eurosystem, US dollar (USD), 2024"
"Swiss sugar default";"Switzerland";"Sugarbeet";"none";"Processing, Sugar extraction";"Environment";"Marine eutrophication";"kg N eq";0;0;"Sugar";"Swiss sugar";"Sugar";"2021";"conventional";5.56;"no";"France";"Rolex Centre";"False";"none";0;0;0.026;0;0;"USD2023/kg";"Extraction of sugar from beet, processing/FR U Misssing data at the country level, France has been used as a proxy; World Bank, Inflation (annual %), 2024; True Price, Monestisation factors for true pricing (2023); European Central Bank, Eurosystem, US dollar (USD), 2024"
"Swiss sugar default";"Switzerland";"Sugarbeet";"none";"Processing, Sugar extraction";"Environment";"Mineral resource scarcity";"kg Cu eq";0;0;"Sugar";"Swiss sugar";"Sugar";"2021";"conventional";5.56;"no";"France";"Rolex Centre";"False";"none";0;0;0.026;0;0;"USD2023/kg";"Extraction of sugar from beet, processing/FR U Misssing data at the country level, France has been used as a proxy; World Bank, Inflation (annual %), 2024; True Price, Monestisation factors for true pricing (2023); European Central Bank, Eurosystem, US dollar (USD), 2024"
"Swiss sugar default";"Switzerland";"Sugarbeet";"none";"Processing, Sugar extraction";"Environment";"Ozone formation, Human health";"kg NOx eq";0;0;"Sugar";"Swiss sugar";"Sugar";"2021";"conventional";5.56;"no";"France";"Rolex Centre";"False";"none";0;0;0.026;0;0;"USD2023/kg";"Extraction of sugar from beet, processing/FR U Misssing data at the country level, France has been used as a proxy; World Bank, Inflation (annual %), 2024; No factor available; European Central Bank, Eurosystem, US dollar (USD), 2024"
"Swiss sugar default";"Switzerland";"Sugarbeet";"none";"Processing, Sugar extraction";"Environment";"Ozone formation, Terrestrial ecosystems";"kg NOx eq";0;0;"Sugar";"Swiss sugar";"Sugar";"2021";"conventional";5.56;"no";"France";"Rolex Centre";"False";"none";0;0;0.026;0;0;"USD2023/kg";"Extraction of sugar from beet, processing/FR U Misssing data at the country level, France has been used as a proxy; World Bank, Inflation (annual %), 2024; No factor available; European Central Bank, Eurosystem, US dollar (USD), 2024"
"Swiss sugar default";"Switzerland";"Sugarbeet";"none";"Processing, Sugar extraction";"Environment";"Stratospheric ozone depletion";"kg CFC11 eq";0;0;"Sugar";"Swiss sugar";"Sugar";"2021";"conventional";5.56;"no";"France";"Rolex Centre";"False";"none";0;0;0.026;0;0;"USD2023/kg";"Extraction of sugar from beet, processing/FR U Misssing data at the country level, France has been used as a proxy; World Bank, Inflation (annual %), 2024; True Price, Monestisation factors for true pricing (2023); European Central Bank, Eurosystem, US dollar (USD), 2024"
"Swiss sugar default";"Switzerland";"Sugarbeet";"none";"Processing, Sugar extraction";"Environment";"Terrestrial acidification";"kg SO2 eq";0;0;"Sugar";"Swiss sugar";"Sugar";"2021";"conventional";5.56;"no";"France";"Rolex Centre";"False";"none";0;0;0.026;0;0;"USD2023/kg";"Extraction of sugar from beet, processing/FR U Misssing data at the country level, France has been used as a proxy; World Bank, Inflation (annual %), 2024; True Price, Monestisation factors for true pricing (2023); European Central Bank, Eurosystem, US dollar (USD), 2024"
"Swiss sugar default";"Switzerland";"Sugarbeet";"none";"Processing, Sugar extraction";"Environment";"Terrestrial ecotoxicity";"kg 1,4-DCB";0;0;"Sugar";"Swiss sugar";"Sugar";"2021";"conventional";5.56;"no";"France";"Rolex Centre";"False";"none";0;0;0.026;0;0;"USD2023/kg";"Extraction of sugar from beet, processing/FR U Misssing data at the country level, France has been used as a proxy; World Bank, Inflation (annual %), 2024; True Price, Monestisation factors for true pricing (2023); European Central Bank, Eurosystem, US dollar (USD), 2024"
"Swiss sugar default";"Switzerland";"Sugarbeet";"none";"Processing, Sugar extraction";"Environment";"Water consumption";"m3";-0;-0;"Sugar";"Swiss sugar";"Sugar";"2021";"conventional";5.56;"no";"France";"Rolex Centre";"False";"none";0;0;0.026;0;0;"USD2023/kg";"Extraction of sugar from beet, processing/FR U Misssing data at the country level, France has been used as a proxy; World Bank, Inflation (annual %), 2024; True Price, Monestisation factors for true pricing (2023); European Central Bank, Eurosystem, US dollar (USD), 2024"
"Swiss sugar default";"Europe";"Sugarbeet";"none";"Transport, Field to Storage";"Environment";"Agricultural land occupation";"m2a";0;0;"Sugar";"Swiss sugar";"Sugar";"2021";"conventional";5.56;"country-specific";"Europe";"Rolex Centre";"False";"none";0;0;0.026;0;0;"USD2023/kg";"Road; transport, freight, lorry 16-32 metric ton, EURO6 (200); World Bank, Inflation (annual %), 2024; No factor available; European Central Bank, Eurosystem, US dollar (USD), 2024"
"Swiss sugar default";"Europe";"Sugarbeet";"none";"Transport, Field to Storage";"Environment";"Global warming";"kg CO2 eq";0;0;"Sugar";"Swiss sugar";"Sugar";"2021";"conventional";5.56;"country-specific";"Europe";"Rolex Centre";"False";"none";0;0;0.026;0;0;"USD2023/kg";"Road; transport, freight, lorry 16-32 metric ton, EURO6 (200); World Bank, Inflation (annual %), 2024; True Price, Monestisation factors for true pricing (2023); European Central Bank, Eurosystem, US dollar (USD), 2024"
"Swiss sugar default";"Europe";"Sugarbeet";"none";"Transport, Field to Storage";"Environment";"Fossil resource scarcity";"kg oil eq";0;0;"Sugar";"Swiss sugar";"Sugar";"2021";"conventional";5.56;"country-specific";"Europe";"Rolex Centre";"False";"none";0;0;0.026;0;0;"USD2023/kg";"Road; transport, freight, lorry 16-32 metric ton, EURO6 (200); World Bank, Inflation (annual %), 2024; True Price, Monestisation factors for true pricing (2023); European Central Bank, Eurosystem, US dollar (USD), 2024"
"Swiss sugar default";"Europe";"Sugarbeet";"none";"Transport, Field to Storage";"Environment";"Freshwater ecotoxicity";"kg 1,4-DCB";0;0;"Sugar";"Swiss sugar";"Sugar";"2021";"conventional";5.56;"country-specific";"Europe";"Rolex Centre";"False";"none";0;0;0.026;0;0;"USD2023/kg";"Road; transport, freight, lorry 16-32 metric ton, EURO6 (200); World Bank, Inflation (annual %), 2024; True Price, Monestisation factors for true pricing (2023); European Central Bank, Eurosystem, US dollar (USD), 2024"
"Swiss sugar default";"Europe";"Sugarbeet";"none";"Transport, Field to Storage";"Environment";"Freshwater eutrophication";"kg P eq";0;0;"Sugar";"Swiss sugar";"Sugar";"2021";"conventional";5.56;"country-specific";"Europe";"Rolex Centre";"False";"none";0;0;0.026;0;0;"USD2023/kg";"Road; transport, freight, lorry 16-32 metric ton, EURO6 (200); World Bank, Inflation (annual %), 2024; True Price, Monestisation factors for true pricing (2023); European Central Bank, Eurosystem, US dollar (USD), 2024"
"Swiss sugar default";"Europe";"Sugarbeet";"none";"Transport, Field to Storage";"Environment";"Human toxicity";"kg 1,4-DCB";0;0;"Sugar";"Swiss sugar";"Sugar";"2021";"conventional";5.56;"country-specific";"Europe";"Rolex Centre";"False";"none";0;0;0.026;0;0;"USD2023/kg";"Road; transport, freight, lorry 16-32 metric ton, EURO6 (200); World Bank, Inflation (annual %), 2024; No factor available; European Central Bank, Eurosystem, US dollar (USD), 2024"
"Swiss sugar default";"Europe";"Sugarbeet";"none";"Transport, Field to Storage";"Environment";"Ionising radiation";"kg U235-Eq";0;0;"Sugar";"Swiss sugar";"Sugar";"2021";"conventional";5.56;"country-specific";"Europe";"Rolex Centre";"False";"none";0;0;0.026;0;0;"USD2023/kg";"Road; transport, freight, lorry 16-32 metric ton, EURO6 (200); World Bank, Inflation (annual %), 2024; CE-Delft, Environmental Prices Handbook (2017); European Central Bank, Eurosystem, US dollar (USD), 2024"
"Swiss sugar default";"Europe";"Sugarbeet";"none";"Transport, Field to Storage";"Environment";"Marine ecotoxicity";"kg 1,4-DCB";0;0;"Sugar";"Swiss sugar";"Sugar";"2021";"conventional";5.56;"country-specific";"Europe";"Rolex Centre";"False";"none";0;0;0.026;0;0;"USD2023/kg";"Road; transport, freight, lorry 16-32 metric ton, EURO6 (200); World Bank, Inflation (annual %), 2024; True Price, Monestisation factors for true pricing (2023); European Central Bank, Eurosystem, US dollar (USD), 2024"
"Swiss sugar default";"Europe";"Sugarbeet";"none";"Transport, Field to Storage";"Environment";"Marine eutrophication";"kg N eq";0;0;"Sugar";"Swiss sugar";"Sugar";"2021";"conventional";5.56;"country-specific";"Europe";"Rolex Centre";"False";"none";0;0;0.026;0;0;"USD2023/kg";"Road; transport, freight, lorry 16-32 metric ton, EURO6 (200); World Bank, Inflation (annual %), 2024; True Price, Monestisation factors for true pricing (2023); European Central Bank, Eurosystem, US dollar (USD), 2024"
"Swiss sugar default";"Europe";"Sugarbeet";"none";"Transport, Field to Storage";"Environment";"Metal depletion";"kg Fe eq";0;0;"Sugar";"Swiss sugar";"Sugar";"2021";"conventional";5.56;"country-specific";"Europe";"Rolex Centre";"False";"none";0;0;0.026;0;0;"USD2023/kg";"Road; transport, freight, lorry 16-32 metric ton, EURO6 (200); World Bank, Inflation (annual %), 2024; No factor available; European Central Bank, Eurosystem, US dollar (USD), 2024"
"Swiss sugar default";"Europe";"Sugarbeet";"none";"Transport, Field to Storage";"Environment";"Natural land transformation";"m2";0;0;"Sugar";"Swiss sugar";"Sugar";"2021";"conventional";5.56;"country-specific";"Europe";"Rolex Centre";"False";"none";0;0;0.026;0;0;"USD2023/kg";"Road; transport, freight, lorry 16-32 metric ton, EURO6 (200); World Bank, Inflation (annual %), 2024; No factor available; European Central Bank, Eurosystem, US dollar (USD), 2024"
"Swiss sugar default";"Europe";"Sugarbeet";"none";"Transport, Field to Storage";"Environment";"Stratospheric ozone depletion";"kg CFC11 eq";0;0;"Sugar";"Swiss sugar";"Sugar";"2021";"conventional";5.56;"country-specific";"Europe";"Rolex Centre";"False";"none";0;0;0.026;0;0;"USD2023/kg";"Road; transport, freight, lorry 16-32 metric ton, EURO6 (200); World Bank, Inflation (annual %), 2024; True Price, Monestisation factors for true pricing (2023); European Central Bank, Eurosystem, US dollar (USD), 2024"
"Swiss sugar default";"Europe";"Sugarbeet";"none";"Transport, Field to Storage";"Environment";"Fine particulate matter formation";"kg PM10 eq";0;0;"Sugar";"Swiss sugar";"Sugar";"2021";"conventional";5.56;"country-specific";"Europe";"Rolex Centre";"False";"none";0;0;0.026;0;0;"USD2023/kg";"Road; transport, freight, lorry 16-32 metric ton, EURO6 (200); World Bank, Inflation (annual %), 2024; No factor available; European Central Bank, Eurosystem, US dollar (USD), 2024"
"Swiss sugar default";"Europe";"Sugarbeet";"none";"Transport, Field to Storage";"Environment";"Photochemical oxidant formation";"kg NMVOC";0;0;"Sugar";"Swiss sugar";"Sugar";"2021";"conventional";5.56;"country-specific";"Europe";"Rolex Centre";"False";"none";0;0;0.026;0;0;"USD2023/kg";"Road; transport, freight, lorry 16-32 metric ton, EURO6 (200); World Bank, Inflation (annual %), 2024; True Price, Monestisation factors for true pricing (2023); European Central Bank, Eurosystem, US dollar (USD), 2024"
"Swiss sugar default";"Europe";"Sugarbeet";"none";"Transport, Field to Storage";"Environment";"Terrestrial acidification";"kg SO2 eq";0;0;"Sugar";"Swiss sugar";"Sugar";"2021";"conventional";5.56;"country-specific";"Europe";"Rolex Centre";"False";"none";0;0;0.026;0;0;"USD2023/kg";"Road; transport, freight, lorry 16-32 metric ton, EURO6 (200); World Bank, Inflation (annual %), 2024; True Price, Monestisation factors for true pricing (2023); European Central Bank, Eurosystem, US dollar (USD), 2024"
"Swiss sugar default";"Europe";"Sugarbeet";"none";"Transport, Field to Storage";"Environment";"Terrestrial ecotoxicity";"kg 1,4-DCB";0;0;"Sugar";"Swiss sugar";"Sugar";"2021";"conventional";5.56;"country-specific";"Europe";"Rolex Centre";"False";"none";0;0;0.026;0;0;"USD2023/kg";"Road; transport, freight, lorry 16-32 metric ton, EURO6 (200); World Bank, Inflation (annual %), 2024; True Price, Monestisation factors for true pricing (2023); European Central Bank, Eurosystem, US dollar (USD), 2024"
"Swiss sugar default";"Europe";"Sugarbeet";"none";"Transport, Field to Storage";"Environment";"Urban land occupation";"m2a";0;0;"Sugar";"Swiss sugar";"Sugar";"2021";"conventional";5.56;"country-specific";"Europe";"Rolex Centre";"False";"none";0;0;0.026;0;0;"USD2023/kg";"Road; transport, freight, lorry 16-32 metric ton, EURO6 (200); World Bank, Inflation (annual %), 2024; CE-Delft, Environmental Prices Handbook (2017); European Central Bank, Eurosystem, US dollar (USD), 2024"
"Swiss sugar default";"Europe";"Sugarbeet";"none";"Transport, Field to Storage";"Environment";"Water consumption";"m3";0;0;"Sugar";"Swiss sugar";"Sugar";"2021";"conventional";5.56;"country-specific";"Europe";"Rolex Centre";"False";"none";0;0;0.026;0;0;"USD2023/kg";"Road; transport, freight, lorry 16-32 metric ton, EURO6 (200); World Bank, Inflation (annual %), 2024; True Price, Monestisation factors for true pricing (2023); European Central Bank, Eurosystem, US dollar (USD), 2024"
"Swiss sugar default";"Europe";"Sugarbeet";"none";"Transport, Storage-to-Port";"Environment";"Agricultural land occupation";"m2a";0;0;"Sugar";"Swiss sugar";"Sugar";"2021";"conventional";1;"country-specific";"Europe";"Rolex Centre";"False";"none";0;0;0.026;0;0;"USD2023/kg";"Road; transport, freight, lorry 16-32 metric ton, EURO6 (210); World Bank, Inflation (annual %), 2024; No factor available; European Central Bank, Eurosystem, US dollar (USD), 2024"
"Swiss sugar default";"Europe";"Sugarbeet";"none";"Transport, Storage-to-Port";"Environment";"Global warming";"kg CO2 eq";0;0;"Sugar";"Swiss sugar";"Sugar";"2021";"conventional";1;"country-specific";"Europe";"Rolex Centre";"False";"none";0;0;0.026;0;0;"USD2023/kg";"Road; transport, freight, lorry 16-32 metric ton, EURO6 (210); World Bank, Inflation (annual %), 2024; True Price, Monestisation factors for true pricing (2023); European Central Bank, Eurosystem, US dollar (USD), 2024"
"Swiss sugar default";"Europe";"Sugarbeet";"none";"Transport, Storage-to-Port";"Environment";"Fossil resource scarcity";"kg oil eq";0;0;"Sugar";"Swiss sugar";"Sugar";"2021";"conventional";1;"country-specific";"Europe";"Rolex Centre";"False";"none";0;0;0.026;0;0;"USD2023/kg";"Road; transport, freight, lorry 16-32 metric ton, EURO6 (210); World Bank, Inflation (annual %), 2024; True Price, Monestisation factors for true pricing (2023); European Central Bank, Eurosystem, US dollar (USD), 2024"
"Swiss sugar default";"Europe";"Sugarbeet";"none";"Transport, Storage-to-Port";"Environment";"Freshwater ecotoxicity";"kg 1,4-DCB";0;0;"Sugar";"Swiss sugar";"Sugar";"2021";"conventional";1;"country-specific";"Europe";"Rolex Centre";"False";"none";0;0;0.026;0;0;"USD2023/kg";"Road; transport, freight, lorry 16-32 metric ton, EURO6 (210); World Bank, Inflation (annual %), 2024; True Price, Monestisation factors for true pricing (2023); European Central Bank, Eurosystem, US dollar (USD), 2024"
"Swiss sugar default";"Europe";"Sugarbeet";"none";"Transport, Storage-to-Port";"Environment";"Freshwater eutrophication";"kg P eq";0;0;"Sugar";"Swiss sugar";"Sugar";"2021";"conventional";1;"country-specific";"Europe";"Rolex Centre";"False";"none";0;0;0.026;0;0;"USD2023/kg";"Road; transport, freight, lorry 16-32 metric ton, EURO6 (210); World Bank, Inflation (annual %), 2024; True Price, Monestisation factors for true pricing (2023); European Central Bank, Eurosystem, US dollar (USD), 2024"
"Swiss sugar default";"Europe";"Sugarbeet";"none";"Transport, Storage-to-Port";"Environment";"Human toxicity";"kg 1,4-DCB";0;0;"Sugar";"Swiss sugar";"Sugar";"2021";"conventional";1;"country-specific";"Europe";"Rolex Centre";"False";"none";0;0;0.026;0;0;"USD2023/kg";"Road; transport, freight, lorry 16-32 metric ton, EURO6 (210); World Bank, Inflation (annual %), 2024; No factor available; European Central Bank, Eurosystem, US dollar (USD), 2024"
"Swiss sugar default";"Europe";"Sugarbeet";"none";"Transport, Storage-to-Port";"Environment";"Ionising radiation";"kg U235-Eq";0;0;"Sugar";"Swiss sugar";"Sugar";"2021";"conventional";1;"country-specific";"Europe";"Rolex Centre";"False";"none";0;0;0.026;0;0;"USD2023/kg";"Road; transport, freight, lorry 16-32 metric ton, EURO6 (210); World Bank, Inflation (annual %), 2024; CE-Delft, Environmental Prices Handbook (2017); European Central Bank, Eurosystem, US dollar (USD), 2024"
"Swiss sugar default";"Europe";"Sugarbeet";"none";"Transport, Storage-to-Port";"Environment";"Marine ecotoxicity";"kg 1,4-DCB";0;0;"Sugar";"Swiss sugar";"Sugar";"2021";"conventional";1;"country-specific";"Europe";"Rolex Centre";"False";"none";0;0;0.026;0;0;"USD2023/kg";"Road; transport, freight, lorry 16-32 metric ton, EURO6 (210); World Bank, Inflation (annual %), 2024; True Price, Monestisation factors for true pricing (2023); European Central Bank, Eurosystem, US dollar (USD), 2024"
"Swiss sugar default";"Europe";"Sugarbeet";"none";"Transport, Storage-to-Port";"Environment";"Marine eutrophication";"kg N eq";0;0;"Sugar";"Swiss sugar";"Sugar";"2021";"conventional";1;"country-specific";"Europe";"Rolex Centre";"False";"none";0;0;0.026;0;0;"USD2023/kg";"Road; transport, freight, lorry 16-32 metric ton, EURO6 (210); World Bank, Inflation (annual %), 2024; True Price, Monestisation factors for true pricing (2023); European Central Bank, Eurosystem, US dollar (USD), 2024"
"Swiss sugar default";"Europe";"Sugarbeet";"none";"Transport, Storage-to-Port";"Environment";"Metal depletion";"kg Fe eq";0;0;"Sugar";"Swiss sugar";"Sugar";"2021";"conventional";1;"country-specific";"Europe";"Rolex Centre";"False";"none";0;0;0.026;0;0;"USD2023/kg";"Road; transport, freight, lorry 16-32 metric ton, EURO6 (210); World Bank, Inflation (annual %), 2024; No factor available; European Central Bank, Eurosystem, US dollar (USD), 2024"
"Swiss sugar default";"Europe";"Sugarbeet";"none";"Transport, Storage-to-Port";"Environment";"Natural land transformation";"m2";0;0;"Sugar";"Swiss sugar";"Sugar";"2021";"conventional";1;"country-specific";"Europe";"Rolex Centre";"False";"none";0;0;0.026;0;0;"USD2023/kg";"Road; transport, freight, lorry 16-32 metric ton, EURO6 (210); World Bank, Inflation (annual %), 2024; No factor available; European Central Bank, Eurosystem, US dollar (USD), 2024"
"Swiss sugar default";"Europe";"Sugarbeet";"none";"Transport, Storage-to-Port";"Environment";"Stratospheric ozone depletion";"kg CFC11 eq";0;0;"Sugar";"Swiss sugar";"Sugar";"2021";"conventional";1;"country-specific";"Europe";"Rolex Centre";"False";"none";0;0;0.026;0;0;"USD2023/kg";"Road; transport, freight, lorry 16-32 metric ton, EURO6 (210); World Bank, Inflation (annual %), 2024; True Price, Monestisation factors for true pricing (2023); European Central Bank, Eurosystem, US dollar (USD), 2024"
"Swiss sugar default";"Europe";"Sugarbeet";"none";"Transport, Storage-to-Port";"Environment";"Fine particulate matter formation";"kg PM10 eq";0;0;"Sugar";"Swiss sugar";"Sugar";"2021";"conventional";1;"country-specific";"Europe";"Rolex Centre";"False";"none";0;0;0.026;0;0;"USD2023/kg";"Road; transport, freight, lorry 16-32 metric ton, EURO6 (210); World Bank, Inflation (annual %), 2024; No factor available; European Central Bank, Eurosystem, US dollar (USD), 2024"
"Swiss sugar default";"Europe";"Sugarbeet";"none";"Transport, Storage-to-Port";"Environment";"Photochemical oxidant formation";"kg NMVOC";0;0;"Sugar";"Swiss sugar";"Sugar";"2021";"conventional";1;"country-specific";"Europe";"Rolex Centre";"False";"none";0;0;0.026;0;0;"USD2023/kg";"Road; transport, freight, lorry 16-32 metric ton, EURO6 (210); World Bank, Inflation (annual %), 2024; True Price, Monestisation factors for true pricing (2023); European Central Bank, Eurosystem, US dollar (USD), 2024"
"Swiss sugar default";"Europe";"Sugarbeet";"none";"Transport, Storage-to-Port";"Environment";"Terrestrial acidification";"kg SO2 eq";0;0;"Sugar";"Swiss sugar";"Sugar";"2021";"conventional";1;"country-specific";"Europe";"Rolex Centre";"False";"none";0;0;0.026;0;0;"USD2023/kg";"Road; transport, freight, lorry 16-32 metric ton, EURO6 (210); World Bank, Inflation (annual %), 2024; True Price, Monestisation factors for true pricing (2023); European Central Bank, Eurosystem, US dollar (USD), 2024"
"Swiss sugar default";"Europe";"Sugarbeet";"none";"Transport, Storage-to-Port";"Environment";"Terrestrial ecotoxicity";"kg 1,4-DCB";0;0;"Sugar";"Swiss sugar";"Sugar";"2021";"conventional";1;"country-specific";"Europe";"Rolex Centre";"False";"none";0;0;0.026;0;0;"USD2023/kg";"Road; transport, freight, lorry 16-32 metric ton, EURO6 (210); World Bank, Inflation (annual %), 2024; True Price, Monestisation factors for true pricing (2023); European Central Bank, Eurosystem, US dollar (USD), 2024"
"Swiss sugar default";"Europe";"Sugarbeet";"none";"Transport, Storage-to-Port";"Environment";"Urban land occupation";"m2a";0;0;"Sugar";"Swiss sugar";"Sugar";"2021";"conventional";1;"country-specific";"Europe";"Rolex Centre";"False";"none";0;0;0.026;0;0;"USD2023/kg";"Road; transport, freight, lorry 16-32 metric ton, EURO6 (210); World Bank, Inflation (annual %), 2024; CE-Delft, Environmental Prices Handbook (2017); European Central Bank, Eurosystem, US dollar (USD), 2024"
"Swiss sugar default";"Europe";"Sugarbeet";"none";"Transport, Storage-to-Port";"Environment";"Water consumption";"m3";0;0;"Sugar";"Swiss sugar";"Sugar";"2021";"conventional";1;"country-specific";"Europe";"Rolex Centre";"False";"none";0;0;0.026;0;0;"USD2023/kg";"Road; transport, freight, lorry 16-32 metric ton, EURO6 (210); World Bank, Inflation (annual %), 2024; True Price, Monestisation factors for true pricing (2023); European Central Bank, Eurosystem, US dollar (USD), 2024"
"Swiss sugar default";"Switzerland";"Sugarbeet";"none";"Transport, Manufacture-to-Retail";"Environment";"Agricultural land occupation";"m2a";0;0;"Sugar";"Swiss sugar";"Sugar";"2021";"conventional";1;"country-specific";"Switzerland";"Rolex Centre";"False";"none";0;0;0.026;0;0;"USD2023/kg";"Road; transport, freight, light commercial vehicle (35); World Bank, Inflation (annual %), 2024; No factor available; European Central Bank, Eurosystem, US dollar (USD), 2024"
"Swiss sugar default";"Switzerland";"Sugarbeet";"none";"Transport, Manufacture-to-Retail";"Environment";"Global warming";"kg CO2 eq";0;0;"Sugar";"Swiss sugar";"Sugar";"2021";"conventional";1;"country-specific";"Switzerland";"Rolex Centre";"False";"none";0;0;0.026;0;0;"USD2023/kg";"Road; transport, freight, light commercial vehicle (35); World Bank, Inflation (annual %), 2024; True Price, Monestisation factors for true pricing (2023); European Central Bank, Eurosystem, US dollar (USD), 2024"
"Swiss sugar default";"Switzerland";"Sugarbeet";"none";"Transport, Manufacture-to-Retail";"Environment";"Fossil resource scarcity";"kg oil eq";0;0;"Sugar";"Swiss sugar";"Sugar";"2021";"conventional";1;"country-specific";"Switzerland";"Rolex Centre";"False";"none";0;0;0.026;0;0;"USD2023/kg";"Road; transport, freight, light commercial vehicle (35); World Bank, Inflation (annual %), 2024; True Price, Monestisation factors for true pricing (2023); European Central Bank, Eurosystem, US dollar (USD), 2024"
"Swiss sugar default";"Switzerland";"Sugarbeet";"none";"Transport, Manufacture-to-Retail";"Environment";"Freshwater ecotoxicity";"kg 1,4-DCB";0;0;"Sugar";"Swiss sugar";"Sugar";"2021";"conventional";1;"country-specific";"Switzerland";"Rolex Centre";"False";"none";0;0;0.026;0;0;"USD2023/kg";"Road; transport, freight, light commercial vehicle (35); World Bank, Inflation (annual %), 2024; True Price, Monestisation factors for true pricing (2023); European Central Bank, Eurosystem, US dollar (USD), 2024"
"Swiss sugar default";"Switzerland";"Sugarbeet";"none";"Transport, Manufacture-to-Retail";"Environment";"Freshwater eutrophication";"kg P eq";0;0;"Sugar";"Swiss sugar";"Sugar";"2021";"conventional";1;"country-specific";"Switzerland";"Rolex Centre";"False";"none";0;0;0.026;0;0;"USD2023/kg";"Road; transport, freight, light commercial vehicle (35); World Bank, Inflation (annual %), 2024; True Price, Monestisation factors for true pricing (2023); European Central Bank, Eurosystem, US dollar (USD), 2024"
"Swiss sugar default";"Switzerland";"Sugarbeet";"none";"Transport, Manufacture-to-Retail";"Environment";"Human toxicity";"kg 1,4-DCB";0;0;"Sugar";"Swiss sugar";"Sugar";"2021";"conventional";1;"country-specific";"Switzerland";"Rolex Centre";"False";"none";0;0;0.026;0;0;"USD2023/kg";"Road; transport, freight, light commercial vehicle (35); World Bank, Inflation (annual %), 2024; No factor available; European Central Bank, Eurosystem, US dollar (USD), 2024"
"Swiss sugar default";"Switzerland";"Sugarbeet";"none";"Transport, Manufacture-to-Retail";"Environment";"Ionising radiation";"kg U235-Eq";0;0;"Sugar";"Swiss sugar";"Sugar";"2021";"conventional";1;"country-specific";"Switzerland";"Rolex Centre";"False";"none";0;0;0.026;0;0;"USD2023/kg";"Road; transport, freight, light commercial vehicle (35); World Bank, Inflation (annual %), 2024; CE-Delft, Environmental Prices Handbook (2017); European Central Bank, Eurosystem, US dollar (USD), 2024"
"Swiss sugar default";"Switzerland";"Sugarbeet";"none";"Transport, Manufacture-to-Retail";"Environment";"Marine ecotoxicity";"kg 1,4-DCB";0;0;"Sugar";"Swiss sugar";"Sugar";"2021";"conventional";1;"country-specific";"Switzerland";"Rolex Centre";"False";"none";0;0;0.026;0;0;"USD2023/kg";"Road; transport, freight, light commercial vehicle (35); World Bank, Inflation (annual %), 2024; True Price, Monestisation factors for true pricing (2023); European Central Bank, Eurosystem, US dollar (USD), 2024"
"Swiss sugar default";"Switzerland";"Sugarbeet";"none";"Transport, Manufacture-to-Retail";"Environment";"Marine eutrophication";"kg N eq";0;0;"Sugar";"Swiss sugar";"Sugar";"2021";"conventional";1;"country-specific";"Switzerland";"Rolex Centre";"False";"none";0;0;0.026;0;0;"USD2023/kg";"Road; transport, freight, light commercial vehicle (35); World Bank, Inflation (annual %), 2024; True Price, Monestisation factors for true pricing (2023); European Central Bank, Eurosystem, US dollar (USD), 2024"
"Swiss sugar default";"Switzerland";"Sugarbeet";"none";"Transport, Manufacture-to-Retail";"Environment";"Metal depletion";"kg Fe eq";0;0;"Sugar";"Swiss sugar";"Sugar";"2021";"conventional";1;"country-specific";"Switzerland";"Rolex Centre";"False";"none";0;0;0.026;0;0;"USD2023/kg";"Road; transport, freight, light commercial vehicle (35); World Bank, Inflation (annual %), 2024; No factor available; European Central Bank, Eurosystem, US dollar (USD), 2024"
"Swiss sugar default";"Switzerland";"Sugarbeet";"none";"Transport, Manufacture-to-Retail";"Environment";"Natural land transformation";"m2";0;0;"Sugar";"Swiss sugar";"Sugar";"2021";"conventional";1;"country-specific";"Switzerland";"Rolex Centre";"False";"none";0;0;0.026;0;0;"USD2023/kg";"Road; transport, freight, light commercial vehicle (35); World Bank, Inflation (annual %), 2024; No factor available; European Central Bank, Eurosystem, US dollar (USD), 2024"
"Swiss sugar default";"Switzerland";"Sugarbeet";"none";"Transport, Manufacture-to-Retail";"Environment";"Stratospheric ozone depletion";"kg CFC11 eq";0;0;"Sugar";"Swiss sugar";"Sugar";"2021";"conventional";1;"country-specific";"Switzerland";"Rolex Centre";"False";"none";0;0;0.026;0;0;"USD2023/kg";"Road; transport, freight, light commercial vehicle (35); World Bank, Inflation (annual %), 2024; True Price, Monestisation factors for true pricing (2023); European Central Bank, Eurosystem, US dollar (USD), 2024"
"Swiss sugar default";"Switzerland";"Sugarbeet";"none";"Transport, Manufacture-to-Retail";"Environment";"Fine particulate matter formation";"kg PM10 eq";0;0;"Sugar";"Swiss sugar";"Sugar";"2021";"conventional";1;"country-specific";"Switzerland";"Rolex Centre";"False";"none";0;0;0.026;0;0;"USD2023/kg";"Road; transport, freight, light commercial vehicle (35); World Bank, Inflation (annual %), 2024; No factor available; European Central Bank, Eurosystem, US dollar (USD), 2024"
"Swiss sugar default";"Switzerland";"Sugarbeet";"none";"Transport, Manufacture-to-Retail";"Environment";"Photochemical oxidant formation";"kg NMVOC";0;0;"Sugar";"Swiss sugar";"Sugar";"2021";"conventional";1;"country-specific";"Switzerland";"Rolex Centre";"False";"none";0;0;0.026;0;0;"USD2023/kg";"Road; transport, freight, light commercial vehicle (35); World Bank, Inflation (annual %), 2024; True Price, Monestisation factors for true pricing (2023); European Central Bank, Eurosystem, US dollar (USD), 2024"
"Swiss sugar default";"Switzerland";"Sugarbeet";"none";"Transport, Manufacture-to-Retail";"Environment";"Terrestrial acidification";"kg SO2 eq";0;0;"Sugar";"Swiss sugar";"Sugar";"2021";"conventional";1;"country-specific";"Switzerland";"Rolex Centre";"False";"none";0;0;0.026;0;0;"USD2023/kg";"Road; transport, freight, light commercial vehicle (35); World Bank, Inflation (annual %), 2024; True Price, Monestisation factors for true pricing (2023); European Central Bank, Eurosystem, US dollar (USD), 2024"
"Swiss sugar default";"Switzerland";"Sugarbeet";"none";"Transport, Manufacture-to-Retail";"Environment";"Terrestrial ecotoxicity";"kg 1,4-DCB";0;0;"Sugar";"Swiss sugar";"Sugar";"2021";"conventional";1;"country-specific";"Switzerland";"Rolex Centre";"False";"none";0;0;0.026;0;0;"USD2023/kg";"Road; transport, freight, light commercial vehicle (35); World Bank, Inflation (annual %), 2024; True Price, Monestisation factors for true pricing (2023); European Central Bank, Eurosystem, US dollar (USD), 2024"
"Swiss sugar default";"Switzerland";"Sugarbeet";"none";"Transport, Manufacture-to-Retail";"Environment";"Urban land occupation";"m2a";0;0;"Sugar";"Swiss sugar";"Sugar";"2021";"conventional";1;"country-specific";"Switzerland";"Rolex Centre";"False";"none";0;0;0.026;0;0;"USD2023/kg";"Road; transport, freight, light commercial vehicle (35); World Bank, Inflation (annual %), 2024; CE-Delft, Environmental Prices Handbook (2017); European Central Bank, Eurosystem, US dollar (USD), 2024"
"Swiss sugar default";"Switzerland";"Sugarbeet";"none";"Transport, Manufacture-to-Retail";"Environment";"Water consumption";"m3";0;0;"Sugar";"Swiss sugar";"Sugar";"2021";"conventional";1;"country-specific";"Switzerland";"Rolex Centre";"False";"none";0;0;0.026;0;0;"USD2023/kg";"Road; transport, freight, light commercial vehicle (35); World Bank, Inflation (annual %), 2024; True Price, Monestisation factors for true pricing (2023); European Central Bank, Eurosystem, US dollar (USD), 2024"
"Swiss sugar default";"Switzerland";"Sugarbeet";"none";"Transport, Retail-to-Waste";"Environment";"Agricultural land occupation";"m2a";0;0;"Sugar";"Swiss sugar";"Sugar";"2021";"conventional";1;"country-specific";"Switzerland";"Rolex Centre";"False";"none";0;0;0.026;0;0;"USD2023/kg";"Road waste-collection; municipal waste collection service by 21 metric ton lorry (0); World Bank, Inflation (annual %), 2024; No factor available; European Central Bank, Eurosystem, US dollar (USD), 2024"
"Swiss sugar default";"Switzerland";"Sugarbeet";"none";"Transport, Retail-to-Waste";"Environment";"Global warming";"kg CO2 eq";0;0;"Sugar";"Swiss sugar";"Sugar";"2021";"conventional";1;"country-specific";"Switzerland";"Rolex Centre";"False";"none";0;0;0.026;0;0;"USD2023/kg";"Road waste-collection; municipal waste collection service by 21 metric ton lorry (0); World Bank, Inflation (annual %), 2024; True Price, Monestisation factors for true pricing (2023); European Central Bank, Eurosystem, US dollar (USD), 2024"
"Swiss sugar default";"Switzerland";"Sugarbeet";"none";"Transport, Retail-to-Waste";"Environment";"Fossil resource scarcity";"kg oil eq";0;0;"Sugar";"Swiss sugar";"Sugar";"2021";"conventional";1;"country-specific";"Switzerland";"Rolex Centre";"False";"none";0;0;0.026;0;0;"USD2023/kg";"Road waste-collection; municipal waste collection service by 21 metric ton lorry (0); World Bank, Inflation (annual %), 2024; True Price, Monestisation factors for true pricing (2023); European Central Bank, Eurosystem, US dollar (USD), 2024"
"Swiss sugar default";"Switzerland";"Sugarbeet";"none";"Transport, Retail-to-Waste";"Environment";"Freshwater ecotoxicity";"kg 1,4-DCB";0;0;"Sugar";"Swiss sugar";"Sugar";"2021";"conventional";1;"country-specific";"Switzerland";"Rolex Centre";"False";"none";0;0;0.026;0;0;"USD2023/kg";"Road waste-collection; municipal waste collection service by 21 metric ton lorry (0); World Bank, Inflation (annual %), 2024; True Price, Monestisation factors for true pricing (2023); European Central Bank, Eurosystem, US dollar (USD), 2024"
"Swiss sugar default";"Switzerland";"Sugarbeet";"none";"Transport, Retail-to-Waste";"Environment";"Freshwater eutrophication";"kg P eq";0;0;"Sugar";"Swiss sugar";"Sugar";"2021";"conventional";1;"country-specific";"Switzerland";"Rolex Centre";"False";"none";0;0;0.026;0;0;"USD2023/kg";"Road waste-collection; municipal waste collection service by 21 metric ton lorry (0); World Bank, Inflation (annual %), 2024; True Price, Monestisation factors for true pricing (2023); European Central Bank, Eurosystem, US dollar (USD), 2024"
"Swiss sugar default";"Switzerland";"Sugarbeet";"none";"Transport, Retail-to-Waste";"Environment";"Human toxicity";"kg 1,4-DCB";0;0;"Sugar";"Swiss sugar";"Sugar";"2021";"conventional";1;"country-specific";"Switzerland";"Rolex Centre";"False";"none";0;0;0.026;0;0;"USD2023/kg";"Road waste-collection; municipal waste collection service by 21 metric ton lorry (0); World Bank, Inflation (annual %), 2024; No factor available; European Central Bank, Eurosystem, US dollar (USD), 2024"
"Swiss sugar default";"Switzerland";"Sugarbeet";"none";"Transport, Retail-to-Waste";"Environment";"Ionising radiation";"kg U235-Eq";0;0;"Sugar";"Swiss sugar";"Sugar";"2021";"conventional";1;"country-specific";"Switzerland";"Rolex Centre";"False";"none";0;0;0.026;0;0;"USD2023/kg";"Road waste-collection; municipal waste collection service by 21 metric ton lorry (0); World Bank, Inflation (annual %), 2024; CE-Delft, Environmental Prices Handbook (2017); European Central Bank, Eurosystem, US dollar (USD), 2024"
"Swiss sugar default";"Switzerland";"Sugarbeet";"none";"Transport, Retail-to-Waste";"Environment";"Marine ecotoxicity";"kg 1,4-DCB";0;0;"Sugar";"Swiss sugar";"Sugar";"2021";"conventional";1;"country-specific";"Switzerland";"Rolex Centre";"False";"none";0;0;0.026;0;0;"USD2023/kg";"Road waste-collection; municipal waste collection service by 21 metric ton lorry (0); World Bank, Inflation (annual %), 2024; True Price, Monestisation factors for true pricing (2023); European Central Bank, Eurosystem, US dollar (USD), 2024"
"Swiss sugar default";"Switzerland";"Sugarbeet";"none";"Transport, Retail-to-Waste";"Environment";"Marine eutrophication";"kg N eq";0;0;"Sugar";"Swiss sugar";"Sugar";"2021";"conventional";1;"country-specific";"Switzerland";"Rolex Centre";"False";"none";0;0;0.026;0;0;"USD2023/kg";"Road waste-collection; municipal waste collection service by 21 metric ton lorry (0); World Bank, Inflation (annual %), 2024; True Price, Monestisation factors for true pricing (2023); European Central Bank, Eurosystem, US dollar (USD), 2024"
"Swiss sugar default";"Switzerland";"Sugarbeet";"none";"Transport, Retail-to-Waste";"Environment";"Metal depletion";"kg Fe eq";0;0;"Sugar";"Swiss sugar";"Sugar";"2021";"conventional";1;"country-specific";"Switzerland";"Rolex Centre";"False";"none";0;0;0.026;0;0;"USD2023/kg";"Road waste-collection; municipal waste collection service by 21 metric ton lorry (0); World Bank, Inflation (annual %), 2024; No factor available; European Central Bank, Eurosystem, US dollar (USD), 2024"
"Swiss sugar default";"Switzerland";"Sugarbeet";"none";"Transport, Retail-to-Waste";"Environment";"Natural land transformation";"m2";0;0;"Sugar";"Swiss sugar";"Sugar";"2021";"conventional";1;"country-specific";"Switzerland";"Rolex Centre";"False";"none";0;0;0.026;0;0;"USD2023/kg";"Road waste-collection; municipal waste collection service by 21 metric ton lorry (0); World Bank, Inflation (annual %), 2024; No factor available; European Central Bank, Eurosystem, US dollar (USD), 2024"
"Swiss sugar default";"Switzerland";"Sugarbeet";"none";"Transport, Retail-to-Waste";"Environment";"Stratospheric ozone depletion";"kg CFC11 eq";0;0;"Sugar";"Swiss sugar";"Sugar";"2021";"conventional";1;"country-specific";"Switzerland";"Rolex Centre";"False";"none";0;0;0.026;0;0;"USD2023/kg";"Road waste-collection; municipal waste collection service by 21 metric ton lorry (0); World Bank, Inflation (annual %), 2024; True Price, Monestisation factors for true pricing (2023); European Central Bank, Eurosystem, US dollar (USD), 2024"
"Swiss sugar default";"Switzerland";"Sugarbeet";"none";"Transport, Retail-to-Waste";"Environment";"Fine particulate matter formation";"kg PM10 eq";0;0;"Sugar";"Swiss sugar";"Sugar";"2021";"conventional";1;"country-specific";"Switzerland";"Rolex Centre";"False";"none";0;0;0.026;0;0;"USD2023/kg";"Road waste-collection; municipal waste collection service by 21 metric ton lorry (0); World Bank, Inflation (annual %), 2024; No factor available; European Central Bank, Eurosystem, US dollar (USD), 2024"
"Swiss sugar default";"Switzerland";"Sugarbeet";"none";"Transport, Retail-to-Waste";"Environment";"Photochemical oxidant formation";"kg NMVOC";0;0;"Sugar";"Swiss sugar";"Sugar";"2021";"conventional";1;"country-specific";"Switzerland";"Rolex Centre";"False";"none";0;0;0.026;0;0;"USD2023/kg";"Road waste-collection; municipal waste collection service by 21 metric ton lorry (0); World Bank, Inflation (annual %), 2024; True Price, Monestisation factors for true pricing (2023); European Central Bank, Eurosystem, US dollar (USD), 2024"
"Swiss sugar default";"Switzerland";"Sugarbeet";"none";"Transport, Retail-to-Waste";"Environment";"Terrestrial acidification";"kg SO2 eq";0;0;"Sugar";"Swiss sugar";"Sugar";"2021";"conventional";1;"country-specific";"Switzerland";"Rolex Centre";"False";"none";0;0;0.026;0;0;"USD2023/kg";"Road waste-collection; municipal waste collection service by 21 metric ton lorry (0); World Bank, Inflation (annual %), 2024; True Price, Monestisation factors for true pricing (2023); European Central Bank, Eurosystem, US dollar (USD), 2024"
"Swiss sugar default";"Switzerland";"Sugarbeet";"none";"Transport, Retail-to-Waste";"Environment";"Terrestrial ecotoxicity";"kg 1,4-DCB";0;0;"Sugar";"Swiss sugar";"Sugar";"2021";"conventional";1;"country-specific";"Switzerland";"Rolex Centre";"False";"none";0;0;0.026;0;0;"USD2023/kg";"Road waste-collection; municipal waste collection service by 21 metric ton lorry (0); World Bank, Inflation (annual %), 2024; True Price, Monestisation factors for true pricing (2023); European Central Bank, Eurosystem, US dollar (USD), 2024"
"Swiss sugar default";"Switzerland";"Sugarbeet";"none";"Transport, Retail-to-Waste";"Environment";"Urban land occupation";"m2a";0;0;"Sugar";"Swiss sugar";"Sugar";"2021";"conventional";1;"country-specific";"Switzerland";"Rolex Centre";"False";"none";0;0;0.026;0;0;"USD2023/kg";"Road waste-collection; municipal waste collection service by 21 metric ton lorry (0); World Bank, Inflation (annual %), 2024; CE-Delft, Environmental Prices Handbook (2017); European Central Bank, Eurosystem, US dollar (USD), 2024"
"Swiss sugar default";"Switzerland";"Sugarbeet";"none";"Transport, Retail-to-Waste";"Environment";"Water consumption";"m3";0;0;"Sugar";"Swiss sugar";"Sugar";"2021";"conventional";1;"country-specific";"Switzerland";"Rolex Centre";"False";"none";0;0;0.026;0;0;"USD2023/kg";"Road waste-collection; municipal waste collection service by 21 metric ton lorry (0); World Bank, Inflation (annual %), 2024; True Price, Monestisation factors for true pricing (2023); European Central Bank, Eurosystem, US dollar (USD), 2024"
"Swiss sugar default";"Switzerland";"Sugarbeet";"none";"End of life, industrial-composting";"Environment";"Agricultural land occupation";"m2a";0;0;"Sugar";"Swiss sugar";"Sugar";"2021";"conventional";0;"country-specific";"Switzerland";"Rolex Centre";"False";"none";0;0;0.026;0;0;"USD2023/kg";"Sugar; World Bank, Inflation (annual %), 2024; No factor available; European Central Bank, Eurosystem, US dollar (USD), 2024"
"Swiss sugar default";"Switzerland";"Sugarbeet";"none";"End of life, industrial-composting";"Environment";"Global warming";"kg CO2 eq";0;0;"Sugar";"Swiss sugar";"Sugar";"2021";"conventional";0;"country-specific";"Switzerland";"Rolex Centre";"False";"none";0;0;0.026;0;0;"USD2023/kg";"Sugar; World Bank, Inflation (annual %), 2024; True Price, Monestisation factors for true pricing (2023); European Central Bank, Eurosystem, US dollar (USD), 2024"
"Swiss sugar default";"Switzerland";"Sugarbeet";"none";"End of life, industrial-composting";"Environment";"Fossil resource scarcity";"kg oil eq";0;0;"Sugar";"Swiss sugar";"Sugar";"2021";"conventional";0;"country-specific";"Switzerland";"Rolex Centre";"False";"none";0;0;0.026;0;0;"USD2023/kg";"Sugar; World Bank, Inflation (annual %), 2024; True Price, Monestisation factors for true pricing (2023); European Central Bank, Eurosystem, US dollar (USD), 2024"
"Swiss sugar default";"Switzerland";"Sugarbeet";"none";"End of life, industrial-composting";"Environment";"Freshwater ecotoxicity";"kg 1,4-DCB";0;0;"Sugar";"Swiss sugar";"Sugar";"2021";"conventional";0;"country-specific";"Switzerland";"Rolex Centre";"False";"none";0;0;0.026;0;0;"USD2023/kg";"Sugar; World Bank, Inflation (annual %), 2024; True Price, Monestisation factors for true pricing (2023); European Central Bank, Eurosystem, US dollar (USD), 2024"
"Swiss sugar default";"Switzerland";"Sugarbeet";"none";"End of life, industrial-composting";"Environment";"Freshwater eutrophication";"kg P eq";0;0;"Sugar";"Swiss sugar";"Sugar";"2021";"conventional";0;"country-specific";"Switzerland";"Rolex Centre";"False";"none";0;0;0.026;0;0;"USD2023/kg";"Sugar; World Bank, Inflation (annual %), 2024; True Price, Monestisation factors for true pricing (2023); European Central Bank, Eurosystem, US dollar (USD), 2024"
"Swiss sugar default";"Switzerland";"Sugarbeet";"none";"End of life, industrial-composting";"Environment";"Human toxicity";"kg 1,4-DCB";0;0;"Sugar";"Swiss sugar";"Sugar";"2021";"conventional";0;"country-specific";"Switzerland";"Rolex Centre";"False";"none";0;0;0.026;0;0;"USD2023/kg";"Sugar; World Bank, Inflation (annual %), 2024; No factor available; European Central Bank, Eurosystem, US dollar (USD), 2024"
"Swiss sugar default";"Switzerland";"Sugarbeet";"none";"End of life, industrial-composting";"Environment";"Ionising radiation";"kg U235-Eq";0;0;"Sugar";"Swiss sugar";"Sugar";"2021";"conventional";0;"country-specific";"Switzerland";"Rolex Centre";"False";"none";0;0;0.026;0;0;"USD2023/kg";"Sugar; World Bank, Inflation (annual %), 2024; CE-Delft, Environmental Prices Handbook (2017); European Central Bank, Eurosystem, US dollar (USD), 2024"
"Swiss sugar default";"Switzerland";"Sugarbeet";"none";"End of life, industrial-composting";"Environment";"Marine ecotoxicity";"kg 1,4-DCB";0;0;"Sugar";"Swiss sugar";"Sugar";"2021";"conventional";0;"country-specific";"Switzerland";"Rolex Centre";"False";"none";0;0;0.026;0;0;"USD2023/kg";"Sugar; World Bank, Inflation (annual %), 2024; True Price, Monestisation factors for true pricing (2023); European Central Bank, Eurosystem, US dollar (USD), 2024"
"Swiss sugar default";"Switzerland";"Sugarbeet";"none";"End of life, industrial-composting";"Environment";"Marine eutrophication";"kg N eq";0;0;"Sugar";"Swiss sugar";"Sugar";"2021";"conventional";0;"country-specific";"Switzerland";"Rolex Centre";"False";"none";0;0;0.026;0;0;"USD2023/kg";"Sugar; World Bank, Inflation (annual %), 2024; True Price, Monestisation factors for true pricing (2023); European Central Bank, Eurosystem, US dollar (USD), 2024"
"Swiss sugar default";"Switzerland";"Sugarbeet";"none";"End of life, industrial-composting";"Environment";"Metal depletion";"kg Fe eq";0;0;"Sugar";"Swiss sugar";"Sugar";"2021";"conventional";0;"country-specific";"Switzerland";"Rolex Centre";"False";"none";0;0;0.026;0;0;"USD2023/kg";"Sugar; World Bank, Inflation (annual %), 2024; No factor available; European Central Bank, Eurosystem, US dollar (USD), 2024"
"Swiss sugar default";"Switzerland";"Sugarbeet";"none";"End of life, industrial-composting";"Environment";"Natural land transformation";"m2";0;0;"Sugar";"Swiss sugar";"Sugar";"2021";"conventional";0;"country-specific";"Switzerland";"Rolex Centre";"False";"none";0;0;0.026;0;0;"USD2023/kg";"Sugar; World Bank, Inflation (annual %), 2024; No factor available; European Central Bank, Eurosystem, US dollar (USD), 2024"
"Swiss sugar default";"Switzerland";"Sugarbeet";"none";"End of life, industrial-composting";"Environment";"Stratospheric ozone depletion";"kg CFC11 eq";0;0;"Sugar";"Swiss sugar";"Sugar";"2021";"conventional";0;"country-specific";"Switzerland";"Rolex Centre";"False";"none";0;0;0.026;0;0;"USD2023/kg";"Sugar; World Bank, Inflation (annual %), 2024; True Price, Monestisation factors for true pricing (2023); European Central Bank, Eurosystem, US dollar (USD), 2024"
"Swiss sugar default";"Switzerland";"Sugarbeet";"none";"End of life, industrial-composting";"Environment";"Fine particulate matter formation";"kg PM10 eq";0;0;"Sugar";"Swiss sugar";"Sugar";"2021";"conventional";0;"country-specific";"Switzerland";"Rolex Centre";"False";"none";0;0;0.026;0;0;"USD2023/kg";"Sugar; World Bank, Inflation (annual %), 2024; No factor available; European Central Bank, Eurosystem, US dollar (USD), 2024"
"Swiss sugar default";"Switzerland";"Sugarbeet";"none";"End of life, industrial-composting";"Environment";"Photochemical oxidant formation";"kg NMVOC";0;0;"Sugar";"Swiss sugar";"Sugar";"2021";"conventional";0;"country-specific";"Switzerland";"Rolex Centre";"False";"none";0;0;0.026;0;0;"USD2023/kg";"Sugar; World Bank, Inflation (annual %), 2024; True Price, Monestisation factors for true pricing (2023); European Central Bank, Eurosystem, US dollar (USD), 2024"
"Swiss sugar default";"Switzerland";"Sugarbeet";"none";"End of life, industrial-composting";"Environment";"Terrestrial acidification";"kg SO2 eq";0;0;"Sugar";"Swiss sugar";"Sugar";"2021";"conventional";0;"country-specific";"Switzerland";"Rolex Centre";"False";"none";0;0;0.026;0;0;"USD2023/kg";"Sugar; World Bank, Inflation (annual %), 2024; True Price, Monestisation factors for true pricing (2023); European Central Bank, Eurosystem, US dollar (USD), 2024"
"Swiss sugar default";"Switzerland";"Sugarbeet";"none";"End of life, industrial-composting";"Environment";"Terrestrial ecotoxicity";"kg 1,4-DCB";0;0;"Sugar";"Swiss sugar";"Sugar";"2021";"conventional";0;"country-specific";"Switzerland";"Rolex Centre";"False";"none";0;0;0.026;0;0;"USD2023/kg";"Sugar; World Bank, Inflation (annual %), 2024; True Price, Monestisation factors for true pricing (2023); European Central Bank, Eurosystem, US dollar (USD), 2024"
"Swiss sugar default";"Switzerland";"Sugarbeet";"none";"End of life, industrial-composting";"Environment";"Urban land occupation";"m2a";0;0;"Sugar";"Swiss sugar";"Sugar";"2021";"conventional";0;"country-specific";"Switzerland";"Rolex Centre";"False";"none";0;0;0.026;0;0;"USD2023/kg";"Sugar; World Bank, Inflation (annual %), 2024; CE-Delft, Environmental Prices Handbook (2017); European Central Bank, Eurosystem, US dollar (USD), 2024"
"Swiss sugar default";"Switzerland";"Sugarbeet";"none";"End of life, industrial-composting";"Environment";"Water consumption";"m3";0;0;"Sugar";"Swiss sugar";"Sugar";"2021";"conventional";0;"country-specific";"Switzerland";"Rolex Centre";"False";"none";0;0;0.026;0;0;"USD2023/kg";"Sugar; World Bank, Inflation (annual %), 2024; True Price, Monestisation factors for true pricing (2023); European Central Bank, Eurosystem, US dollar (USD), 2024"
"Swiss sugar default";"Switzerland";"Sugarbeet";"none";"Production";"Biodiversity";"Eco-costs of land-use (Switzerland), practice-related";"m²/kg";0;0;"Sugar";"Swiss sugar";"Sugar";"2022";"conventional";5.56;"yes";"none";"Rolex Centre";"False";"none";0;0;0.026;0;0;"USD2023/m²";"FAOSTAT, Crops and livestock products, Yield, Sugarbeet and sugarcane, 2022, missing, missing (Sugarbeet); World Bank, Inflation (annual %), 2024; Sustainability Impact Metrics (a spin-off of Delft University of Technology), The eco-costs of land-use, 2024; European Central Bank, Eurosystem, US dollar (USD), 2024"
"Swiss sugar default";"Switzerland";"Sugarbeet";"none";"Production";"Biodiversity";"Eco-costs of land-use (Switzerland), deforestation-related";"m²/kg";0;0;"Sugar";"Swiss sugar";"Sugar";"2022";"conventional";5.56;"yes";"none";"Rolex Centre";"False";"none";0;0;0.026;0;0;"USD2023/m²";"FAOSTAT, Crops and livestock products, Yield, Sugarbeet and sugarcane, 2022, missing, No specific anti-deforestation regulation (Sugarbeet); World Bank, Inflation (annual %), 2024; Sustainability Impact Metrics (a spin-off of Delft University of Technology), The eco-costs of land-use, 2024; European Central Bank, Eurosystem, US dollar (USD), 2024"
"Swiss sugar default";"Switzerland";"Sugarbeet";"none";"Production";"Livelihoods";"Labour force to be audited for Health and Safety";"FTE/kg";0;0;"Sugar";"Swiss sugar";"Sugar";"2021";"conventional";5.56;"yes";"none";"Rolex Centre";"False";"none";0;0;0.026;0;0;"USD2023/FTE";"International Labour Organization. ILO modelled estimates database, ILOSTAT. https://ilostat.ilo.org/data/. Accessed 14-10-2024; FAOSTAT, Crops and livestock products, Yield, Sugarbeet and sugarcane, 2022; FAOSTAT, Crops and livestock products, Yield, Agriculture land, 2022; FAOSTAT, Crops and livestock products, Yield, Sugarbeet and sugarcane, 2022; World Bank, Inflation (annual %), 2024; True Price, Monestisation factors for true pricing (2023); European Central Bank, Eurosystem, US dollar (USD), 2024"
"Swiss sugar default";"Switzerland";"Sugarbeet";"none";"Production";"Livelihoods";"Labour force to be audited for gender discrimination";"FTE/kg";0;0;"Sugar";"Swiss sugar";"Sugar";"2024";"conventional";5.56;"yes";"none";"Rolex Centre";"False";"none";0;0;0.026;0;0;"USD2023/FTE";"World population review, Total Fertility Rate, 2024, Eurostat, Duration of working life, 2052; missing; FAOSTAT, Crops and livestock products, Yield, Sugarbeet and sugarcane, 2022; World Bank, Inflation (annual %), 2024; True Price, Monestisation factors for true pricing (2023); European Central Bank, Eurosystem, US dollar (USD), 2024"
"Swiss sugar default";"Switzerland";"Sugarbeet";"none";"Production";"Livelihoods";"Labour force to be audited for forced labour";"FTE/kg";0;0;"Sugar";"Swiss sugar";"Sugar";"2024";"conventional";5.56;"no, dervied from regional values";"none";"Rolex Centre";"False";"none";0;0;0.026;0;0;"USD2023/FTE";"Walkfree, global slavery index, 2024; World Bank, Annual Population, 2024; missing; FAOSTAT, Crops and livestock products, Yield, Agriculture land, 2022; International Labour Organization. ILO modelled estimates database, ILOSTAT. https://ilostat.ilo.org/data/. Accessed 14-10-2024; Swiss Confederation, Work and rest period, 2024; FAOSTAT, Crops and livestock products, Yield, Sugarbeet and sugarcane, 2022; World Bank, Inflation (annual %), 2024; True Price, Monestisation factors for true pricing (2023); European Central Bank, Eurosystem, US dollar (USD), 2024"
"Swiss sugar default";"Switzerland";"Sugarbeet";"none";"Production";"Livelihoods";"Labour force to be audited for forced labour";"FTE/kg";0;0;"Sugar";"Swiss sugar";"Sugar";"2024";"conventional";5.56;"no, dervied from regional values";"none";"Rolex Centre";"False";"none";0;0;0.026;0;0;"USD2023/FTE";"Walkfree, global slavery index, 2024; World Bank, Annual Population, 2024; FAOSTAT, Crops and livestock products, Yield, Sugarbeet and sugarcane, 2022; FAOSTAT, Crops and livestock products, Yield, Agriculture land, 2022; International Labour Organization. ILO modelled estimates database, ILOSTAT. https://ilostat.ilo.org/data/. Accessed 14-10-2024; Swiss Confederation, Work and rest period, 2024; FAOSTAT, Crops and livestock products, Yield, Sugarbeet and sugarcane, 2022; World Bank, Inflation (annual %), 2024; True Price, Monestisation factors for true pricing (2023); European Central Bank, Eurosystem, US dollar (USD), 2024"
"Swiss sugar default";"Switzerland";"Sugarbeet";"none";"Production";"Livelihoods";"Labour force to be audited for insufficient social security";"FTE/kg";0;0;"Sugar";"Swiss sugar";"Sugar";"2021";"conventional";5.56;"yes";"none";"Rolex Centre";"False";"none";0;0;0.026;0;0;"USD2023/FTE";"International Labour Organization. ILO modelled estimates database, ILOSTAT. https://ilostat.ilo.org/data/. Accessed 14-10-2024; missing; FAOSTAT, Crops and livestock products, Yield, Sugarbeet and sugarcane, 2022; World Bank, Inflation (annual %), 2024; True Price, Monestisation factors for true pricing (2023); European Central Bank, Eurosystem, US dollar (USD), 2024"
"Swiss sugar default";"Switzerland";"Sugarbeet";"none";"Production";"Livelihoods";"Labour force to be audited for illegal overtime";"FTE/kg";0;0;"Sugar";"Swiss sugar";"Sugar";"2023";"conventional";5.56;"yes";"none";"Rolex Centre";"False";"none";0;0;0.026;0;0;"USD2023/FTE";"International Labour Organization. ILO modelled estimates database, ILOSTAT. https://ilostat.ilo.org/data/. Accessed 14-10-2024; FAOSTAT, Crops and livestock products, Yield, Sugarbeet and sugarcane, 2022; World Bank, Inflation (annual %), 2024; True Price, Monestisation factors for true pricing (2023); European Central Bank, Eurosystem, US dollar (USD), 2024"
"Swiss sugar default";"Switzerland";"Sugarbeet";"none";"Production";"Livelihoods";"Prevalence of excessive working time";"FTE/kg";0;0;"Sugar";"Swiss sugar";"Sugar";"2023";"conventional";5.56;"yes";"none";"Rolex Centre";"False";"none";0;0;0.026;0;0;"USD2023/FTE";"International Labour Organization. ILO modelled estimates database, ILOSTAT. https://ilostat.ilo.org/data/. Accessed 14-10-2024; FAOSTAT, Crops and livestock products, Yield, Sugarbeet and sugarcane, 2022; World Bank, Inflation (annual %), 2024; True Price, Monestisation factors for true pricing (2023); European Central Bank, Eurosystem, US dollar (USD), 2024"
"Swiss sugar default";"Switzerland";"Sugarbeet";"none";"Production";"Livelihoods";"Wage gap from gender discrimination";"USD/kg";0;0;"Sugar";"Swiss sugar";"Sugar";"2023";"conventional";5.56;"yes";"none";"Rolex Centre";"False";"none";0;0;0.026;0;0;"USD2023/USD2023";"International Labour Organization. ILO modelled estimates database, ILOSTAT. https://ilostat.ilo.org/data/. Accessed 14-10-2024; missing; FAOSTAT, Crops and livestock products, Yield, Sugarbeet and sugarcane, 2022; True Price, Monestisation factors for true pricing (2023)"
"Swiss sugar default";"Switzerland";"Sugarbeet";"none";"Production";"Livelihoods";"Wage gap of workers earning below minimum wage";"USD/kg";0;0;"Sugar";"Swiss sugar";"Sugar";"2023";"conventional";5.56;"yes";"none";"Rolex Centre";"False";"none";0;0;0.026;0;0;"USD2023/USD2023";"International Labour Organization. ILO modelled estimates database, ILOSTAT. https://ilostat.ilo.org/data/. Accessed 14-10-2024; missing; FAOSTAT, Crops and livestock products, Yield, Sugarbeet and sugarcane, 2022; True Price, Monestisation factors for true pricing (2023)"
"Swiss sugar default";"Switzerland";"Sugarbeet";"none";"Production";"Livelihoods";"Wage gap of workers earning above minimum wage but below decent living wage";"USD/kg";0;0;"Sugar";"Swiss sugar";"Sugar";"2023";"conventional";5.56;"yes";"none";"Rolex Centre";"False";"none";0;0;0.026;0;0;"USD2023/USD2023";"International Labour Organization. ILO modelled estimates database, ILOSTAT. https://ilostat.ilo.org/data/. Accessed 14-10-2024; missing; FAOSTAT, Crops and livestock products, Yield, Sugarbeet and sugarcane, 2022; True Price, Monestisation factors for true pricing (2023)"
"Swiss sugar default";"Switzerland";"Sugarbeet";"none";"Production";"Livelihoods";"Children in hazardous work by sex, age and economic activity (5-11)";"FTE-child/kg";0;0;"Sugar";"Swiss sugar";"Sugar";"2020";"conventional";5.56;"no, Western Europe";"none";"Rolex Centre";"False";"none";0;0;0.026;0;0;"USD2023/FTE";"Derived from ILOSTAT, Annual Population, 2024; International Labour Organization. ILO modelled estimates database, ILOSTAT. https://ilostat.ilo.org/data/. Accessed 14-10-2024 Misssing data at the country level, Western Europe has been used as a proxy; Swiss Confederation, Work and rest period, 2024; Our World in data, Average weekly working hours of children, 2024; missing; FAOSTAT, Crops and livestock products, Yield, Agriculture land, 2022; FAOSTAT, Crops and livestock products, Yield, Sugarbeet and sugarcane, 2022; World Bank, Inflation (annual %), 2024; True Price, Monestisation factors for true pricing (2023); European Central Bank, Eurosystem, US dollar (USD), 2024"
"Swiss sugar default";"Switzerland";"Sugarbeet";"none";"Production";"Livelihoods";"Children in hazardous work by sex, age and economic activity (12-14)";"FTE-child/kg";0;0;"Sugar";"Swiss sugar";"Sugar";"2020";"conventional";5.56;"no, Western Europe";"none";"Rolex Centre";"False";"none";0;0;0.026;0;0;"USD2023/FTE";"Derived from ILOSTAT, Annual Population, 2024; International Labour Organization. ILO modelled estimates database, ILOSTAT. https://ilostat.ilo.org/data/. Accessed 14-10-2024 Misssing data at the country level, Western Europe has been used as a proxy; Swiss Confederation, Work and rest period, 2024; Our World in data, Average weekly working hours of children, 2024; missing; FAOSTAT, Crops and livestock products, Yield, Agriculture land, 2022; FAOSTAT, Crops and livestock products, Yield, Sugarbeet and sugarcane, 2022; World Bank, Inflation (annual %), 2024; True Price, Monestisation factors for true pricing (2023); European Central Bank, Eurosystem, US dollar (USD), 2024"
"Swiss sugar default";"Switzerland";"Sugarbeet";"none";"Production";"Livelihoods";"Children in hazardous work by sex, age and economic activity (15-17)";"FTE-child/kg";0;0;"Sugar";"Swiss sugar";"Sugar";"2020";"conventional";5.56;"no, Western Europe";"none";"Rolex Centre";"False";"none";0;0;0.026;0;0;"USD2023/FTE";"Derived from ILOSTAT, Annual Population, 2024; International Labour Organization. ILO modelled estimates database, ILOSTAT. https://ilostat.ilo.org/data/. Accessed 14-10-2024 Misssing data at the country level, Western Europe has been used as a proxy; Swiss Confederation, Work and rest period, 2024; Our World in data, Average weekly working hours of children, 2024; missing; FAOSTAT, Crops and livestock products, Yield, Agriculture land, 2022; FAOSTAT, Crops and livestock products, Yield, Sugarbeet and sugarcane, 2022; World Bank, Inflation (annual %), 2024; True Price, Monestisation factors for true pricing (2023); European Central Bank, Eurosystem, US dollar (USD), 2024"
"Swiss sugar default";"Switzerland";"Sugarbeet";"none";"Production";"Livelihoods";"Children in non-hazardous work by sex, age and economic activity (5-11)";"FTE-child/kg";0;0;"Sugar";"Swiss sugar";"Sugar";"2020";"conventional";5.56;"no, Western Europe";"none";"Rolex Centre";"False";"none";0;0;0.026;0;0;"USD2023/FTE";"Derived from ILOSTAT, Annual Population, 2024; International Labour Organization. ILO modelled estimates database, ILOSTAT. https://ilostat.ilo.org/data/. Accessed 14-10-2024; Derived from ILOSTAT, Annual Population, 2024; International Labour Organization. ILO modelled estimates database, ILOSTAT. https://ilostat.ilo.org/data/. Accessed 14-10-2024 Misssing data at the country level, Western Europe has been used as a proxy; Swiss Confederation, Work and rest period, 2024; Our World in data, Average weekly working hours of children, 2024; missing; FAOSTAT, Crops and livestock products, Yield, Agriculture land, 2022; FAOSTAT, Crops and livestock products, Yield, Sugarbeet and sugarcane, 2022; World Bank, Inflation (annual %), 2024; True Price, Monestisation factors for true pricing (2023); European Central Bank, Eurosystem, US dollar (USD), 2024"
"Swiss sugar default";"Switzerland";"Sugarbeet";"none";"Production";"Livelihoods";"Children in non-hazardous work by sex, age and economic activity (12-14)";"FTE-child/kg";0;0;"Sugar";"Swiss sugar";"Sugar";"2020";"conventional";5.56;"no, Western Europe";"none";"Rolex Centre";"False";"none";0;0;0.026;0;0;"USD2023/FTE";"Derived from ILOSTAT, Annual Population, 2024; International Labour Organization. ILO modelled estimates database, ILOSTAT. https://ilostat.ilo.org/data/. Accessed 14-10-2024; Derived from ILOSTAT, Annual Population, 2024; International Labour Organization. ILO modelled estimates database, ILOSTAT. https://ilostat.ilo.org/data/. Accessed 14-10-2024 Misssing data at the country level, Western Europe has been used as a proxy; Swiss Confederation, Work and rest period, 2024; Our World in data, Average weekly working hours of children, 2024; missing; FAOSTAT, Crops and livestock products, Yield, Agriculture land, 2022; FAOSTAT, Crops and livestock products, Yield, Sugarbeet and sugarcane, 2022; World Bank, Inflation (annual %), 2024; True Price, Monestisation factors for true pricing (2023); European Central Bank, Eurosystem, US dollar (USD), 2024"
"Swiss sugar default";"Switzerland";"Sugarbeet";"none";"Production";"Livelihoods";"Children in non-hazardous work by sex, age and economic activity (15-17)";"FTE-child/kg";0;0;"Sugar";"Swiss sugar";"Sugar";"2020";"conventional";5.56;"no, Western Europe";"none";"Rolex Centre";"False";"none";0;0;0.026;0;0;"USD2023/FTE";"Derived from ILOSTAT, Annual Population, 2024; International Labour Organization. ILO modelled estimates database, ILOSTAT. https://ilostat.ilo.org/data/. Accessed 14-10-2024; Derived from ILOSTAT, Annual Population, 2024; International Labour Organization. ILO modelled estimates database, ILOSTAT. https://ilostat.ilo.org/data/. Accessed 14-10-2024 Misssing data at the country level, Western Europe has been used as a proxy; Swiss Confederation, Work and rest period, 2024; Our World in data, Average weekly working hours of children, 2024; missing; FAOSTAT, Crops and livestock products, Yield, Agriculture land, 2022; FAOSTAT, Crops and livestock products, Yield, Sugarbeet and sugarcane, 2022; World Bank, Inflation (annual %), 2024; True Price, Monestisation factors for true pricing (2023); European Central Bank, Eurosystem, US dollar (USD), 2024"
"Swiss sugar default";"Switzerland";"Sugarbeet";"none";"Production";"Livelihoods";"Children in hazardous work by sex, age and economic activity (5-11)";"FTE-child/kg";0;0;"Sugar";"Swiss sugar";"Sugar";"2020";"conventional";5.56;"no, Western Europe";"none";"Rolex Centre";"False";"none";0;0;0.026;0;0;"USD2023/FTE";"Derived from ILOSTAT, Annual Population, 2024; International Labour Organization. ILO modelled estimates database, ILOSTAT. https://ilostat.ilo.org/data/. Accessed 14-10-2024 Misssing data at the country level, Western Europe has been used as a proxy; Swiss Confederation, Work and rest period, 2024; Our World in data, Average weekly working hours of children, 2024; FAOSTAT, Crops and livestock products, Yield, Sugarbeet and sugarcane, 2022; FAOSTAT, Crops and livestock products, Yield, Agriculture land, 2022; FAOSTAT, Crops and livestock products, Yield, Sugarbeet and sugarcane, 2022; World Bank, Inflation (annual %), 2024; True Price, Monestisation factors for true pricing (2023); European Central Bank, Eurosystem, US dollar (USD), 2024"
"Swiss sugar default";"Switzerland";"Sugarbeet";"none";"Production";"Livelihoods";"Children in hazardous work by sex, age and economic activity (12-14)";"FTE-child/kg";0;0;"Sugar";"Swiss sugar";"Sugar";"2020";"conventional";5.56;"no, Western Europe";"none";"Rolex Centre";"False";"none";0;0;0.026;0;0;"USD2023/FTE";"Derived from ILOSTAT, Annual Population, 2024; International Labour Organization. ILO modelled estimates database, ILOSTAT. https://ilostat.ilo.org/data/. Accessed 14-10-2024 Misssing data at the country level, Western Europe has been used as a proxy; Swiss Confederation, Work and rest period, 2024; Our World in data, Average weekly working hours of children, 2024; FAOSTAT, Crops and livestock products, Yield, Sugarbeet and sugarcane, 2022; FAOSTAT, Crops and livestock products, Yield, Agriculture land, 2022; FAOSTAT, Crops and livestock products, Yield, Sugarbeet and sugarcane, 2022; World Bank, Inflation (annual %), 2024; True Price, Monestisation factors for true pricing (2023); European Central Bank, Eurosystem, US dollar (USD), 2024"
"Swiss sugar default";"Switzerland";"Sugarbeet";"none";"Production";"Livelihoods";"Children in hazardous work by sex, age and economic activity (15-17)";"FTE-child/kg";0;0;"Sugar";"Swiss sugar";"Sugar";"2020";"conventional";5.56;"no, Western Europe";"none";"Rolex Centre";"False";"none";0;0;0.026;0;0;"USD2023/FTE";"Derived from ILOSTAT, Annual Population, 2024; International Labour Organization. ILO modelled estimates database, ILOSTAT. https://ilostat.ilo.org/data/. Accessed 14-10-2024 Misssing data at the country level, Western Europe has been used as a proxy; Swiss Confederation, Work and rest period, 2024; Our World in data, Average weekly working hours of children, 2024; FAOSTAT, Crops and livestock products, Yield, Sugarbeet and sugarcane, 2022; FAOSTAT, Crops and livestock products, Yield, Agriculture land, 2022; FAOSTAT, Crops and livestock products, Yield, Sugarbeet and sugarcane, 2022; World Bank, Inflation (annual %), 2024; True Price, Monestisation factors for true pricing (2023); European Central Bank, Eurosystem, US dollar (USD), 2024"
"Swiss sugar default";"Switzerland";"Sugarbeet";"none";"Production";"Livelihoods";"Children in non-hazardous work by sex, age and economic activity (5-11)";"FTE-child/kg";0;0;"Sugar";"Swiss sugar";"Sugar";"2020";"conventional";5.56;"no, Western Europe";"none";"Rolex Centre";"False";"none";0;0;0.026;0;0;"USD2023/FTE";"Derived from ILOSTAT, Annual Population, 2024; International Labour Organization. ILO modelled estimates database, ILOSTAT. https://ilostat.ilo.org/data/. Accessed 14-10-2024; Derived from ILOSTAT, Annual Population, 2024; International Labour Organization. ILO modelled estimates database, ILOSTAT. https://ilostat.ilo.org/data/. Accessed 14-10-2024 Misssing data at the country level, Western Europe has been used as a proxy; Swiss Confederation, Work and rest period, 2024; Our World in data, Average weekly working hours of children, 2024; FAOSTAT, Crops and livestock products, Yield, Sugarbeet and sugarcane, 2022; FAOSTAT, Crops and livestock products, Yield, Agriculture land, 2022; FAOSTAT, Crops and livestock products, Yield, Sugarbeet and sugarcane, 2022; World Bank, Inflation (annual %), 2024; True Price, Monestisation factors for true pricing (2023); European Central Bank, Eurosystem, US dollar (USD), 2024"
"Swiss sugar default";"Switzerland";"Sugarbeet";"none";"Production";"Livelihoods";"Children in non-hazardous work by sex, age and economic activity (12-14)";"FTE-child/kg";0;0;"Sugar";"Swiss sugar";"Sugar";"2020";"conventional";5.56;"no, Western Europe";"none";"Rolex Centre";"False";"none";0;0;0.026;0;0;"USD2023/FTE";"Derived from ILOSTAT, Annual Population, 2024; International Labour Organization. ILO modelled estimates database, ILOSTAT. https://ilostat.ilo.org/data/. Accessed 14-10-2024; Derived from ILOSTAT, Annual Population, 2024; International Labour Organization. ILO modelled estimates database, ILOSTAT. https://ilostat.ilo.org/data/. Accessed 14-10-2024 Misssing data at the country level, Western Europe has been used as a proxy; Swiss Confederation, Work and rest period, 2024; Our World in data, Average weekly working hours of children, 2024; FAOSTAT, Crops and livestock products, Yield, Sugarbeet and sugarcane, 2022; FAOSTAT, Crops and livestock products, Yield, Agriculture land, 2022; FAOSTAT, Crops and livestock products, Yield, Sugarbeet and sugarcane, 2022; World Bank, Inflation (annual %), 2024; True Price, Monestisation factors for true pricing (2023); European Central Bank, Eurosystem, US dollar (USD), 2024"
"Swiss sugar default";"Switzerland";"Sugarbeet";"none";"Production";"Livelihoods";"Children in non-hazardous work by sex, age and economic activity (15-17)";"FTE-child/kg";0;0;"Sugar";"Swiss sugar";"Sugar";"2020";"conventional";5.56;"no, Western Europe";"none";"Rolex Centre";"False";"none";0;0;0.026;0;0;"USD2023/FTE";"Derived from ILOSTAT, Annual Population, 2024; International Labour Organization. ILO modelled estimates database, ILOSTAT. https://ilostat.ilo.org/data/. Accessed 14-10-2024; Derived from ILOSTAT, Annual Population, 2024; International Labour Organization. ILO modelled estimates database, ILOSTAT. https://ilostat.ilo.org/data/. Accessed 14-10-2024 Misssing data at the country level, Western Europe has been used as a proxy; Swiss Confederation, Work and rest period, 2024; Our World in data, Average weekly working hours of children, 2024; FAOSTAT, Crops and livestock products, Yield, Sugarbeet and sugarcane, 2022; FAOSTAT, Crops and livestock products, Yield, Agriculture land, 2022; FAOSTAT, Crops and livestock products, Yield, Sugarbeet and sugarcane, 2022; World Bank, Inflation (annual %), 2024; True Price, Monestisation factors for true pricing (2023); European Central Bank, Eurosystem, US dollar (USD), 2024"
"Swiss sugar default";"Switzerland";"Sugarbeet";"none";"Production";"Livelihoods";"Prevalence of modern slavery (forced workers, most severe)";"FTE/kg";0;0;"Sugar";"Swiss sugar";"Sugar";"2024";"conventional";5.56;"no, dervied from regional values";"none";"Rolex Centre";"False";"none";0;0;0.026;0;0;"USD2023/FTE";"Walkfree, global slavery index, 2024; World Bank, Annual Population, 2024; missing; FAOSTAT, Crops and livestock products, Yield, Agriculture land, 2022; International Labour Organization. ILO modelled estimates database, ILOSTAT. https://ilostat.ilo.org/data/. Accessed 14-10-2024; Swiss Confederation, Work and rest period, 2024; FAOSTAT, Crops and livestock products, Yield, Sugarbeet and sugarcane, 2022; World Bank, Inflation (annual %), 2024; True Price, Monestisation factors for true pricing (2023); European Central Bank, Eurosystem, US dollar (USD), 2024"
"Swiss sugar default";"Switzerland";"Sugarbeet";"none";"Production";"Livelihoods";"Prevalence of modern slavery (forced workers, most severe)";"FTE/kg";0;0;"Sugar";"Swiss sugar";"Sugar";"2024";"conventional";5.56;"no, dervied from regional values";"none";"Rolex Centre";"False";"none";0;0;0.026;0;0;"USD2023/FTE";"Walkfree, global slavery index, 2024; World Bank, Annual Population, 2024; FAOSTAT, Crops and livestock products, Yield, Sugarbeet and sugarcane, 2022; FAOSTAT, Crops and livestock products, Yield, Agriculture land, 2022; International Labour Organization. ILO modelled estimates database, ILOSTAT. https://ilostat.ilo.org/data/. Accessed 14-10-2024; Swiss Confederation, Work and rest period, 2024; FAOSTAT, Crops and livestock products, Yield, Sugarbeet and sugarcane, 2022; World Bank, Inflation (annual %), 2024; True Price, Monestisation factors for true pricing (2023); European Central Bank, Eurosystem, US dollar (USD), 2024"
"Swiss sugar default";"Switzerland";"Sugarbeet";"none";"Production";"Livelihoods";"Prevalence of Forced workers in situations of debt bondage";"FTE/kg";0;0;"Sugar";"Swiss sugar";"Sugar";"2024";"conventional";5.56;"no, dervied from regional values";"none";"Rolex Centre";"False";"none";0;0;0.026;0;0;"USD2023/FTE";"Walkfree, global slavery index, 2024; World Bank, Annual Population, 2024; missing; FAOSTAT, Crops and livestock products, Yield, Agriculture land, 2022, Global Estimates of Modern Slavery: Forced Labour and Forced Marriage International Labour Organization (ILO), Walk Free, and International Organization for Migration (IOM), Geneva, 2022, ISBN: 978-92-2-037483-2 (web PDF); International Labour Organization. ILO modelled estimates database, ILOSTAT. https://ilostat.ilo.org/data/. Accessed 14-10-2024; Swiss Confederation, Work and rest period, 2024; FAOSTAT, Crops and livestock products, Yield, Sugarbeet and sugarcane, 2022; World Bank, Inflation (annual %), 2024; True Price, Monestisation factors for true pricing (2023); European Central Bank, Eurosystem, US dollar (USD), 2024"
"Swiss sugar default";"Switzerland";"Sugarbeet";"none";"Production";"Livelihoods";"Prevalence of Forced workers in situations of debt bondage";"FTE/kg";0;0;"Sugar";"Swiss sugar";"Sugar";"2024";"conventional";5.56;"no, dervied from regional values";"none";"Rolex Centre";"False";"none";0;0;0.026;0;0;"USD2023/FTE";"Walkfree, global slavery index, 2024; World Bank, Annual Population, 2024; FAOSTAT, Crops and livestock products, Yield, Sugarbeet and sugarcane, 2022; FAOSTAT, Crops and livestock products, Yield, Agriculture land, 2022, Global Estimates of Modern Slavery: Forced Labour and Forced Marriage International Labour Organization (ILO), Walk Free, and International Organization for Migration (IOM), Geneva, 2022, ISBN: 978-92-2-037483-2 (web PDF); International Labour Organization. ILO modelled estimates database, ILOSTAT. https://ilostat.ilo.org/data/. Accessed 14-10-2024; Swiss Confederation, Work and rest period, 2024; FAOSTAT, Crops and livestock products, Yield, Sugarbeet and sugarcane, 2022; World Bank, Inflation (annual %), 2024; True Price, Monestisation factors for true pricing (2023); European Central Bank, Eurosystem, US dollar (USD), 2024"
"Swiss sugar default";"Switzerland";"Sugarbeet";"none";"Production";"Livelihoods";"Female workers without maternity leave provision";"USD/kg";0;0;"Sugar";"Swiss sugar";"Sugar";"2024";"conventional";5.56;"yes";"none";"Rolex Centre";"False";"none";0;0;0.026;0;0;"USD2023/USD2023";"World population review, Total Fertility Rate, 2024; International Labour Organization. ILO modelled estimates database, ILOSTAT. https://ilostat.ilo.org/data/. Accessed 14-10-2024; World population review, Total Fertility Rate, 2024, Eurostat, Duration of working life, 2052; missing; FAOSTAT, Crops and livestock products, Yield, Sugarbeet and sugarcane, 2022; True Price, Monestisation factors for true pricing (2023)"
"Swiss sugar default";"Switzerland";"Sugarbeet";"none";"Production";"Livelihoods";"Women with denied maternity leave";"women/kg";0;0;"Sugar";"Swiss sugar";"Sugar";"2024";"conventional";5.56;"yes";"none";"Rolex Centre";"False";"none";0;0;0.026;0;0;"USD2023/FTE";"World population review, Total Fertility Rate, 2024, Eurostat, Duration of working life, 2052; missing; FAOSTAT, Crops and livestock products, Yield, Sugarbeet and sugarcane, 2022; World Bank, Inflation (annual %), 2024; True Price, Monestisation factors for true pricing (2023); European Central Bank, Eurosystem, US dollar (USD), 2024"
"Swiss sugar default";"Switzerland";"Sugarbeet";"none";"Production";"Livelihoods";"Workers without paid leave provision";"USD/kg";0;0;"Sugar";"Swiss sugar";"Sugar";"2014";"conventional";5.56;"yes";"none";"Rolex Centre";"False";"none";0;0;0.026;0;0;"USD2023/USD2023";"Employing Workers, Doing Business: Measuring Business Regulations. World Bank Group, 2014; International Labour Organization. ILO modelled estimates database, ILOSTAT. https://ilostat.ilo.org/data/. Accessed 14-10-2024; 0.0; True Price, Monestisation factors for true pricing (2023)"
"Swiss sugar default";"Switzerland";"Sugarbeet";"none";"Production";"Livelihoods";"Informal employment rate of agricultural workers & uncovered by social protection floors/systems";"FTE/kg";0;0;"Sugar";"Swiss sugar";"Sugar";"2021";"conventional";5.56;"yes";"none";"Rolex Centre";"False";"none";0;0;0.026;0;0;"USD2023/FTE";"International Labour Organization. ILO modelled estimates database, ILOSTAT. https://ilostat.ilo.org/data/. Accessed 14-10-2024; missing; FAOSTAT, Crops and livestock products, Yield, Sugarbeet and sugarcane, 2022; World Bank, Inflation (annual %), 2024; True Price, Monestisation factors for true pricing (2023); European Central Bank, Eurosystem, US dollar (USD), 2024"
"Swiss sugar default";"Switzerland";"Sugarbeet";"none";"Production";"Livelihoods";"Cases of fatal occupational injury";"incidents/kg";0;0;"Sugar";"Swiss sugar";"Sugar";"2021";"conventional";5.56;"yes";"none";"Rolex Centre";"False";"none";0;0;0.026;0;0;"USD2023/incidents";"International Labour Organization. ILO modelled estimates database, ILOSTAT. https://ilostat.ilo.org/data/. Accessed 14-10-2024; FAOSTAT, Crops and livestock products, Yield, Sugarbeet and sugarcane, 2022; FAOSTAT, Crops and livestock products, Yield, Agriculture land, 2022; FAOSTAT, Crops and livestock products, Yield, Sugarbeet and sugarcane, 2022; World Bank, Inflation (annual %), 2024; True Price, Monestisation factors for true pricing (2023); European Central Bank, Eurosystem, US dollar (USD), 2024"
"Swiss sugar default";"Switzerland";"Sugarbeet";"none";"Production";"Livelihoods";"Cases of non-fatal occupational injury, insured";"incidents/kg";0;0;"Sugar";"Swiss sugar";"Sugar";"2021";"conventional";5.56;"yes";"none";"Rolex Centre";"False";"none";0;0;0.026;0;0;"USD2023/incidents";"International Labour Organization. ILO modelled estimates database, ILOSTAT. https://ilostat.ilo.org/data/. Accessed 14-10-2024; International Labour Organization. ILO modelled estimates database, ILOSTAT. https://ilostat.ilo.org/data/. Accessed 14-10-2024; FAOSTAT, Crops and livestock products, Yield, Sugarbeet and sugarcane, 2022; FAOSTAT, Crops and livestock products, Yield, Agriculture land, 2022; FAOSTAT, Crops and livestock products, Yield, Sugarbeet and sugarcane, 2022; World Bank, Inflation (annual %), 2024; True Price, Monestisation factors for true pricing (2023); European Central Bank, Eurosystem, US dollar (USD), 2024"
"Swiss sugar default";"Switzerland";"Sugarbeet";"none";"Production";"Livelihoods";"Cases of non-fatal occupational injury, uninsured";"incidents/kg";0;0;"Sugar";"Swiss sugar";"Sugar";"2021";"conventional";5.56;"yes";"none";"Rolex Centre";"False";"none";0;0;0.026;0;0;"USD2023/incidents";"International Labour Organization. ILO modelled estimates database, ILOSTAT. https://ilostat.ilo.org/data/. Accessed 14-10-2024; International Labour Organization. ILO modelled estimates database, ILOSTAT. https://ilostat.ilo.org/data/. Accessed 14-10-2024; FAOSTAT, Crops and livestock products, Yield, Sugarbeet and sugarcane, 2022; FAOSTAT, Crops and livestock products, Yield, Agriculture land, 2022; FAOSTAT, Crops and livestock products, Yield, Sugarbeet and sugarcane, 2022; World Bank, Inflation (annual %), 2024; True Price, Monestisation factors for true pricing (2023); European Central Bank, Eurosystem, US dollar (USD), 2024"
"Swiss sugar default";"none";"Sugarbeet";"none";"Offsetting schemes";"Environment";"Carbon Offsetting through Reforestation";"kgCO2/kg";0;-0;"Sugar";"Swiss sugar";"Sugar";"2024";"conventional";1;"yes";"none";"Rolex Centre";"False";"none";0;0;0.026;0;0;"USD2023/kg";"No specific anti-deforestation regulation, No specific regulation on reforestation, none; World Bank, Inflation (annual %), 2024; True Price, Monestisation factors for true pricing (2023); European Central Bank, Eurosystem, US dollar (USD), 2024"
"Swiss sugar default";"none";"Sugarbeet";"none";"Offsetting schemes";"Biodiversity";"Biodiversity restoration through Reforestation (none)";"m²/kg";0;0;"Sugar";"Swiss sugar";"Sugar";"2024";"conventional";1;"yes";"none";"Rolex Centre";"False";"none";0;0;0.026;0;0;"USD2023/m²";"No specific anti-deforestation regulation, No specific regulation on reforestation, none; World Bank, Inflation (annual %), 2024; Not applicable; European Central Bank, Eurosystem, US dollar (USD), 2024"
"Swiss sugar default";"Switzerland";"Sugarbeet";"none";"Consumption";"Health";"2,4-D";"mg/kg";0;0;"Sugar";"Swiss sugar";"Sugar";"2018";"conventional";1;"not-country-specific";"EU";"Rolex Centre";"False";"none";0;0;0.026;0;0;"USD2023/mg";"Food and Agriculture Organisation, World Health Organisation, International Food Standards, Codex Alimentarius, 2024 Misssing data at the country level, EU has been used as a proxy; World Bank, Inflation (annual %), 2024; Sustainability Impact Metrics (a spin-off of Delft University of Technology), Consumer Health: internalities of food in economics and I-eco-costs, 2181; European Central Bank, Eurosystem, US dollar (USD), 2024"
"Swiss sugar default";"Switzerland";"Sugarbeet";"none";"Consumption";"Health";"Aldicarb";"mg/kg";0;0;"Sugar";"Swiss sugar";"Sugar";"2018";"conventional";1;"not-country-specific";"EU";"Rolex Centre";"False";"none";0;0;0.026;0;0;"USD2023/mg";"Food and Agriculture Organisation, World Health Organisation, International Food Standards, Codex Alimentarius, 2025 Misssing data at the country level, EU has been used as a proxy; World Bank, Inflation (annual %), 2024; Sustainability Impact Metrics (a spin-off of Delft University of Technology), Consumer Health: internalities of food in economics and I-eco-costs, 2016; European Central Bank, Eurosystem, US dollar (USD), 2024"
"Swiss sugar default";"Switzerland";"Sugarbeet";"none";"Consumption";"Health";"Aldicarb";"mg/kg";0;0;"Sugar";"Swiss sugar";"Sugar";"2018";"conventional";1;"not-country-specific";"EU";"Rolex Centre";"False";"none";0;0;0.026;0;0;"USD2023/mg";"Food and Agriculture Organisation, World Health Organisation, International Food Standards, Codex Alimentarius, 2025 Misssing data at the country level, EU has been used as a proxy; World Bank, Inflation (annual %), 2024; Sustainability Impact Metrics (a spin-off of Delft University of Technology), Consumer Health: internalities of food in economics and I-eco-costs, 2047; European Central Bank, Eurosystem, US dollar (USD), 2024"
"Swiss sugar default";"Switzerland";"Sugarbeet";"none";"Consumption";"Health";"Azoxystrobin";"mg/kg";0;0;"Sugar";"Swiss sugar";"Sugar";"2018";"conventional";1;"not-country-specific";"EU";"Rolex Centre";"False";"none";0;0;0.026;0;0;"USD2023/mg";"Food and Agriculture Organisation, World Health Organisation, International Food Standards, Codex Alimentarius, 2026 Misssing data at the country level, EU has been used as a proxy; World Bank, Inflation (annual %), 2024; No factor available; European Central Bank, Eurosystem, US dollar (USD), 2024"
"Swiss sugar default";"Switzerland";"Sugarbeet";"none";"Consumption";"Health";"Benzovindiflupyr";"mg/kg";0;0;"Sugar";"Swiss sugar";"Sugar";"2018";"conventional";1;"not-country-specific";"EU";"Rolex Centre";"False";"none";0;0;0.026;0;0;"USD2023/mg";"Food and Agriculture Organisation, World Health Organisation, International Food Standards, Codex Alimentarius, 2027 Misssing data at the country level, EU has been used as a proxy; World Bank, Inflation (annual %), 2024; No data; European Central Bank, Eurosystem, US dollar (USD), 2024"
"Swiss sugar default";"Switzerland";"Sugarbeet";"none";"Consumption";"Health";"Bicyclopyrone";"mg/kg";0;0;"Sugar";"Swiss sugar";"Sugar";"2018";"conventional";1;"not-country-specific";"EU";"Rolex Centre";"False";"none";0;0;0.026;0;0;"USD2023/mg";"Food and Agriculture Organisation, World Health Organisation, International Food Standards, Codex Alimentarius, 2028 Misssing data at the country level, EU has been used as a proxy; World Bank, Inflation (annual %), 2024; No data; European Central Bank, Eurosystem, US dollar (USD), 2024"
"Swiss sugar default";"Switzerland";"Sugarbeet";"none";"Consumption";"Health";"Carbofuran";"mg/kg";0;0;"Sugar";"Swiss sugar";"Sugar";"2018";"conventional";1;"not-country-specific";"EU";"Rolex Centre";"False";"none";0;0;0.026;0;0;"USD2023/mg";"Food and Agriculture Organisation, World Health Organisation, International Food Standards, Codex Alimentarius, 2029 Misssing data at the country level, EU has been used as a proxy; World Bank, Inflation (annual %), 2024; Sustainability Impact Metrics (a spin-off of Delft University of Technology), Consumer Health: internalities of food in economics and I-eco-costs, 2021; European Central Bank, Eurosystem, US dollar (USD), 2024"
"Swiss sugar default";"Switzerland";"Sugarbeet";"none";"Consumption";"Health";"Carbofuran";"mg/kg";0;0;"Sugar";"Swiss sugar";"Sugar";"2018";"conventional";1;"not-country-specific";"EU";"Rolex Centre";"False";"none";0;0;0.026;0;0;"USD2023/mg";"Food and Agriculture Organisation, World Health Organisation, International Food Standards, Codex Alimentarius, 2029 Misssing data at the country level, EU has been used as a proxy; World Bank, Inflation (annual %), 2024; Sustainability Impact Metrics (a spin-off of Delft University of Technology), Consumer Health: internalities of food in economics and I-eco-costs, 2068; European Central Bank, Eurosystem, US dollar (USD), 2024"
"Swiss sugar default";"Switzerland";"Sugarbeet";"none";"Consumption";"Health";"Chlorantraniliprole";"mg/kg";0;0;"Sugar";"Swiss sugar";"Sugar";"2018";"conventional";1;"not-country-specific";"EU";"Rolex Centre";"False";"none";0;0;0.026;0;0;"USD2023/mg";"Food and Agriculture Organisation, World Health Organisation, International Food Standards, Codex Alimentarius, 2030 Misssing data at the country level, EU has been used as a proxy; World Bank, Inflation (annual %), 2024; Sustainability Impact Metrics (a spin-off of Delft University of Technology), Consumer Health: internalities of food in economics and I-eco-costs, 2022; European Central Bank, Eurosystem, US dollar (USD), 2024"
"Swiss sugar default";"Switzerland";"Sugarbeet";"none";"Consumption";"Health";"Chlorantraniliprole";"mg/kg";0;0;"Sugar";"Swiss sugar";"Sugar";"2018";"conventional";1;"not-country-specific";"EU";"Rolex Centre";"False";"none";0;0;0.026;0;0;"USD2023/mg";"Food and Agriculture Organisation, World Health Organisation, International Food Standards, Codex Alimentarius, 2030 Misssing data at the country level, EU has been used as a proxy; World Bank, Inflation (annual %), 2024; Sustainability Impact Metrics (a spin-off of Delft University of Technology), Consumer Health: internalities of food in economics and I-eco-costs, 2071; European Central Bank, Eurosystem, US dollar (USD), 2024"
"Swiss sugar default";"Switzerland";"Sugarbeet";"none";"Consumption";"Health";"Clothianidin";"mg/kg";0;0;"Sugar";"Swiss sugar";"Sugar";"2018";"conventional";1;"not-country-specific";"EU";"Rolex Centre";"False";"none";0;0;0.026;0;0;"USD2023/mg";"Food and Agriculture Organisation, World Health Organisation, International Food Standards, Codex Alimentarius, 2031 Misssing data at the country level, EU has been used as a proxy; World Bank, Inflation (annual %), 2024; Sustainability Impact Metrics (a spin-off of Delft University of Technology), Consumer Health: internalities of food in economics and I-eco-costs, 2024; European Central Bank, Eurosystem, US dollar (USD), 2024"
"Swiss sugar default";"Switzerland";"Sugarbeet";"none";"Consumption";"Health";"Clothianidin";"mg/kg";0;0;"Sugar";"Swiss sugar";"Sugar";"2018";"conventional";1;"not-country-specific";"EU";"Rolex Centre";"False";"none";0;0;0.026;0;0;"USD2023/mg";"Food and Agriculture Organisation, World Health Organisation, International Food Standards, Codex Alimentarius, 2031 Misssing data at the country level, EU has been used as a proxy; World Bank, Inflation (annual %), 2024; Sustainability Impact Metrics (a spin-off of Delft University of Technology), Consumer Health: internalities of food in economics and I-eco-costs, 2081; European Central Bank, Eurosystem, US dollar (USD), 2024"
"Swiss sugar default";"Switzerland";"Sugarbeet";"none";"Consumption";"Health";"Cyhalothrin";"mg/kg";0;0;"Sugar";"Swiss sugar";"Sugar";"2018";"conventional";1;"not-country-specific";"EU";"Rolex Centre";"False";"none";0;0;0.026;0;0;"USD2023/mg";"Food and Agriculture Organisation, World Health Organisation, International Food Standards, Codex Alimentarius, 2032 Misssing data at the country level, EU has been used as a proxy; World Bank, Inflation (annual %), 2024; Sustainability Impact Metrics (a spin-off of Delft University of Technology), Consumer Health: internalities of food in economics and I-eco-costs, 2026; European Central Bank, Eurosystem, US dollar (USD), 2024"
"Swiss sugar default";"Switzerland";"Sugarbeet";"none";"Consumption";"Health";"Cyhalothrin";"mg/kg";0;0;"Sugar";"Swiss sugar";"Sugar";"2018";"conventional";1;"not-country-specific";"EU";"Rolex Centre";"False";"none";0;0;0.026;0;0;"USD2023/mg";"Food and Agriculture Organisation, World Health Organisation, International Food Standards, Codex Alimentarius, 2032 Misssing data at the country level, EU has been used as a proxy; World Bank, Inflation (annual %), 2024; Sustainability Impact Metrics (a spin-off of Delft University of Technology), Consumer Health: internalities of food in economics and I-eco-costs, 2084; European Central Bank, Eurosystem, US dollar (USD), 2024"
"Swiss sugar default";"Switzerland";"Sugarbeet";"none";"Consumption";"Health";"Cypermethrins";"mg/kg";0;0;"Sugar";"Swiss sugar";"Sugar";"2018";"conventional";1;"not-country-specific";"EU";"Rolex Centre";"False";"none";0;0;0.026;0;0;"USD2023/mg";"Food and Agriculture Organisation, World Health Organisation, International Food Standards, Codex Alimentarius, 2033 Misssing data at the country level, EU has been used as a proxy; World Bank, Inflation (annual %), 2024; Sustainability Impact Metrics (a spin-off of Delft University of Technology), Consumer Health: internalities of food in economics and I-eco-costs, 2027; European Central Bank, Eurosystem, US dollar (USD), 2024"
"Swiss sugar default";"Switzerland";"Sugarbeet";"none";"Consumption";"Health";"Dicamba";"mg/kg";0;0;"Sugar";"Swiss sugar";"Sugar";"2018";"conventional";1;"not-country-specific";"EU";"Rolex Centre";"False";"none";0;0;0.026;0;0;"USD2023/mg";"Food and Agriculture Organisation, World Health Organisation, International Food Standards, Codex Alimentarius, 2034 Misssing data at the country level, EU has been used as a proxy; World Bank, Inflation (annual %), 2024; Sustainability Impact Metrics (a spin-off of Delft University of Technology), Consumer Health: internalities of food in economics and I-eco-costs, 2090; European Central Bank, Eurosystem, US dollar (USD), 2024"
"Swiss sugar default";"Switzerland";"Sugarbeet";"none";"Consumption";"Health";"Ethoprophos";"mg/kg";0;0;"Sugar";"Swiss sugar";"Sugar";"2018";"conventional";1;"not-country-specific";"EU";"Rolex Centre";"False";"none";0;0;0.026;0;0;"USD2023/mg";"Food and Agriculture Organisation, World Health Organisation, International Food Standards, Codex Alimentarius, 2035 Misssing data at the country level, EU has been used as a proxy; World Bank, Inflation (annual %), 2024; No data; European Central Bank, Eurosystem, US dollar (USD), 2024"
"Swiss sugar default";"Switzerland";"Sugarbeet";"none";"Consumption";"Health";"Fluazifop-P-Butyl";"mg/kg";0;0;"Sugar";"Swiss sugar";"Sugar";"2018";"conventional";1;"not-country-specific";"EU";"Rolex Centre";"False";"none";0;0;0.026;0;0;"USD2023/mg";"Food and Agriculture Organisation, World Health Organisation, International Food Standards, Codex Alimentarius, 2036 Misssing data at the country level, EU has been used as a proxy; World Bank, Inflation (annual %), 2024; No data; European Central Bank, Eurosystem, US dollar (USD), 2024"
"Swiss sugar default";"Switzerland";"Sugarbeet";"none";"Consumption";"Health";"Fluensulfone";"mg/kg";0;0;"Sugar";"Swiss sugar";"Sugar";"2018";"conventional";1;"not-country-specific";"EU";"Rolex Centre";"False";"none";0;0;0.026;0;0;"USD2023/mg";"Food and Agriculture Organisation, World Health Organisation, International Food Standards, Codex Alimentarius, 2037 Misssing data at the country level, EU has been used as a proxy; World Bank, Inflation (annual %), 2024; No data; European Central Bank, Eurosystem, US dollar (USD), 2024"
"Swiss sugar default";"Switzerland";"Sugarbeet";"none";"Consumption";"Health";"Glyphosate";"mg/kg";0;0;"Sugar";"Swiss sugar";"Sugar";"2018";"conventional";1;"not-country-specific";"EU";"Rolex Centre";"False";"none";0;0;0.026;0;0;"USD2023/mg";"Food and Agriculture Organisation, World Health Organisation, International Food Standards, Codex Alimentarius, 2038 Misssing data at the country level, EU has been used as a proxy; World Bank, Inflation (annual %), 2024; Sustainability Impact Metrics (a spin-off of Delft University of Technology), Consumer Health: internalities of food in economics and I-eco-costs, 2195; European Central Bank, Eurosystem, US dollar (USD), 2024"
"Swiss sugar default";"Switzerland";"Sugarbeet";"none";"Consumption";"Health";"Imazapic";"mg/kg";0;0;"Sugar";"Swiss sugar";"Sugar";"2018";"conventional";1;"not-country-specific";"EU";"Rolex Centre";"False";"none";0;0;0.026;0;0;"USD2023/mg";"Food and Agriculture Organisation, World Health Organisation, International Food Standards, Codex Alimentarius, 2039 Misssing data at the country level, EU has been used as a proxy; World Bank, Inflation (annual %), 2024; No data; European Central Bank, Eurosystem, US dollar (USD), 2024"
"Swiss sugar default";"Switzerland";"Sugarbeet";"none";"Consumption";"Health";"Isoxaflutole";"mg/kg";0;0;"Sugar";"Swiss sugar";"Sugar";"2018";"conventional";1;"not-country-specific";"EU";"Rolex Centre";"False";"none";0;0;0.026;0;0;"USD2023/mg";"Food and Agriculture Organisation, World Health Organisation, International Food Standards, Codex Alimentarius, 2040 Misssing data at the country level, EU has been used as a proxy; World Bank, Inflation (annual %), 2024; No data; European Central Bank, Eurosystem, US dollar (USD), 2024"
"Swiss sugar default";"Switzerland";"Sugarbeet";"none";"Consumption";"Health";"Mefentrifluconazole";"mg/kg";0;0;"Sugar";"Swiss sugar";"Sugar";"2018";"conventional";1;"not-country-specific";"EU";"Rolex Centre";"False";"none";0;0;0.026;0;0;"USD2023/mg";"Food and Agriculture Organisation, World Health Organisation, International Food Standards, Codex Alimentarius, 2041 Misssing data at the country level, EU has been used as a proxy; World Bank, Inflation (annual %), 2024; No data; European Central Bank, Eurosystem, US dollar (USD), 2024"
"Swiss sugar default";"Switzerland";"Sugarbeet";"none";"Consumption";"Health";"Mesotrione";"mg/kg";0;0;"Sugar";"Swiss sugar";"Sugar";"2018";"conventional";1;"not-country-specific";"EU";"Rolex Centre";"False";"none";0;0;0.026;0;0;"USD2023/mg";"Food and Agriculture Organisation, World Health Organisation, International Food Standards, Codex Alimentarius, 2042 Misssing data at the country level, EU has been used as a proxy; World Bank, Inflation (annual %), 2024; Sustainability Impact Metrics (a spin-off of Delft University of Technology), Consumer Health: internalities of food in economics and I-eco-costs, 2146; European Central Bank, Eurosystem, US dollar (USD), 2024"
"Swiss sugar default";"Switzerland";"Sugarbeet";"none";"Consumption";"Health";"Metaflumizone";"mg/kg";0;0;"Sugar";"Swiss sugar";"Sugar";"2018";"conventional";1;"not-country-specific";"EU";"Rolex Centre";"False";"none";0;0;0.026;0;0;"USD2023/mg";"Food and Agriculture Organisation, World Health Organisation, International Food Standards, Codex Alimentarius, 2043 Misssing data at the country level, EU has been used as a proxy; World Bank, Inflation (annual %), 2024; No data; European Central Bank, Eurosystem, US dollar (USD), 2024"
"Swiss sugar default";"Switzerland";"Sugarbeet";"none";"Consumption";"Health";"Metconazole";"mg/kg";0;0;"Sugar";"Swiss sugar";"Sugar";"2018";"conventional";1;"not-country-specific";"EU";"Rolex Centre";"False";"none";0;0;0.026;0;0;"USD2023/mg";"Food and Agriculture Organisation, World Health Organisation, International Food Standards, Codex Alimentarius, 2044 Misssing data at the country level, EU has been used as a proxy; World Bank, Inflation (annual %), 2024; Sustainability Impact Metrics (a spin-off of Delft University of Technology), Consumer Health: internalities of food in economics and I-eco-costs, 2148; European Central Bank, Eurosystem, US dollar (USD), 2024"
"Swiss sugar default";"Switzerland";"Sugarbeet";"none";"Consumption";"Health";"Methoxyfenozide";"mg/kg";0;0;"Sugar";"Swiss sugar";"Sugar";"2018";"conventional";1;"not-country-specific";"EU";"Rolex Centre";"False";"none";0;0;0.026;0;0;"USD2023/mg";"Food and Agriculture Organisation, World Health Organisation, International Food Standards, Codex Alimentarius, 2045 Misssing data at the country level, EU has been used as a proxy; World Bank, Inflation (annual %), 2024; No data; European Central Bank, Eurosystem, US dollar (USD), 2024"
"Swiss sugar default";"Switzerland";"Sugarbeet";"none";"Consumption";"Health";"Novaluron";"mg/kg";0;0;"Sugar";"Swiss sugar";"Sugar";"2018";"conventional";1;"not-country-specific";"EU";"Rolex Centre";"False";"none";0;0;0.026;0;0;"USD2023/mg";"Food and Agriculture Organisation, World Health Organisation, International Food Standards, Codex Alimentarius, 2046 Misssing data at the country level, EU has been used as a proxy; World Bank, Inflation (annual %), 2024; Sustainability Impact Metrics (a spin-off of Delft University of Technology), Consumer Health: internalities of food in economics and I-eco-costs, 2159; European Central Bank, Eurosystem, US dollar (USD), 2024"
"Swiss sugar default";"Switzerland";"Sugarbeet";"none";"Consumption";"Health";"Pendimethalin";"mg/kg";0;0;"Sugar";"Swiss sugar";"Sugar";"2018";"conventional";1;"not-country-specific";"EU";"Rolex Centre";"False";"none";0;0;0.026;0;0;"USD2023/mg";"Food and Agriculture Organisation, World Health Organisation, International Food Standards, Codex Alimentarius, 2047 Misssing data at the country level, EU has been used as a proxy; World Bank, Inflation (annual %), 2024; Sustainability Impact Metrics (a spin-off of Delft University of Technology), Consumer Health: internalities of food in economics and I-eco-costs, 2167; European Central Bank, Eurosystem, US dollar (USD), 2024"
"Swiss sugar default";"Switzerland";"Sugarbeet";"none";"Consumption";"Health";"Propiconazole";"mg/kg";0;0;"Sugar";"Swiss sugar";"Sugar";"2018";"conventional";1;"not-country-specific";"EU";"Rolex Centre";"False";"none";0;0;0.026;0;0;"USD2023/mg";"Food and Agriculture Organisation, World Health Organisation, International Food Standards, Codex Alimentarius, 2048 Misssing data at the country level, EU has been used as a proxy; World Bank, Inflation (annual %), 2024; Sustainability Impact Metrics (a spin-off of Delft University of Technology), Consumer Health: internalities of food in economics and I-eco-costs, 2040; European Central Bank, Eurosystem, US dollar (USD), 2024"
"Swiss sugar default";"Switzerland";"Sugarbeet";"none";"Consumption";"Health";"Propiconazole";"mg/kg";0;0;"Sugar";"Swiss sugar";"Sugar";"2018";"conventional";1;"not-country-specific";"EU";"Rolex Centre";"False";"none";0;0;0.026;0;0;"USD2023/mg";"Food and Agriculture Organisation, World Health Organisation, International Food Standards, Codex Alimentarius, 2048 Misssing data at the country level, EU has been used as a proxy; World Bank, Inflation (annual %), 2024; Sustainability Impact Metrics (a spin-off of Delft University of Technology), Consumer Health: internalities of food in economics and I-eco-costs, 2175; European Central Bank, Eurosystem, US dollar (USD), 2024"
"Swiss sugar default";"Switzerland";"Sugarbeet";"none";"Consumption";"Health";"Pyraclostrobin";"mg/kg";0;0;"Sugar";"Swiss sugar";"Sugar";"2018";"conventional";1;"not-country-specific";"EU";"Rolex Centre";"False";"none";0;0;0.026;0;0;"USD2023/mg";"Food and Agriculture Organisation, World Health Organisation, International Food Standards, Codex Alimentarius, 2049 Misssing data at the country level, EU has been used as a proxy; World Bank, Inflation (annual %), 2024; Sustainability Impact Metrics (a spin-off of Delft University of Technology), Consumer Health: internalities of food in economics and I-eco-costs, 2041; European Central Bank, Eurosystem, US dollar (USD), 2024"
"Swiss sugar default";"Switzerland";"Sugarbeet";"none";"Consumption";"Health";"Pyraclostrobin";"mg/kg";0;0;"Sugar";"Swiss sugar";"Sugar";"2018";"conventional";1;"not-country-specific";"EU";"Rolex Centre";"False";"none";0;0;0.026;0;0;"USD2023/mg";"Food and Agriculture Organisation, World Health Organisation, International Food Standards, Codex Alimentarius, 2049 Misssing data at the country level, EU has been used as a proxy; World Bank, Inflation (annual %), 2024; Sustainability Impact Metrics (a spin-off of Delft University of Technology), Consumer Health: internalities of food in economics and I-eco-costs, 2176; European Central Bank, Eurosystem, US dollar (USD), 2024"
"Swiss sugar default";"Switzerland";"Sugarbeet";"none";"Consumption";"Health";"Saflufenacil";"mg/kg";0;0;"Sugar";"Swiss sugar";"Sugar";"2018";"conventional";1;"not-country-specific";"EU";"Rolex Centre";"False";"none";0;0;0.026;0;0;"USD2023/mg";"Food and Agriculture Organisation, World Health Organisation, International Food Standards, Codex Alimentarius, 2050 Misssing data at the country level, EU has been used as a proxy; World Bank, Inflation (annual %), 2024; No factor available; European Central Bank, Eurosystem, US dollar (USD), 2024"
"Swiss sugar default";"Switzerland";"Sugarbeet";"none";"Consumption";"Health";"Tebufenozide";"mg/kg";0;0;"Sugar";"Swiss sugar";"Sugar";"2018";"conventional";1;"not-country-specific";"EU";"Rolex Centre";"False";"none";0;0;0.026;0;0;"USD2023/mg";"Food and Agriculture Organisation, World Health Organisation, International Food Standards, Codex Alimentarius, 2051 Misssing data at the country level, EU has been used as a proxy; World Bank, Inflation (annual %), 2024; Sustainability Impact Metrics (a spin-off of Delft University of Technology), Consumer Health: internalities of food in economics and I-eco-costs, 2177; European Central Bank, Eurosystem, US dollar (USD), 2024"
"Swiss sugar default";"Switzerland";"Sugarbeet";"none";"Consumption";"Health";"Teflubenzuron";"mg/kg";0;0;"Sugar";"Swiss sugar";"Sugar";"2018";"conventional";1;"not-country-specific";"EU";"Rolex Centre";"False";"none";0;0;0.026;0;0;"USD2023/mg";"Food and Agriculture Organisation, World Health Organisation, International Food Standards, Codex Alimentarius, 2052 Misssing data at the country level, EU has been used as a proxy; World Bank, Inflation (annual %), 2024; Sustainability Impact Metrics (a spin-off of Delft University of Technology), Consumer Health: internalities of food in economics and I-eco-costs, 2178; European Central Bank, Eurosystem, US dollar (USD), 2024"
"Swiss sugar default";"Switzerland";"Sugarbeet";"none";"Consumption";"Health";"Trinexapac-Ethyl";"mg/kg";0;0;"Sugar";"Swiss sugar";"Sugar";"2018";"conventional";1;"not-country-specific";"EU";"Rolex Centre";"False";"none";0;0;0.026;0;0;"USD2023/mg";"Food and Agriculture Organisation, World Health Organisation, International Food Standards, Codex Alimentarius, 2053 Misssing data at the country level, EU has been used as a proxy; World Bank, Inflation (annual %), 2024; No data; European Central Bank, Eurosystem, US dollar (USD), 2024"
"Swiss sugar high";"Switzerland";"Sugarbeet";"none";"Production";"Environment";"Fine particulate matter formation";"kg PM2.5 eq";0.0000024580815057430723;0.000264661762674167;"Sugar";"Swiss sugar";"Sugar";"2021";"conventional";5.56;"yes";"none";"Rolex Centre";"False";"none";0;0;0.026365011293804204;0;0;"USD2023/kg";"Sugar beet {CH}| production | Cut-off, S - Copied from Ecoinvent; World Bank, Inflation (annual %), 2024; CE-Delft, Environmental Prices Handbook (2017); European Central Bank, Eurosystem, US dollar (USD), 2024"
"Swiss sugar high";"Switzerland";"Sugarbeet";"none";"Production";"Environment";"Fossil resource scarcity";"kg oil eq";0.0001347639853566787;0.00007125392549159524;"Sugar";"Swiss sugar";"Sugar";"2021";"conventional";5.56;"yes";"none";"Rolex Centre";"False";"none";0;0;0.026365011293804204;0;0;"USD2023/kg";"Sugar beet {CH}| production | Cut-off, S - Copied from Ecoinvent; World Bank, Inflation (annual %), 2024; True Price, Monestisation factors for true pricing (2023); European Central Bank, Eurosystem, US dollar (USD), 2024"
"Swiss sugar high";"Switzerland";"Sugarbeet";"none";"Production";"Environment";"Freshwater ecotoxicity";"kg 1,4-DCB";0.000015765855670708075;0.00000075566745634492;"Sugar";"Swiss sugar";"Sugar";"2021";"conventional";5.56;"yes";"none";"Rolex Centre";"False";"none";0;0;0.026365011293804204;0;0;"USD2023/kg";"Sugar beet {CH}| production | Cut-off, S - Copied from Ecoinvent; World Bank, Inflation (annual %), 2024; True Price, Monestisation factors for true pricing (2023); European Central Bank, Eurosystem, US dollar (USD), 2024"
"Swiss sugar high";"Switzerland";"Sugarbeet";"none";"Production";"Environment";"Freshwater eutrophication";"kg P eq";0.00000027274692633695894;0.00006552141517132137;"Sugar";"Swiss sugar";"Sugar";"2021";"conventional";5.56;"yes";"none";"Rolex Centre";"False";"none";0;0;0.026365011293804204;0;0;"USD2023/kg";"Sugar beet {CH}| production | Cut-off, S - Copied from Ecoinvent; World Bank, Inflation (annual %), 2024; True Price, Monestisation factors for true pricing (2023); European Central Bank, Eurosystem, US dollar (USD), 2024"
"Swiss sugar high";"Switzerland";"Sugarbeet";"none";"Production";"Environment";"Global warming";"kg CO2 eq";0.0011433788942267734;0.0002142174737775193;"Sugar";"Swiss sugar";"Sugar";"2021";"conventional";5.56;"yes";"none";"Rolex Centre";"False";"none";0;0;0.026365011293804204;0;0;"USD2023/kg";"Sugar beet {CH}| production | Cut-off, S - Copied from Ecoinvent; World Bank, Inflation (annual %), 2024; True Price, Monestisation factors for true pricing (2023); European Central Bank, Eurosystem, US dollar (USD), 2024"
"Swiss sugar high";"Switzerland";"Sugarbeet";"none";"Production";"Environment";"Human carcinogenic toxicity";"kg 1,4-DCB";0.000019267730792121503;0;"Sugar";"Swiss sugar";"Sugar";"2021";"conventional";5.56;"yes";"none";"Rolex Centre";"False";"none";0;0;0.026365011293804204;0;0;"USD2023/kg";"Sugar beet {CH}| production | Cut-off, S - Copied from Ecoinvent; World Bank, Inflation (annual %), 2024; No factor available; European Central Bank, Eurosystem, US dollar (USD), 2024"
"Swiss sugar high";"Switzerland";"Sugarbeet";"none";"Production";"Environment";"Human non-carcinogenic toxicity";"kg 1,4-DCB";-0.0016043554332574041;-0;"Sugar";"Swiss sugar";"Sugar";"2021";"conventional";5.56;"yes";"none";"Rolex Centre";"False";"none";0;0;0.026365011293804204;0;0;"USD2023/kg";"Sugar beet {CH}| production | Cut-off, S - Copied from Ecoinvent; World Bank, Inflation (annual %), 2024; No factor available; European Central Bank, Eurosystem, US dollar (USD), 2024"
"Swiss sugar high";"Switzerland";"Sugarbeet";"none";"Production";"Environment";"Ionizing radiation";"kBq Co-60 eq";0.00004292320974849192;0;"Sugar";"Swiss sugar";"Sugar";"2021";"conventional";5.56;"yes";"none";"Rolex Centre";"False";"none";0;0;0.026365011293804204;0;0;"USD2023/kg";"Sugar beet {CH}| production | Cut-off, S - Copied from Ecoinvent; World Bank, Inflation (annual %), 2024; No factor available; European Central Bank, Eurosystem, US dollar (USD), 2024"
"Swiss sugar high";"Switzerland";"Sugarbeet";"none";"Production";"Environment";"Land use";"m2a crop eq";0.0037129307023623407;0.0004438408803267793;"Sugar";"Swiss sugar";"Sugar";"2021";"conventional";5.56;"yes";"none";"Rolex Centre";"False";"none";0;0;0.026365011293804204;0;0;"USD2023/kg";"Sugar beet {CH}| production | Cut-off, S - Copied from Ecoinvent; World Bank, Inflation (annual %), 2024; True Price, Monestisation factors for true pricing (2023); European Central Bank, Eurosystem, US dollar (USD), 2024"
"Swiss sugar high";"Switzerland";"Sugarbeet";"none";"Production";"Environment";"Marine ecotoxicity";"kg 1,4-DCB";0.000022991155261108475;0.00000005021014933189666;"Sugar";"Swiss sugar";"Sugar";"2021";"conventional";5.56;"yes";"none";"Rolex Centre";"False";"none";0;0;0.026365011293804204;0;0;"USD2023/kg";"Sugar beet {CH}| production | Cut-off, S - Copied from Ecoinvent; World Bank, Inflation (annual %), 2024; True Price, Monestisation factors for true pricing (2023); European Central Bank, Eurosystem, US dollar (USD), 2024"
"Swiss sugar high";"Switzerland";"Sugarbeet";"none";"Production";"Environment";"Marine eutrophication";"kg N eq";0.00000553092238881319;0.00009218126941259301;"Sugar";"Swiss sugar";"Sugar";"2021";"conventional";5.56;"yes";"none";"Rolex Centre";"False";"none";0;0;0.026365011293804204;0;0;"USD2023/kg";"Sugar beet {CH}| production | Cut-off, S - Copied from Ecoinvent; World Bank, Inflation (annual %), 2024; True Price, Monestisation factors for true pricing (2023); European Central Bank, Eurosystem, US dollar (USD), 2024"
"Swiss sugar high";"Switzerland";"Sugarbeet";"none";"Production";"Environment";"Mineral resource scarcity";"kg Cu eq";0.000003694076283352765;0.0000009468645132733973;"Sugar";"Swiss sugar";"Sugar";"2021";"conventional";5.56;"yes";"none";"Rolex Centre";"False";"none";0;0;0.026365011293804204;0;0;"USD2023/kg";"Sugar beet {CH}| production | Cut-off, S - Copied from Ecoinvent; World Bank, Inflation (annual %), 2024; True Price, Monestisation factors for true pricing (2023); European Central Bank, Eurosystem, US dollar (USD), 2024"
"Swiss sugar high";"Switzerland";"Sugarbeet";"none";"Production";"Environment";"Ozone formation, Human health";"kg NOx eq";0.00000386566393903487;0;"Sugar";"Swiss sugar";"Sugar";"2021";"conventional";5.56;"yes";"none";"Rolex Centre";"False";"none";0;0;0.026365011293804204;0;0;"USD2023/kg";"Sugar beet {CH}| production | Cut-off, S - Copied from Ecoinvent; World Bank, Inflation (annual %), 2024; No factor available; European Central Bank, Eurosystem, US dollar (USD), 2024"
"Swiss sugar high";"Switzerland";"Sugarbeet";"none";"Production";"Environment";"Ozone formation, Terrestrial ecosystems";"kg NOx eq";0.000003925696951936175;0;"Sugar";"Swiss sugar";"Sugar";"2021";"conventional";5.56;"yes";"none";"Rolex Centre";"False";"none";0;0;0.026365011293804204;0;0;"USD2023/kg";"Sugar beet {CH}| production | Cut-off, S - Copied from Ecoinvent; World Bank, Inflation (annual %), 2024; No factor available; European Central Bank, Eurosystem, US dollar (USD), 2024"
"Swiss sugar high";"Switzerland";"Sugarbeet";"none";"Production";"Environment";"Stratospheric ozone depletion";"kg CFC11 eq";0.000000026004743991629182;0.000001730646084608851;"Sugar";"Swiss sugar";"Sugar";"2021";"conventional";5.56;"yes";"none";"Rolex Centre";"False";"none";0;0;0.026365011293804204;0;0;"USD2023/kg";"Sugar beet {CH}| production | Cut-off, S - Copied from Ecoinvent; World Bank, Inflation (annual %), 2024; True Price, Monestisation factors for true pricing (2023); European Central Bank, Eurosystem, US dollar (USD), 2024"
"Swiss sugar high";"Switzerland";"Sugarbeet";"none";"Production";"Environment";"Terrestrial acidification";"kg SO2 eq";0.00001277755076590686;0.00007078997698695449;"Sugar";"Swiss sugar";"Sugar";"2021";"conventional";5.56;"yes";"none";"Rolex Centre";"False";"none";0;0;0.026365011293804204;0;0;"USD2023/kg";"Sugar beet {CH}| production | Cut-off, S - Copied from Ecoinvent; World Bank, Inflation (annual %), 2024; True Price, Monestisation factors for true pricing (2023); European Central Bank, Eurosystem, US dollar (USD), 2024"
"Swiss sugar high";"Switzerland";"Sugarbeet";"none";"Production";"Environment";"Terrestrial ecotoxicity";"kg 1,4-DCB";0.0018947032248086226;0.0000006533404793244673;"Sugar";"Swiss sugar";"Sugar";"2021";"conventional";5.56;"yes";"none";"Rolex Centre";"False";"none";0;0;0.026365011293804204;0;0;"USD2023/kg";"Sugar beet {CH}| production | Cut-off, S - Copied from Ecoinvent; World Bank, Inflation (annual %), 2024; True Price, Monestisation factors for true pricing (2023); European Central Bank, Eurosystem, US dollar (USD), 2024"
"Swiss sugar high";"Switzerland";"Sugarbeet";"none";"Production";"Environment";"Water consumption";"m3";0.00005315957337711742;0.00008126625483409513;"Sugar";"Swiss sugar";"Sugar";"2021";"conventional";5.56;"yes";"none";"Rolex Centre";"False";"none";0;0;0.026365011293804204;0;0;"USD2023/kg";"Sugar beet {CH}| production | Cut-off, S - Copied from Ecoinvent; World Bank, Inflation (annual %), 2024; True Price, Monestisation factors for true pricing (2023); European Central Bank, Eurosystem, US dollar (USD), 2024"
"Swiss sugar high";"Switzerland";"Sugarbeet";"none";"Processing, Sugar extraction";"Environment";"Fine particulate matter formation";"kg PM2.5 eq";0.0000026720815723348235;0.0002877031608964121;"Sugar";"Swiss sugar";"Sugar";"2021";"conventional";5.56;"no";"France";"Rolex Centre";"False";"none";0;0;0.026365011293804204;0;0;"USD2023/kg";"Extraction of sugar from beet, processing/FR U Misssing data at the country level, France has been used as a proxy; World Bank, Inflation (annual %), 2024; CE-Delft, Environmental Prices Handbook (2017); European Central Bank, Eurosystem, US dollar (USD), 2024"
"Swiss sugar high";"Switzerland";"Sugarbeet";"none";"Processing, Sugar extraction";"Environment";"Fossil resource scarcity";"kg oil eq";0.0010123949604994842;0.0005352848158398705;"Sugar";"Swiss sugar";"Sugar";"2021";"conventional";5.56;"no";"France";"Rolex Centre";"False";"none";0;0;0.026365011293804204;0;0;"USD2023/kg";"Extraction of sugar from beet, processing/FR U Misssing data at the country level, France has been used as a proxy; World Bank, Inflation (annual %), 2024; True Price, Monestisation factors for true pricing (2023); European Central Bank, Eurosystem, US dollar (USD), 2024"
"Swiss sugar high";"Switzerland";"Sugarbeet";"none";"Processing, Sugar extraction";"Environment";"Freshwater ecotoxicity";"kg 1,4-DCB";0.00005484114537654616;0.0000026285708619502653;"Sugar";"Swiss sugar";"Sugar";"2021";"conventional";5.56;"no";"France";"Rolex Centre";"False";"none";0;0;0.026365011293804204;0;0;"USD2023/kg";"Extraction of sugar from beet, processing/FR U Misssing data at the country level, France has been used as a proxy; World Bank, Inflation (annual %), 2024; True Price, Monestisation factors for true pricing (2023); European Central Bank, Eurosystem, US dollar (USD), 2024"
"Swiss sugar high";"Switzerland";"Sugarbeet";"none";"Processing, Sugar extraction";"Environment";"Freshwater eutrophication";"kg P eq";0.0000005778740204926784;0.0001388214493264145;"Sugar";"Swiss sugar";"Sugar";"2021";"conventional";5.56;"no";"France";"Rolex Centre";"False";"none";0;0;0.026365011293804204;0;0;"USD2023/kg";"Extraction of sugar from beet, processing/FR U Misssing data at the country level, France has been used as a proxy; World Bank, Inflation (annual %), 2024; True Price, Monestisation factors for true pricing (2023); European Central Bank, Eurosystem, US dollar (USD), 2024"
"Swiss sugar high";"Switzerland";"Sugarbeet";"none";"Processing, Sugar extraction";"Environment";"Global warming";"kg CO2 eq";0.002889145098149341;0.0005412950749985626;"Sugar";"Swiss sugar";"Sugar";"2021";"conventional";5.56;"no";"France";"Rolex Centre";"False";"none";0;0;0.026365011293804204;0;0;"USD2023/kg";"Extraction of sugar from beet, processing/FR U Misssing data at the country level, France has been used as a proxy; World Bank, Inflation (annual %), 2024; True Price, Monestisation factors for true pricing (2023); European Central Bank, Eurosystem, US dollar (USD), 2024"
"Swiss sugar high";"Switzerland";"Sugarbeet";"none";"Processing, Sugar extraction";"Environment";"Human carcinogenic toxicity";"kg 1,4-DCB";0.00009523626764213115;0;"Sugar";"Swiss sugar";"Sugar";"2021";"conventional";5.56;"no";"France";"Rolex Centre";"False";"none";0;0;0.026365011293804204;0;0;"USD2023/kg";"Extraction of sugar from beet, processing/FR U Misssing data at the country level, France has been used as a proxy; World Bank, Inflation (annual %), 2024; No factor available; European Central Bank, Eurosystem, US dollar (USD), 2024"
"Swiss sugar high";"Switzerland";"Sugarbeet";"none";"Processing, Sugar extraction";"Environment";"Human non-carcinogenic toxicity";"kg 1,4-DCB";0.002720858297696312;0;"Sugar";"Swiss sugar";"Sugar";"2021";"conventional";5.56;"no";"France";"Rolex Centre";"False";"none";0;0;0.026365011293804204;0;0;"USD2023/kg";"Extraction of sugar from beet, processing/FR U Misssing data at the country level, France has been used as a proxy; World Bank, Inflation (annual %), 2024; No factor available; European Central Bank, Eurosystem, US dollar (USD), 2024"
"Swiss sugar high";"Switzerland";"Sugarbeet";"none";"Processing, Sugar extraction";"Environment";"Ionizing radiation";"kBq Co-60 eq";0.0023082835215368098;0;"Sugar";"Swiss sugar";"Sugar";"2021";"conventional";5.56;"no";"France";"Rolex Centre";"False";"none";0;0;0.026365011293804204;0;0;"USD2023/kg";"Extraction of sugar from beet, processing/FR U Misssing data at the country level, France has been used as a proxy; World Bank, Inflation (annual %), 2024; No factor available; European Central Bank, Eurosystem, US dollar (USD), 2024"
"Swiss sugar high";"Switzerland";"Sugarbeet";"none";"Processing, Sugar extraction";"Environment";"Land use";"m2a crop eq";0.00004789812372717479;0.0000057257048690793465;"Sugar";"Swiss sugar";"Sugar";"2021";"conventional";5.56;"no";"France";"Rolex Centre";"False";"none";0;0;0.026365011293804204;0;0;"USD2023/kg";"Extraction of sugar from beet, processing/FR U Misssing data at the country level, France has been used as a proxy; World Bank, Inflation (annual %), 2024; True Price, Monestisation factors for true pricing (2023); European Central Bank, Eurosystem, US dollar (USD), 2024"
"Swiss sugar high";"Switzerland";"Sugarbeet";"none";"Processing, Sugar extraction";"Environment";"Marine ecotoxicity";"kg 1,4-DCB";0.00007681682993361901;0.00000016775949091581066;"Sugar";"Swiss sugar";"Sugar";"2021";"conventional";5.56;"no";"France";"Rolex Centre";"False";"none";0;0;0.026365011293804204;0;0;"USD2023/kg";"Extraction of sugar from beet, processing/FR U Misssing data at the country level, France has been used as a proxy; World Bank, Inflation (annual %), 2024; True Price, Monestisation factors for true pricing (2023); European Central Bank, Eurosystem, US dollar (USD), 2024"
"Swiss sugar high";"Switzerland";"Sugarbeet";"none";"Processing, Sugar extraction";"Environment";"Marine eutrophication";"kg N eq";0.0000012335616056512469;0.000020559188271663356;"Sugar";"Swiss sugar";"Sugar";"2021";"conventional";5.56;"no";"France";"Rolex Centre";"False";"none";0;0;0.026365011293804204;0;0;"USD2023/kg";"Extraction of sugar from beet, processing/FR U Misssing data at the country level, France has been used as a proxy; World Bank, Inflation (annual %), 2024; True Price, Monestisation factors for true pricing (2023); European Central Bank, Eurosystem, US dollar (USD), 2024"
"Swiss sugar high";"Switzerland";"Sugarbeet";"none";"Processing, Sugar extraction";"Environment";"Mineral resource scarcity";"kg Cu eq";0.000010233553431570825;0.0000026230613137872465;"Sugar";"Swiss sugar";"Sugar";"2021";"conventional";5.56;"no";"France";"Rolex Centre";"False";"none";0;0;0.026365011293804204;0;0;"USD2023/kg";"Extraction of sugar from beet, processing/FR U Misssing data at the country level, France has been used as a proxy; World Bank, Inflation (annual %), 2024; True Price, Monestisation factors for true pricing (2023); European Central Bank, Eurosystem, US dollar (USD), 2024"
"Swiss sugar high";"Switzerland";"Sugarbeet";"none";"Processing, Sugar extraction";"Environment";"Ozone formation, Human health";"kg NOx eq";0.000005681990777026252;0;"Sugar";"Swiss sugar";"Sugar";"2021";"conventional";5.56;"no";"France";"Rolex Centre";"False";"none";0;0;0.026365011293804204;0;0;"USD2023/kg";"Extraction of sugar from beet, processing/FR U Misssing data at the country level, France has been used as a proxy; World Bank, Inflation (annual %), 2024; No factor available; European Central Bank, Eurosystem, US dollar (USD), 2024"
"Swiss sugar high";"Switzerland";"Sugarbeet";"none";"Processing, Sugar extraction";"Environment";"Ozone formation, Terrestrial ecosystems";"kg NOx eq";0.000005834698649865533;0;"Sugar";"Swiss sugar";"Sugar";"2021";"conventional";5.56;"no";"France";"Rolex Centre";"False";"none";0;0;0.026365011293804204;0;0;"USD2023/kg";"Extraction of sugar from beet, processing/FR U Misssing data at the country level, France has been used as a proxy; World Bank, Inflation (annual %), 2024; No factor available; European Central Bank, Eurosystem, US dollar (USD), 2024"
"Swiss sugar high";"Switzerland";"Sugarbeet";"none";"Processing, Sugar extraction";"Environment";"Stratospheric ozone depletion";"kg CFC11 eq";0.0000000016409295312546051;0.00000010920577681129877;"Sugar";"Swiss sugar";"Sugar";"2021";"conventional";5.56;"no";"France";"Rolex Centre";"False";"none";0;0;0.026365011293804204;0;0;"USD2023/kg";"Extraction of sugar from beet, processing/FR U Misssing data at the country level, France has been used as a proxy; World Bank, Inflation (annual %), 2024; True Price, Monestisation factors for true pricing (2023); European Central Bank, Eurosystem, US dollar (USD), 2024"
"Swiss sugar high";"Switzerland";"Sugarbeet";"none";"Processing, Sugar extraction";"Environment";"Terrestrial acidification";"kg SO2 eq";0.000006061520035077081;0.00003358193378765386;"Sugar";"Swiss sugar";"Sugar";"2021";"conventional";5.56;"no";"France";"Rolex Centre";"False";"none";0;0;0.026365011293804204;0;0;"USD2023/kg";"Extraction of sugar from beet, processing/FR U Misssing data at the country level, France has been used as a proxy; World Bank, Inflation (annual %), 2024; True Price, Monestisation factors for true pricing (2023); European Central Bank, Eurosystem, US dollar (USD), 2024"
"Swiss sugar high";"Switzerland";"Sugarbeet";"none";"Processing, Sugar extraction";"Environment";"Terrestrial ecotoxicity";"kg 1,4-DCB";0.00421829590265829;0.0000014545726374923838;"Sugar";"Swiss sugar";"Sugar";"2021";"conventional";5.56;"no";"France";"Rolex Centre";"False";"none";0;0;0.026365011293804204;0;0;"USD2023/kg";"Extraction of sugar from beet, processing/FR U Misssing data at the country level, France has been used as a proxy; World Bank, Inflation (annual %), 2024; True Price, Monestisation factors for true pricing (2023); European Central Bank, Eurosystem, US dollar (USD), 2024"
"Swiss sugar high";"Switzerland";"Sugarbeet";"none";"Processing, Sugar extraction";"Environment";"Water consumption";"m3";-0.00010976245530519621;-0.00016779637415012937;"Sugar";"Swiss sugar";"Sugar";"2021";"conventional";5.56;"no";"France";"Rolex Centre";"False";"none";0;0;0.026365011293804204;0;0;"USD2023/kg";"Extraction of sugar from beet, processing/FR U Misssing data at the country level, France has been used as a proxy; World Bank, Inflation (annual %), 2024; True Price, Monestisation factors for true pricing (2023); European Central Bank, Eurosystem, US dollar (USD), 2024"
"Swiss sugar high";"Europe";"Sugarbeet";"none";"Transport, Field to Storage";"Environment";"Agricultural land occupation";"m2a";0.000006106966679225973;0;"Sugar";"Swiss sugar";"Sugar";"2021";"conventional";5.56;"country-specific";"Europe";"Rolex Centre";"False";"none";0;0;0.026365011293804204;0;0;"USD2023/kg";"Road; transport, freight, lorry 16-32 metric ton, EURO6 (200); World Bank, Inflation (annual %), 2024; No factor available; European Central Bank, Eurosystem, US dollar (USD), 2024"
"Swiss sugar high";"Europe";"Sugarbeet";"none";"Transport, Field to Storage";"Environment";"Global warming";"kg CO2 eq";0.000807230283643915;0.00015123843285199998;"Sugar";"Swiss sugar";"Sugar";"2021";"conventional";5.56;"country-specific";"Europe";"Rolex Centre";"False";"none";0;0;0.026365011293804204;0;0;"USD2023/kg";"Road; transport, freight, lorry 16-32 metric ton, EURO6 (200); World Bank, Inflation (annual %), 2024; True Price, Monestisation factors for true pricing (2023); European Central Bank, Eurosystem, US dollar (USD), 2024"
"Swiss sugar high";"Europe";"Sugarbeet";"none";"Transport, Field to Storage";"Environment";"Fossil resource scarcity";"kg oil eq";0.0003060104643454728;0.00016179728410681192;"Sugar";"Swiss sugar";"Sugar";"2021";"conventional";5.56;"country-specific";"Europe";"Rolex Centre";"False";"none";0;0;0.026365011293804204;0;0;"USD2023/kg";"Road; transport, freight, lorry 16-32 metric ton, EURO6 (200); World Bank, Inflation (annual %), 2024; True Price, Monestisation factors for true pricing (2023); European Central Bank, Eurosystem, US dollar (USD), 2024"
"Swiss sugar high";"Europe";"Sugarbeet";"none";"Transport, Field to Storage";"Environment";"Freshwater ecotoxicity";"kg 1,4-DCB";0.000006105993170474819;0.00000029266412327780314;"Sugar";"Swiss sugar";"Sugar";"2021";"conventional";5.56;"country-specific";"Europe";"Rolex Centre";"False";"none";0;0;0.026365011293804204;0;0;"USD2023/kg";"Road; transport, freight, lorry 16-32 metric ton, EURO6 (200); World Bank, Inflation (annual %), 2024; True Price, Monestisation factors for true pricing (2023); European Central Bank, Eurosystem, US dollar (USD), 2024"
"Swiss sugar high";"Europe";"Sugarbeet";"none";"Transport, Field to Storage";"Environment";"Freshwater eutrophication";"kg P eq";0.000000053821492317943836;0.000012929422856070601;"Sugar";"Swiss sugar";"Sugar";"2021";"conventional";5.56;"country-specific";"Europe";"Rolex Centre";"False";"none";0;0;0.026365011293804204;0;0;"USD2023/kg";"Road; transport, freight, lorry 16-32 metric ton, EURO6 (200); World Bank, Inflation (annual %), 2024; True Price, Monestisation factors for true pricing (2023); European Central Bank, Eurosystem, US dollar (USD), 2024"
"Swiss sugar high";"Europe";"Sugarbeet";"none";"Transport, Field to Storage";"Environment";"Human toxicity";"kg 1,4-DCB";0.0002197681336031408;0;"Sugar";"Swiss sugar";"Sugar";"2021";"conventional";5.56;"country-specific";"Europe";"Rolex Centre";"False";"none";0;0;0.026365011293804204;0;0;"USD2023/kg";"Road; transport, freight, lorry 16-32 metric ton, EURO6 (200); World Bank, Inflation (annual %), 2024; No factor available; European Central Bank, Eurosystem, US dollar (USD), 2024"
"Swiss sugar high";"Europe";"Sugarbeet";"none";"Transport, Field to Storage";"Environment";"Ionising radiation";"kg U235-Eq";0.00006370340584566285;0.000004080858963261284;"Sugar";"Swiss sugar";"Sugar";"2021";"conventional";5.56;"country-specific";"Europe";"Rolex Centre";"False";"none";0;0;0.026365011293804204;0;0;"USD2023/kg";"Road; transport, freight, lorry 16-32 metric ton, EURO6 (200); World Bank, Inflation (annual %), 2024; CE-Delft, Environmental Prices Handbook (2017); European Central Bank, Eurosystem, US dollar (USD), 2024"
"Swiss sugar high";"Europe";"Sugarbeet";"none";"Transport, Field to Storage";"Environment";"Marine ecotoxicity";"kg 1,4-DCB";0.000007848581981529915;0.000000017140438088505633;"Sugar";"Swiss sugar";"Sugar";"2021";"conventional";5.56;"country-specific";"Europe";"Rolex Centre";"False";"none";0;0;0.026365011293804204;0;0;"USD2023/kg";"Road; transport, freight, lorry 16-32 metric ton, EURO6 (200); World Bank, Inflation (annual %), 2024; True Price, Monestisation factors for true pricing (2023); European Central Bank, Eurosystem, US dollar (USD), 2024"
"Swiss sugar high";"Europe";"Sugarbeet";"none";"Transport, Field to Storage";"Environment";"Marine eutrophication";"kg N eq";0.0000004731221210548882;0.000007885302783172204;"Sugar";"Swiss sugar";"Sugar";"2021";"conventional";5.56;"country-specific";"Europe";"Rolex Centre";"False";"none";0;0;0.026365011293804204;0;0;"USD2023/kg";"Road; transport, freight, lorry 16-32 metric ton, EURO6 (200); World Bank, Inflation (annual %), 2024; True Price, Monestisation factors for true pricing (2023); European Central Bank, Eurosystem, US dollar (USD), 2024"
"Swiss sugar high";"Europe";"Sugarbeet";"none";"Transport, Field to Storage";"Environment";"Metal depletion";"kg Fe eq";0.00003170133058500198;0;"Sugar";"Swiss sugar";"Sugar";"2021";"conventional";5.56;"country-specific";"Europe";"Rolex Centre";"False";"none";0;0;0.026365011293804204;0;0;"USD2023/kg";"Road; transport, freight, lorry 16-32 metric ton, EURO6 (200); World Bank, Inflation (annual %), 2024; No factor available; European Central Bank, Eurosystem, US dollar (USD), 2024"
"Swiss sugar high";"Europe";"Sugarbeet";"none";"Transport, Field to Storage";"Environment";"Natural land transformation";"m2";0.00000031358612397172415;0;"Sugar";"Swiss sugar";"Sugar";"2021";"conventional";5.56;"country-specific";"Europe";"Rolex Centre";"False";"none";0;0;0.026365011293804204;0;0;"USD2023/kg";"Road; transport, freight, lorry 16-32 metric ton, EURO6 (200); World Bank, Inflation (annual %), 2024; No factor available; European Central Bank, Eurosystem, US dollar (USD), 2024"
"Swiss sugar high";"Europe";"Sugarbeet";"none";"Transport, Field to Storage";"Environment";"Stratospheric ozone depletion";"kg CFC11 eq";0.0000000001497202538903913;0.000000009964057760593841;"Sugar";"Swiss sugar";"Sugar";"2021";"conventional";5.56;"country-specific";"Europe";"Rolex Centre";"False";"none";0;0;0.026365011293804204;0;0;"USD2023/kg";"Road; transport, freight, lorry 16-32 metric ton, EURO6 (200); World Bank, Inflation (annual %), 2024; True Price, Monestisation factors for true pricing (2023); European Central Bank, Eurosystem, US dollar (USD), 2024"
"Swiss sugar high";"Europe";"Sugarbeet";"none";"Transport, Field to Storage";"Environment";"Fine particulate matter formation";"kg PM10 eq";0.0000010640481884526135;0;"Sugar";"Swiss sugar";"Sugar";"2021";"conventional";5.56;"country-specific";"Europe";"Rolex Centre";"False";"none";0;0;0.026365011293804204;0;0;"USD2023/kg";"Road; transport, freight, lorry 16-32 metric ton, EURO6 (200); World Bank, Inflation (annual %), 2024; No factor available; European Central Bank, Eurosystem, US dollar (USD), 2024"
"Swiss sugar high";"Europe";"Sugarbeet";"none";"Transport, Field to Storage";"Environment";"Photochemical oxidant formation";"kg NMVOC";0.000001970959514552587;0.0000068566163360630435;"Sugar";"Swiss sugar";"Sugar";"2021";"conventional";5.56;"country-specific";"Europe";"Rolex Centre";"False";"none";0;0;0.026365011293804204;0;0;"USD2023/kg";"Road; transport, freight, lorry 16-32 metric ton, EURO6 (200); World Bank, Inflation (annual %), 2024; True Price, Monestisation factors for true pricing (2023); European Central Bank, Eurosystem, US dollar (USD), 2024"
"Swiss sugar high";"Europe";"Sugarbeet";"none";"Transport, Field to Storage";"Environment";"Terrestrial acidification";"kg SO2 eq";0.0000017622042877431425;0.000009762935265223026;"Sugar";"Swiss sugar";"Sugar";"2021";"conventional";5.56;"country-specific";"Europe";"Rolex Centre";"False";"none";0;0;0.026365011293804204;0;0;"USD2023/kg";"Road; transport, freight, lorry 16-32 metric ton, EURO6 (200); World Bank, Inflation (annual %), 2024; True Price, Monestisation factors for true pricing (2023); European Central Bank, Eurosystem, US dollar (USD), 2024"
"Swiss sugar high";"Europe";"Sugarbeet";"none";"Transport, Field to Storage";"Environment";"Terrestrial ecotoxicity";"kg 1,4-DCB";0.00000040084977409791094;0.00000000013822290484183152;"Sugar";"Swiss sugar";"Sugar";"2021";"conventional";5.56;"country-specific";"Europe";"Rolex Centre";"False";"none";0;0;0.026365011293804204;0;0;"USD2023/kg";"Road; transport, freight, lorry 16-32 metric ton, EURO6 (200); World Bank, Inflation (annual %), 2024; True Price, Monestisation factors for true pricing (2023); European Central Bank, Eurosystem, US dollar (USD), 2024"
"Swiss sugar high";"Europe";"Sugarbeet";"none";"Transport, Field to Storage";"Environment";"Urban land occupation";"m2a";0.00004501035368278169;0.0000021335767131762747;"Sugar";"Swiss sugar";"Sugar";"2021";"conventional";5.56;"country-specific";"Europe";"Rolex Centre";"False";"none";0;0;0.026365011293804204;0;0;"USD2023/kg";"Road; transport, freight, lorry 16-32 metric ton, EURO6 (200); World Bank, Inflation (annual %), 2024; CE-Delft, Environmental Prices Handbook (2017); European Central Bank, Eurosystem, US dollar (USD), 2024"
"Swiss sugar high";"Europe";"Sugarbeet";"none";"Transport, Field to Storage";"Environment";"Water consumption";"m3";0.0000006125342802518739;0.0000009363951542732842;"Sugar";"Swiss sugar";"Sugar";"2021";"conventional";5.56;"country-specific";"Europe";"Rolex Centre";"False";"none";0;0;0.026365011293804204;0;0;"USD2023/kg";"Road; transport, freight, lorry 16-32 metric ton, EURO6 (200); World Bank, Inflation (annual %), 2024; True Price, Monestisation factors for true pricing (2023); European Central Bank, Eurosystem, US dollar (USD), 2024"
"Swiss sugar high";"Europe";"Sugarbeet";"none";"Transport, Storage-to-Port";"Environment";"Agricultural land occupation";"m2a";0.000001153294067120013;0;"Sugar";"Swiss sugar";"Sugar";"2021";"conventional";1;"country-specific";"Europe";"Rolex Centre";"False";"none";0;0;0.026365011293804204;0;0;"USD2023/kg";"Road; transport, freight, lorry 16-32 metric ton, EURO6 (210); World Bank, Inflation (annual %), 2024; No factor available; European Central Bank, Eurosystem, US dollar (USD), 2024"
"Swiss sugar high";"Europe";"Sugarbeet";"none";"Transport, Storage-to-Port";"Environment";"Global warming";"kg CO2 eq";0.00015244456795433645;0.000028561214837158263;"Sugar";"Swiss sugar";"Sugar";"2021";"conventional";1;"country-specific";"Europe";"Rolex Centre";"False";"none";0;0;0.026365011293804204;0;0;"USD2023/kg";"Road; transport, freight, lorry 16-32 metric ton, EURO6 (210); World Bank, Inflation (annual %), 2024; True Price, Monestisation factors for true pricing (2023); European Central Bank, Eurosystem, US dollar (USD), 2024"
"Swiss sugar high";"Europe";"Sugarbeet";"none";"Transport, Storage-to-Port";"Environment";"Fossil resource scarcity";"kg oil eq";0.000057789745964522736;0.0000305552425021857;"Sugar";"Swiss sugar";"Sugar";"2021";"conventional";1;"country-specific";"Europe";"Rolex Centre";"False";"none";0;0;0.026365011293804204;0;0;"USD2023/kg";"Road; transport, freight, lorry 16-32 metric ton, EURO6 (210); World Bank, Inflation (annual %), 2024; True Price, Monestisation factors for true pricing (2023); European Central Bank, Eurosystem, US dollar (USD), 2024"
"Swiss sugar high";"Europe";"Sugarbeet";"none";"Transport, Storage-to-Port";"Environment";"Freshwater ecotoxicity";"kg 1,4-DCB";0.0000011531102210429064;0.00000005526930385641966;"Sugar";"Swiss sugar";"Sugar";"2021";"conventional";1;"country-specific";"Europe";"Rolex Centre";"False";"none";0;0;0.026365011293804204;0;0;"USD2023/kg";"Road; transport, freight, lorry 16-32 metric ton, EURO6 (210); World Bank, Inflation (annual %), 2024; True Price, Monestisation factors for true pricing (2023); European Central Bank, Eurosystem, US dollar (USD), 2024"
"Swiss sugar high";"Europe";"Sugarbeet";"none";"Transport, Storage-to-Port";"Environment";"Freshwater eutrophication";"kg P eq";0.000000010164130743496587;0.00000244170755375434;"Sugar";"Swiss sugar";"Sugar";"2021";"conventional";1;"country-specific";"Europe";"Rolex Centre";"False";"none";0;0;0.026365011293804204;0;0;"USD2023/kg";"Road; transport, freight, lorry 16-32 metric ton, EURO6 (210); World Bank, Inflation (annual %), 2024; True Price, Monestisation factors for true pricing (2023); European Central Bank, Eurosystem, US dollar (USD), 2024"
"Swiss sugar high";"Europe";"Sugarbeet";"none";"Transport, Storage-to-Port";"Environment";"Human toxicity";"kg 1,4-DCB";0.00004150297487109675;0;"Sugar";"Swiss sugar";"Sugar";"2021";"conventional";1;"country-specific";"Europe";"Rolex Centre";"False";"none";0;0;0.026365011293804204;0;0;"USD2023/kg";"Road; transport, freight, lorry 16-32 metric ton, EURO6 (210); World Bank, Inflation (annual %), 2024; No factor available; European Central Bank, Eurosystem, US dollar (USD), 2024"
"Swiss sugar high";"Europe";"Sugarbeet";"none";"Transport, Storage-to-Port";"Environment";"Ionising radiation";"kg U235-Eq";0.000012030319449270862;0.000000770665811407257;"Sugar";"Swiss sugar";"Sugar";"2021";"conventional";1;"country-specific";"Europe";"Rolex Centre";"False";"none";0;0;0.026365011293804204;0;0;"USD2023/kg";"Road; transport, freight, lorry 16-32 metric ton, EURO6 (210); World Bank, Inflation (annual %), 2024; CE-Delft, Environmental Prices Handbook (2017); European Central Bank, Eurosystem, US dollar (USD), 2024"
"Swiss sugar high";"Europe";"Sugarbeet";"none";"Transport, Storage-to-Port";"Environment";"Marine ecotoxicity";"kg 1,4-DCB";0.0000014821962375191388;0.0000000032369532361386543;"Sugar";"Swiss sugar";"Sugar";"2021";"conventional";1;"country-specific";"Europe";"Rolex Centre";"False";"none";0;0;0.026365011293804204;0;0;"USD2023/kg";"Road; transport, freight, lorry 16-32 metric ton, EURO6 (210); World Bank, Inflation (annual %), 2024; True Price, Monestisation factors for true pricing (2023); European Central Bank, Eurosystem, US dollar (USD), 2024"
"Swiss sugar high";"Europe";"Sugarbeet";"none";"Transport, Storage-to-Port";"Environment";"Marine eutrophication";"kg N eq";0.00000008934860199777565;0.0000014891309212825205;"Sugar";"Swiss sugar";"Sugar";"2021";"conventional";1;"country-specific";"Europe";"Rolex Centre";"False";"none";0;0;0.026365011293804204;0;0;"USD2023/kg";"Road; transport, freight, lorry 16-32 metric ton, EURO6 (210); World Bank, Inflation (annual %), 2024; True Price, Monestisation factors for true pricing (2023); European Central Bank, Eurosystem, US dollar (USD), 2024"
"Swiss sugar high";"Europe";"Sugarbeet";"none";"Transport, Storage-to-Port";"Environment";"Metal depletion";"kg Fe eq";0.000005986762070908648;0;"Sugar";"Swiss sugar";"Sugar";"2021";"conventional";1;"country-specific";"Europe";"Rolex Centre";"False";"none";0;0;0.026365011293804204;0;0;"USD2023/kg";"Road; transport, freight, lorry 16-32 metric ton, EURO6 (210); World Bank, Inflation (annual %), 2024; No factor available; European Central Bank, Eurosystem, US dollar (USD), 2024"
"Swiss sugar high";"Europe";"Sugarbeet";"none";"Transport, Storage-to-Port";"Environment";"Natural land transformation";"m2";0.00000005922040110976807;0;"Sugar";"Swiss sugar";"Sugar";"2021";"conventional";1;"country-specific";"Europe";"Rolex Centre";"False";"none";0;0;0.026365011293804204;0;0;"USD2023/kg";"Road; transport, freight, lorry 16-32 metric ton, EURO6 (210); World Bank, Inflation (annual %), 2024; No factor available; European Central Bank, Eurosystem, US dollar (USD), 2024"
"Swiss sugar high";"Europe";"Sugarbeet";"none";"Transport, Storage-to-Port";"Environment";"Stratospheric ozone depletion";"kg CFC11 eq";0.000000000028274508378581093;0.0000000018817015555078296;"Sugar";"Swiss sugar";"Sugar";"2021";"conventional";1;"country-specific";"Europe";"Rolex Centre";"False";"none";0;0;0.026365011293804204;0;0;"USD2023/kg";"Road; transport, freight, lorry 16-32 metric ton, EURO6 (210); World Bank, Inflation (annual %), 2024; True Price, Monestisation factors for true pricing (2023); European Central Bank, Eurosystem, US dollar (USD), 2024"
"Swiss sugar high";"Europe";"Sugarbeet";"none";"Transport, Storage-to-Port";"Environment";"Fine particulate matter formation";"kg PM10 eq";0.0000002009443521358353;0;"Sugar";"Swiss sugar";"Sugar";"2021";"conventional";1;"country-specific";"Europe";"Rolex Centre";"False";"none";0;0;0.026365011293804204;0;0;"USD2023/kg";"Road; transport, freight, lorry 16-32 metric ton, EURO6 (210); World Bank, Inflation (annual %), 2024; No factor available; European Central Bank, Eurosystem, US dollar (USD), 2024"
"Swiss sugar high";"Europe";"Sugarbeet";"none";"Transport, Storage-to-Port";"Environment";"Photochemical oxidant formation";"kg NMVOC";0.00000037221357738852816;0.000001294864595839244;"Sugar";"Swiss sugar";"Sugar";"2021";"conventional";1;"country-specific";"Europe";"Rolex Centre";"False";"none";0;0;0.026365011293804204;0;0;"USD2023/kg";"Road; transport, freight, lorry 16-32 metric ton, EURO6 (210); World Bank, Inflation (annual %), 2024; True Price, Monestisation factors for true pricing (2023); European Central Bank, Eurosystem, US dollar (USD), 2024"
"Swiss sugar high";"Europe";"Sugarbeet";"none";"Transport, Storage-to-Port";"Environment";"Terrestrial acidification";"kg SO2 eq";0.00000033279037808098916;0.0000018437197892957154;"Sugar";"Swiss sugar";"Sugar";"2021";"conventional";1;"country-specific";"Europe";"Rolex Centre";"False";"none";0;0;0.026365011293804204;0;0;"USD2023/kg";"Road; transport, freight, lorry 16-32 metric ton, EURO6 (210); World Bank, Inflation (annual %), 2024; True Price, Monestisation factors for true pricing (2023); European Central Bank, Eurosystem, US dollar (USD), 2024"
"Swiss sugar high";"Europe";"Sugarbeet";"none";"Transport, Storage-to-Port";"Environment";"Terrestrial ecotoxicity";"kg 1,4-DCB";0.00000007570004726669181;0.00000000002610324641797178;"Sugar";"Swiss sugar";"Sugar";"2021";"conventional";1;"country-specific";"Europe";"Rolex Centre";"False";"none";0;0;0.026365011293804204;0;0;"USD2023/kg";"Road; transport, freight, lorry 16-32 metric ton, EURO6 (210); World Bank, Inflation (annual %), 2024; True Price, Monestisation factors for true pricing (2023); European Central Bank, Eurosystem, US dollar (USD), 2024"
"Swiss sugar high";"Europe";"Sugarbeet";"none";"Transport, Storage-to-Port";"Environment";"Urban land occupation";"m2a";0.000008500156720669206;0.000000402923659862426;"Sugar";"Swiss sugar";"Sugar";"2021";"conventional";1;"country-specific";"Europe";"Rolex Centre";"False";"none";0;0;0.026365011293804204;0;0;"USD2023/kg";"Road; transport, freight, lorry 16-32 metric ton, EURO6 (210); World Bank, Inflation (annual %), 2024; CE-Delft, Environmental Prices Handbook (2017); European Central Bank, Eurosystem, US dollar (USD), 2024"
"Swiss sugar high";"Europe";"Sugarbeet";"none";"Transport, Storage-to-Port";"Environment";"Water consumption";"m3";0.00000011567643781735033;0.0000001768372143861418;"Sugar";"Swiss sugar";"Sugar";"2021";"conventional";1;"country-specific";"Europe";"Rolex Centre";"False";"none";0;0;0.026365011293804204;0;0;"USD2023/kg";"Road; transport, freight, lorry 16-32 metric ton, EURO6 (210); World Bank, Inflation (annual %), 2024; True Price, Monestisation factors for true pricing (2023); European Central Bank, Eurosystem, US dollar (USD), 2024"
"Swiss sugar high";"Switzerland";"Sugarbeet";"none";"Transport, Manufacture-to-Retail";"Environment";"Agricultural land occupation";"m2a";0.000002072639181540076;0;"Sugar";"Swiss sugar";"Sugar";"2021";"conventional";1;"country-specific";"Switzerland";"Rolex Centre";"False";"none";0;0;0.026365011293804204;0;0;"USD2023/kg";"Road; transport, freight, light commercial vehicle (35); World Bank, Inflation (annual %), 2024; No factor available; European Central Bank, Eurosystem, US dollar (USD), 2024"
"Swiss sugar high";"Switzerland";"Sugarbeet";"none";"Transport, Manufacture-to-Retail";"Environment";"Global warming";"kg CO2 eq";0.00022364699307643663;0.000041901327824641915;"Sugar";"Swiss sugar";"Sugar";"2021";"conventional";1;"country-specific";"Switzerland";"Rolex Centre";"False";"none";0;0;0.026365011293804204;0;0;"USD2023/kg";"Road; transport, freight, light commercial vehicle (35); World Bank, Inflation (annual %), 2024; True Price, Monestisation factors for true pricing (2023); European Central Bank, Eurosystem, US dollar (USD), 2024"
"Swiss sugar high";"Switzerland";"Sugarbeet";"none";"Transport, Manufacture-to-Retail";"Environment";"Fossil resource scarcity";"kg oil eq";0.0000815787414827965;0.000043133226966600836;"Sugar";"Swiss sugar";"Sugar";"2021";"conventional";1;"country-specific";"Switzerland";"Rolex Centre";"False";"none";0;0;0.026365011293804204;0;0;"USD2023/kg";"Road; transport, freight, light commercial vehicle (35); World Bank, Inflation (annual %), 2024; True Price, Monestisation factors for true pricing (2023); European Central Bank, Eurosystem, US dollar (USD), 2024"
"Swiss sugar high";"Switzerland";"Sugarbeet";"none";"Transport, Manufacture-to-Retail";"Environment";"Freshwater ecotoxicity";"kg 1,4-DCB";0.000006648754892404841;0.00000031867903666904246;"Sugar";"Swiss sugar";"Sugar";"2021";"conventional";1;"country-specific";"Switzerland";"Rolex Centre";"False";"none";0;0;0.026365011293804204;0;0;"USD2023/kg";"Road; transport, freight, light commercial vehicle (35); World Bank, Inflation (annual %), 2024; True Price, Monestisation factors for true pricing (2023); European Central Bank, Eurosystem, US dollar (USD), 2024"
"Swiss sugar high";"Switzerland";"Sugarbeet";"none";"Transport, Manufacture-to-Retail";"Environment";"Freshwater eutrophication";"kg P eq";0.000000028908552191848086;0.000006944640130696952;"Sugar";"Swiss sugar";"Sugar";"2021";"conventional";1;"country-specific";"Switzerland";"Rolex Centre";"False";"none";0;0;0.026365011293804204;0;0;"USD2023/kg";"Road; transport, freight, light commercial vehicle (35); World Bank, Inflation (annual %), 2024; True Price, Monestisation factors for true pricing (2023); European Central Bank, Eurosystem, US dollar (USD), 2024"
"Swiss sugar high";"Switzerland";"Sugarbeet";"none";"Transport, Manufacture-to-Retail";"Environment";"Human toxicity";"kg 1,4-DCB";0.00005228721099895907;0;"Sugar";"Swiss sugar";"Sugar";"2021";"conventional";1;"country-specific";"Switzerland";"Rolex Centre";"False";"none";0;0;0.026365011293804204;0;0;"USD2023/kg";"Road; transport, freight, light commercial vehicle (35); World Bank, Inflation (annual %), 2024; No factor available; European Central Bank, Eurosystem, US dollar (USD), 2024"
"Swiss sugar high";"Switzerland";"Sugarbeet";"none";"Transport, Manufacture-to-Retail";"Environment";"Ionising radiation";"kg U235-Eq";0.000021592857477059344;0.0000013832448172577636;"Sugar";"Swiss sugar";"Sugar";"2021";"conventional";1;"country-specific";"Switzerland";"Rolex Centre";"False";"none";0;0;0.026365011293804204;0;0;"USD2023/kg";"Road; transport, freight, light commercial vehicle (35); World Bank, Inflation (annual %), 2024; CE-Delft, Environmental Prices Handbook (2017); European Central Bank, Eurosystem, US dollar (USD), 2024"
"Swiss sugar high";"Switzerland";"Sugarbeet";"none";"Transport, Manufacture-to-Retail";"Environment";"Marine ecotoxicity";"kg 1,4-DCB";0.00000607219265155159;0.000000013260999560217463;"Sugar";"Swiss sugar";"Sugar";"2021";"conventional";1;"country-specific";"Switzerland";"Rolex Centre";"False";"none";0;0;0.026365011293804204;0;0;"USD2023/kg";"Road; transport, freight, light commercial vehicle (35); World Bank, Inflation (annual %), 2024; True Price, Monestisation factors for true pricing (2023); European Central Bank, Eurosystem, US dollar (USD), 2024"
"Swiss sugar high";"Switzerland";"Sugarbeet";"none";"Transport, Manufacture-to-Retail";"Environment";"Marine eutrophication";"kg N eq";0.00000035945878713579136;0.000005990929716661312;"Sugar";"Swiss sugar";"Sugar";"2021";"conventional";1;"country-specific";"Switzerland";"Rolex Centre";"False";"none";0;0;0.026365011293804204;0;0;"USD2023/kg";"Road; transport, freight, light commercial vehicle (35); World Bank, Inflation (annual %), 2024; True Price, Monestisation factors for true pricing (2023); European Central Bank, Eurosystem, US dollar (USD), 2024"
"Swiss sugar high";"Switzerland";"Sugarbeet";"none";"Transport, Manufacture-to-Retail";"Environment";"Metal depletion";"kg Fe eq";0.000019649574079067044;0;"Sugar";"Swiss sugar";"Sugar";"2021";"conventional";1;"country-specific";"Switzerland";"Rolex Centre";"False";"none";0;0;0.026365011293804204;0;0;"USD2023/kg";"Road; transport, freight, light commercial vehicle (35); World Bank, Inflation (annual %), 2024; No factor available; European Central Bank, Eurosystem, US dollar (USD), 2024"
"Swiss sugar high";"Switzerland";"Sugarbeet";"none";"Transport, Manufacture-to-Retail";"Environment";"Natural land transformation";"m2";0.00000008112565131588255;0;"Sugar";"Swiss sugar";"Sugar";"2021";"conventional";1;"country-specific";"Switzerland";"Rolex Centre";"False";"none";0;0;0.026365011293804204;0;0;"USD2023/kg";"Road; transport, freight, light commercial vehicle (35); World Bank, Inflation (annual %), 2024; No factor available; European Central Bank, Eurosystem, US dollar (USD), 2024"
"Swiss sugar high";"Switzerland";"Sugarbeet";"none";"Transport, Manufacture-to-Retail";"Environment";"Stratospheric ozone depletion";"kg CFC11 eq";0.00000000003870701201490795;0.000000002575996857037754;"Sugar";"Swiss sugar";"Sugar";"2021";"conventional";1;"country-specific";"Switzerland";"Rolex Centre";"False";"none";0;0;0.026365011293804204;0;0;"USD2023/kg";"Road; transport, freight, light commercial vehicle (35); World Bank, Inflation (annual %), 2024; True Price, Monestisation factors for true pricing (2023); European Central Bank, Eurosystem, US dollar (USD), 2024"
"Swiss sugar high";"Switzerland";"Sugarbeet";"none";"Transport, Manufacture-to-Retail";"Environment";"Fine particulate matter formation";"kg PM10 eq";0.000000381672482330171;0;"Sugar";"Swiss sugar";"Sugar";"2021";"conventional";1;"country-specific";"Switzerland";"Rolex Centre";"False";"none";0;0;0.026365011293804204;0;0;"USD2023/kg";"Road; transport, freight, light commercial vehicle (35); World Bank, Inflation (annual %), 2024; No factor available; European Central Bank, Eurosystem, US dollar (USD), 2024"
"Swiss sugar high";"Switzerland";"Sugarbeet";"none";"Transport, Manufacture-to-Retail";"Environment";"Photochemical oxidant formation";"kg NMVOC";0.0000013559523906572217;0.000004717116330425763;"Sugar";"Swiss sugar";"Sugar";"2021";"conventional";1;"country-specific";"Switzerland";"Rolex Centre";"False";"none";0;0;0.026365011293804204;0;0;"USD2023/kg";"Road; transport, freight, light commercial vehicle (35); World Bank, Inflation (annual %), 2024; True Price, Monestisation factors for true pricing (2023); European Central Bank, Eurosystem, US dollar (USD), 2024"
"Swiss sugar high";"Switzerland";"Sugarbeet";"none";"Transport, Manufacture-to-Retail";"Environment";"Terrestrial acidification";"kg SO2 eq";0.0000009013534502816608;0.000004993663587923317;"Sugar";"Swiss sugar";"Sugar";"2021";"conventional";1;"country-specific";"Switzerland";"Rolex Centre";"False";"none";0;0;0.026365011293804204;0;0;"USD2023/kg";"Road; transport, freight, light commercial vehicle (35); World Bank, Inflation (annual %), 2024; True Price, Monestisation factors for true pricing (2023); European Central Bank, Eurosystem, US dollar (USD), 2024"
"Swiss sugar high";"Switzerland";"Sugarbeet";"none";"Transport, Manufacture-to-Retail";"Environment";"Terrestrial ecotoxicity";"kg 1,4-DCB";0.000000028753514105392754;0.000000000009914922000398044;"Sugar";"Swiss sugar";"Sugar";"2021";"conventional";1;"country-specific";"Switzerland";"Rolex Centre";"False";"none";0;0;0.026365011293804204;0;0;"USD2023/kg";"Road; transport, freight, light commercial vehicle (35); World Bank, Inflation (annual %), 2024; True Price, Monestisation factors for true pricing (2023); European Central Bank, Eurosystem, US dollar (USD), 2024"
"Swiss sugar high";"Switzerland";"Sugarbeet";"none";"Transport, Manufacture-to-Retail";"Environment";"Urban land occupation";"m2a";0.000008139642664190151;0.00000038583460517297867;"Sugar";"Swiss sugar";"Sugar";"2021";"conventional";1;"country-specific";"Switzerland";"Rolex Centre";"False";"none";0;0;0.026365011293804204;0;0;"USD2023/kg";"Road; transport, freight, light commercial vehicle (35); World Bank, Inflation (annual %), 2024; CE-Delft, Environmental Prices Handbook (2017); European Central Bank, Eurosystem, US dollar (USD), 2024"
"Swiss sugar high";"Switzerland";"Sugarbeet";"none";"Transport, Manufacture-to-Retail";"Environment";"Water consumption";"m3";0.00000020523346822964156;0.0000003137450936883274;"Sugar";"Swiss sugar";"Sugar";"2021";"conventional";1;"country-specific";"Switzerland";"Rolex Centre";"False";"none";0;0;0.026365011293804204;0;0;"USD2023/kg";"Road; transport, freight, light commercial vehicle (35); World Bank, Inflation (annual %), 2024; True Price, Monestisation factors for true pricing (2023); European Central Bank, Eurosystem, US dollar (USD), 2024"
"Swiss sugar high";"Switzerland";"Sugarbeet";"none";"Transport, Retail-to-Waste";"Environment";"Agricultural land occupation";"m2a";0;0;"Sugar";"Swiss sugar";"Sugar";"2021";"conventional";1;"country-specific";"Switzerland";"Rolex Centre";"False";"none";0;0;0.026365011293804204;0;0;"USD2023/kg";"Road waste-collection; municipal waste collection service by 21 metric ton lorry (0); World Bank, Inflation (annual %), 2024; No factor available; European Central Bank, Eurosystem, US dollar (USD), 2024"
"Swiss sugar high";"Switzerland";"Sugarbeet";"none";"Transport, Retail-to-Waste";"Environment";"Global warming";"kg CO2 eq";0;0;"Sugar";"Swiss sugar";"Sugar";"2021";"conventional";1;"country-specific";"Switzerland";"Rolex Centre";"False";"none";0;0;0.026365011293804204;0;0;"USD2023/kg";"Road waste-collection; municipal waste collection service by 21 metric ton lorry (0); World Bank, Inflation (annual %), 2024; True Price, Monestisation factors for true pricing (2023); European Central Bank, Eurosystem, US dollar (USD), 2024"
"Swiss sugar high";"Switzerland";"Sugarbeet";"none";"Transport, Retail-to-Waste";"Environment";"Fossil resource scarcity";"kg oil eq";0;0;"Sugar";"Swiss sugar";"Sugar";"2021";"conventional";1;"country-specific";"Switzerland";"Rolex Centre";"False";"none";0;0;0.026365011293804204;0;0;"USD2023/kg";"Road waste-collection; municipal waste collection service by 21 metric ton lorry (0); World Bank, Inflation (annual %), 2024; True Price, Monestisation factors for true pricing (2023); European Central Bank, Eurosystem, US dollar (USD), 2024"
"Swiss sugar high";"Switzerland";"Sugarbeet";"none";"Transport, Retail-to-Waste";"Environment";"Freshwater ecotoxicity";"kg 1,4-DCB";0;0;"Sugar";"Swiss sugar";"Sugar";"2021";"conventional";1;"country-specific";"Switzerland";"Rolex Centre";"False";"none";0;0;0.026365011293804204;0;0;"USD2023/kg";"Road waste-collection; municipal waste collection service by 21 metric ton lorry (0); World Bank, Inflation (annual %), 2024; True Price, Monestisation factors for true pricing (2023); European Central Bank, Eurosystem, US dollar (USD), 2024"
"Swiss sugar high";"Switzerland";"Sugarbeet";"none";"Transport, Retail-to-Waste";"Environment";"Freshwater eutrophication";"kg P eq";0;0;"Sugar";"Swiss sugar";"Sugar";"2021";"conventional";1;"country-specific";"Switzerland";"Rolex Centre";"False";"none";0;0;0.026365011293804204;0;0;"USD2023/kg";"Road waste-collection; municipal waste collection service by 21 metric ton lorry (0); World Bank, Inflation (annual %), 2024; True Price, Monestisation factors for true pricing (2023); European Central Bank, Eurosystem, US dollar (USD), 2024"
"Swiss sugar high";"Switzerland";"Sugarbeet";"none";"Transport, Retail-to-Waste";"Environment";"Human toxicity";"kg 1,4-DCB";0;0;"Sugar";"Swiss sugar";"Sugar";"2021";"conventional";1;"country-specific";"Switzerland";"Rolex Centre";"False";"none";0;0;0.026365011293804204;0;0;"USD2023/kg";"Road waste-collection; municipal waste collection service by 21 metric ton lorry (0); World Bank, Inflation (annual %), 2024; No factor available; European Central Bank, Eurosystem, US dollar (USD), 2024"
"Swiss sugar high";"Switzerland";"Sugarbeet";"none";"Transport, Retail-to-Waste";"Environment";"Ionising radiation";"kg U235-Eq";0;0;"Sugar";"Swiss sugar";"Sugar";"2021";"conventional";1;"country-specific";"Switzerland";"Rolex Centre";"False";"none";0;0;0.026365011293804204;0;0;"USD2023/kg";"Road waste-collection; municipal waste collection service by 21 metric ton lorry (0); World Bank, Inflation (annual %), 2024; CE-Delft, Environmental Prices Handbook (2017); European Central Bank, Eurosystem, US dollar (USD), 2024"
"Swiss sugar high";"Switzerland";"Sugarbeet";"none";"Transport, Retail-to-Waste";"Environment";"Marine ecotoxicity";"kg 1,4-DCB";0;0;"Sugar";"Swiss sugar";"Sugar";"2021";"conventional";1;"country-specific";"Switzerland";"Rolex Centre";"False";"none";0;0;0.026365011293804204;0;0;"USD2023/kg";"Road waste-collection; municipal waste collection service by 21 metric ton lorry (0); World Bank, Inflation (annual %), 2024; True Price, Monestisation factors for true pricing (2023); European Central Bank, Eurosystem, US dollar (USD), 2024"
"Swiss sugar high";"Switzerland";"Sugarbeet";"none";"Transport, Retail-to-Waste";"Environment";"Marine eutrophication";"kg N eq";0;0;"Sugar";"Swiss sugar";"Sugar";"2021";"conventional";1;"country-specific";"Switzerland";"Rolex Centre";"False";"none";0;0;0.026365011293804204;0;0;"USD2023/kg";"Road waste-collection; municipal waste collection service by 21 metric ton lorry (0); World Bank, Inflation (annual %), 2024; True Price, Monestisation factors for true pricing (2023); European Central Bank, Eurosystem, US dollar (USD), 2024"
"Swiss sugar high";"Switzerland";"Sugarbeet";"none";"Transport, Retail-to-Waste";"Environment";"Metal depletion";"kg Fe eq";0;0;"Sugar";"Swiss sugar";"Sugar";"2021";"conventional";1;"country-specific";"Switzerland";"Rolex Centre";"False";"none";0;0;0.026365011293804204;0;0;"USD2023/kg";"Road waste-collection; municipal waste collection service by 21 metric ton lorry (0); World Bank, Inflation (annual %), 2024; No factor available; European Central Bank, Eurosystem, US dollar (USD), 2024"
"Swiss sugar high";"Switzerland";"Sugarbeet";"none";"Transport, Retail-to-Waste";"Environment";"Natural land transformation";"m2";0;0;"Sugar";"Swiss sugar";"Sugar";"2021";"conventional";1;"country-specific";"Switzerland";"Rolex Centre";"False";"none";0;0;0.026365011293804204;0;0;"USD2023/kg";"Road waste-collection; municipal waste collection service by 21 metric ton lorry (0); World Bank, Inflation (annual %), 2024; No factor available; European Central Bank, Eurosystem, US dollar (USD), 2024"
"Swiss sugar high";"Switzerland";"Sugarbeet";"none";"Transport, Retail-to-Waste";"Environment";"Stratospheric ozone depletion";"kg CFC11 eq";0;0;"Sugar";"Swiss sugar";"Sugar";"2021";"conventional";1;"country-specific";"Switzerland";"Rolex Centre";"False";"none";0;0;0.026365011293804204;0;0;"USD2023/kg";"Road waste-collection; municipal waste collection service by 21 metric ton lorry (0); World Bank, Inflation (annual %), 2024; True Price, Monestisation factors for true pricing (2023); European Central Bank, Eurosystem, US dollar (USD), 2024"
"Swiss sugar high";"Switzerland";"Sugarbeet";"none";"Transport, Retail-to-Waste";"Environment";"Fine particulate matter formation";"kg PM10 eq";0;0;"Sugar";"Swiss sugar";"Sugar";"2021";"conventional";1;"country-specific";"Switzerland";"Rolex Centre";"False";"none";0;0;0.026365011293804204;0;0;"USD2023/kg";"Road waste-collection; municipal waste collection service by 21 metric ton lorry (0); World Bank, Inflation (annual %), 2024; No factor available; European Central Bank, Eurosystem, US dollar (USD), 2024"
"Swiss sugar high";"Switzerland";"Sugarbeet";"none";"Transport, Retail-to-Waste";"Environment";"Photochemical oxidant formation";"kg NMVOC";0;0;"Sugar";"Swiss sugar";"Sugar";"2021";"conventional";1;"country-specific";"Switzerland";"Rolex Centre";"False";"none";0;0;0.026365011293804204;0;0;"USD2023/kg";"Road waste-collection; municipal waste collection service by 21 metric ton lorry (0); World Bank, Inflation (annual %), 2024; True Price, Monestisation factors for true pricing (2023); European Central Bank, Eurosystem, US dollar (USD), 2024"
"Swiss sugar high";"Switzerland";"Sugarbeet";"none";"Transport, Retail-to-Waste";"Environment";"Terrestrial acidification";"kg SO2 eq";0;0;"Sugar";"Swiss sugar";"Sugar";"2021";"conventional";1;"country-specific";"Switzerland";"Rolex Centre";"False";"none";0;0;0.026365011293804204;0;0;"USD2023/kg";"Road waste-collection; municipal waste collection service by 21 metric ton lorry (0); World Bank, Inflation (annual %), 2024; True Price, Monestisation factors for true pricing (2023); European Central Bank, Eurosystem, US dollar (USD), 2024"
"Swiss sugar high";"Switzerland";"Sugarbeet";"none";"Transport, Retail-to-Waste";"Environment";"Terrestrial ecotoxicity";"kg 1,4-DCB";0;0;"Sugar";"Swiss sugar";"Sugar";"2021";"conventional";1;"country-specific";"Switzerland";"Rolex Centre";"False";"none";0;0;0.026365011293804204;0;0;"USD2023/kg";"Road waste-collection; municipal waste collection service by 21 metric ton lorry (0); World Bank, Inflation (annual %), 2024; True Price, Monestisation factors for true pricing (2023); European Central Bank, Eurosystem, US dollar (USD), 2024"
"Swiss sugar high";"Switzerland";"Sugarbeet";"none";"Transport, Retail-to-Waste";"Environment";"Urban land occupation";"m2a";0;0;"Sugar";"Swiss sugar";"Sugar";"2021";"conventional";1;"country-specific";"Switzerland";"Rolex Centre";"False";"none";0;0;0.026365011293804204;0;0;"USD2023/kg";"Road waste-collection; municipal waste collection service by 21 metric ton lorry (0); World Bank, Inflation (annual %), 2024; CE-Delft, Environmental Prices Handbook (2017); European Central Bank, Eurosystem, US dollar (USD), 2024"
"Swiss sugar high";"Switzerland";"Sugarbeet";"none";"Transport, Retail-to-Waste";"Environment";"Water consumption";"m3";0;0;"Sugar";"Swiss sugar";"Sugar";"2021";"conventional";1;"country-specific";"Switzerland";"Rolex Centre";"False";"none";0;0;0.026365011293804204;0;0;"USD2023/kg";"Road waste-collection; municipal waste collection service by 21 metric ton lorry (0); World Bank, Inflation (annual %), 2024; True Price, Monestisation factors for true pricing (2023); European Central Bank, Eurosystem, US dollar (USD), 2024"
"Swiss sugar high";"Switzerland";"Sugarbeet";"none";"End of life, industrial-composting";"Environment";"Agricultural land occupation";"m2a";0;0;"Sugar";"Swiss sugar";"Sugar";"2021";"conventional";0;"country-specific";"Switzerland";"Rolex Centre";"False";"none";0;0;0.026365011293804204;0;0;"USD2023/kg";"Sugar; World Bank, Inflation (annual %), 2024; No factor available; European Central Bank, Eurosystem, US dollar (USD), 2024"
"Swiss sugar high";"Switzerland";"Sugarbeet";"none";"End of life, industrial-composting";"Environment";"Global warming";"kg CO2 eq";0;0;"Sugar";"Swiss sugar";"Sugar";"2021";"conventional";0;"country-specific";"Switzerland";"Rolex Centre";"False";"none";0;0;0.026365011293804204;0;0;"USD2023/kg";"Sugar; World Bank, Inflation (annual %), 2024; True Price, Monestisation factors for true pricing (2023); European Central Bank, Eurosystem, US dollar (USD), 2024"
"Swiss sugar high";"Switzerland";"Sugarbeet";"none";"End of life, industrial-composting";"Environment";"Fossil resource scarcity";"kg oil eq";0;0;"Sugar";"Swiss sugar";"Sugar";"2021";"conventional";0;"country-specific";"Switzerland";"Rolex Centre";"False";"none";0;0;0.026365011293804204;0;0;"USD2023/kg";"Sugar; World Bank, Inflation (annual %), 2024; True Price, Monestisation factors for true pricing (2023); European Central Bank, Eurosystem, US dollar (USD), 2024"
"Swiss sugar high";"Switzerland";"Sugarbeet";"none";"End of life, industrial-composting";"Environment";"Freshwater ecotoxicity";"kg 1,4-DCB";0;0;"Sugar";"Swiss sugar";"Sugar";"2021";"conventional";0;"country-specific";"Switzerland";"Rolex Centre";"False";"none";0;0;0.026365011293804204;0;0;"USD2023/kg";"Sugar; World Bank, Inflation (annual %), 2024; True Price, Monestisation factors for true pricing (2023); European Central Bank, Eurosystem, US dollar (USD), 2024"
"Swiss sugar high";"Switzerland";"Sugarbeet";"none";"End of life, industrial-composting";"Environment";"Freshwater eutrophication";"kg P eq";0;0;"Sugar";"Swiss sugar";"Sugar";"2021";"conventional";0;"country-specific";"Switzerland";"Rolex Centre";"False";"none";0;0;0.026365011293804204;0;0;"USD2023/kg";"Sugar; World Bank, Inflation (annual %), 2024; True Price, Monestisation factors for true pricing (2023); European Central Bank, Eurosystem, US dollar (USD), 2024"
"Swiss sugar high";"Switzerland";"Sugarbeet";"none";"End of life, industrial-composting";"Environment";"Human toxicity";"kg 1,4-DCB";0;0;"Sugar";"Swiss sugar";"Sugar";"2021";"conventional";0;"country-specific";"Switzerland";"Rolex Centre";"False";"none";0;0;0.026365011293804204;0;0;"USD2023/kg";"Sugar; World Bank, Inflation (annual %), 2024; No factor available; European Central Bank, Eurosystem, US dollar (USD), 2024"
"Swiss sugar high";"Switzerland";"Sugarbeet";"none";"End of life, industrial-composting";"Environment";"Ionising radiation";"kg U235-Eq";0;0;"Sugar";"Swiss sugar";"Sugar";"2021";"conventional";0;"country-specific";"Switzerland";"Rolex Centre";"False";"none";0;0;0.026365011293804204;0;0;"USD2023/kg";"Sugar; World Bank, Inflation (annual %), 2024; CE-Delft, Environmental Prices Handbook (2017); European Central Bank, Eurosystem, US dollar (USD), 2024"
"Swiss sugar high";"Switzerland";"Sugarbeet";"none";"End of life, industrial-composting";"Environment";"Marine ecotoxicity";"kg 1,4-DCB";0;0;"Sugar";"Swiss sugar";"Sugar";"2021";"conventional";0;"country-specific";"Switzerland";"Rolex Centre";"False";"none";0;0;0.026365011293804204;0;0;"USD2023/kg";"Sugar; World Bank, Inflation (annual %), 2024; True Price, Monestisation factors for true pricing (2023); European Central Bank, Eurosystem, US dollar (USD), 2024"
"Swiss sugar high";"Switzerland";"Sugarbeet";"none";"End of life, industrial-composting";"Environment";"Marine eutrophication";"kg N eq";0;0;"Sugar";"Swiss sugar";"Sugar";"2021";"conventional";0;"country-specific";"Switzerland";"Rolex Centre";"False";"none";0;0;0.026365011293804204;0;0;"USD2023/kg";"Sugar; World Bank, Inflation (annual %), 2024; True Price, Monestisation factors for true pricing (2023); European Central Bank, Eurosystem, US dollar (USD), 2024"
"Swiss sugar high";"Switzerland";"Sugarbeet";"none";"End of life, industrial-composting";"Environment";"Metal depletion";"kg Fe eq";0;0;"Sugar";"Swiss sugar";"Sugar";"2021";"conventional";0;"country-specific";"Switzerland";"Rolex Centre";"False";"none";0;0;0.026365011293804204;0;0;"USD2023/kg";"Sugar; World Bank, Inflation (annual %), 2024; No factor available; European Central Bank, Eurosystem, US dollar (USD), 2024"
"Swiss sugar high";"Switzerland";"Sugarbeet";"none";"End of life, industrial-composting";"Environment";"Natural land transformation";"m2";0;0;"Sugar";"Swiss sugar";"Sugar";"2021";"conventional";0;"country-specific";"Switzerland";"Rolex Centre";"False";"none";0;0;0.026365011293804204;0;0;"USD2023/kg";"Sugar; World Bank, Inflation (annual %), 2024; No factor available; European Central Bank, Eurosystem, US dollar (USD), 2024"
"Swiss sugar high";"Switzerland";"Sugarbeet";"none";"End of life, industrial-composting";"Environment";"Stratospheric ozone depletion";"kg CFC11 eq";0;0;"Sugar";"Swiss sugar";"Sugar";"2021";"conventional";0;"country-specific";"Switzerland";"Rolex Centre";"False";"none";0;0;0.026365011293804204;0;0;"USD2023/kg";"Sugar; World Bank, Inflation (annual %), 2024; True Price, Monestisation factors for true pricing (2023); European Central Bank, Eurosystem, US dollar (USD), 2024"
"Swiss sugar high";"Switzerland";"Sugarbeet";"none";"End of life, industrial-composting";"Environment";"Fine particulate matter formation";"kg PM10 eq";0;0;"Sugar";"Swiss sugar";"Sugar";"2021";"conventional";0;"country-specific";"Switzerland";"Rolex Centre";"False";"none";0;0;0.026365011293804204;0;0;"USD2023/kg";"Sugar; World Bank, Inflation (annual %), 2024; No factor available; European Central Bank, Eurosystem, US dollar (USD), 2024"
"Swiss sugar high";"Switzerland";"Sugarbeet";"none";"End of life, industrial-composting";"Environment";"Photochemical oxidant formation";"kg NMVOC";0;0;"Sugar";"Swiss sugar";"Sugar";"2021";"conventional";0;"country-specific";"Switzerland";"Rolex Centre";"False";"none";0;0;0.026365011293804204;0;0;"USD2023/kg";"Sugar; World Bank, Inflation (annual %), 2024; True Price, Monestisation factors for true pricing (2023); European Central Bank, Eurosystem, US dollar (USD), 2024"
"Swiss sugar high";"Switzerland";"Sugarbeet";"none";"End of life, industrial-composting";"Environment";"Terrestrial acidification";"kg SO2 eq";0;0;"Sugar";"Swiss sugar";"Sugar";"2021";"conventional";0;"country-specific";"Switzerland";"Rolex Centre";"False";"none";0;0;0.026365011293804204;0;0;"USD2023/kg";"Sugar; World Bank, Inflation (annual %), 2024; True Price, Monestisation factors for true pricing (2023); European Central Bank, Eurosystem, US dollar (USD), 2024"
"Swiss sugar high";"Switzerland";"Sugarbeet";"none";"End of life, industrial-composting";"Environment";"Terrestrial ecotoxicity";"kg 1,4-DCB";0;0;"Sugar";"Swiss sugar";"Sugar";"2021";"conventional";0;"country-specific";"Switzerland";"Rolex Centre";"False";"none";0;0;0.026365011293804204;0;0;"USD2023/kg";"Sugar; World Bank, Inflation (annual %), 2024; True Price, Monestisation factors for true pricing (2023); European Central Bank, Eurosystem, US dollar (USD), 2024"
"Swiss sugar high";"Switzerland";"Sugarbeet";"none";"End of life, industrial-composting";"Environment";"Urban land occupation";"m2a";0;0;"Sugar";"Swiss sugar";"Sugar";"2021";"conventional";0;"country-specific";"Switzerland";"Rolex Centre";"False";"none";0;0;0.026365011293804204;0;0;"USD2023/kg";"Sugar; World Bank, Inflation (annual %), 2024; CE-Delft, Environmental Prices Handbook (2017); European Central Bank, Eurosystem, US dollar (USD), 2024"
"Swiss sugar high";"Switzerland";"Sugarbeet";"none";"End of life, industrial-composting";"Environment";"Water consumption";"m3";0;0;"Sugar";"Swiss sugar";"Sugar";"2021";"conventional";0;"country-specific";"Switzerland";"Rolex Centre";"False";"none";0;0;0.026365011293804204;0;0;"USD2023/kg";"Sugar; World Bank, Inflation (annual %), 2024; True Price, Monestisation factors for true pricing (2023); European Central Bank, Eurosystem, US dollar (USD), 2024"
"Swiss sugar high";"Switzerland";"Sugarbeet";"none";"Production";"Biodiversity";"Eco-costs of land-use (Switzerland), practice-related";"m²/kg";0;0;"Sugar";"Swiss sugar";"Sugar";"2022";"conventional";5.56;"yes";"none";"Rolex Centre";"False";"none";0;0;0.026365011293804204;0;0;"USD2023/m²";"FAOSTAT, Crops and livestock products, Yield, Sugarbeet and sugarcane, 2022, missing, missing (Sugarbeet); World Bank, Inflation (annual %), 2024; Sustainability Impact Metrics (a spin-off of Delft University of Technology), The eco-costs of land-use, 2024; European Central Bank, Eurosystem, US dollar (USD), 2024"
"Swiss sugar high";"Switzerland";"Sugarbeet";"none";"Production";"Biodiversity";"Eco-costs of land-use (Switzerland), deforestation-related";"m²/kg";0;0;"Sugar";"Swiss sugar";"Sugar";"2022";"conventional";5.56;"yes";"none";"Rolex Centre";"False";"none";0;0;0.026365011293804204;0;0;"USD2023/m²";"FAOSTAT, Crops and livestock products, Yield, Sugarbeet and sugarcane, 2022, missing, No specific anti-deforestation regulation (Sugarbeet); World Bank, Inflation (annual %), 2024; Sustainability Impact Metrics (a spin-off of Delft University of Technology), The eco-costs of land-use, 2024; European Central Bank, Eurosystem, US dollar (USD), 2024"
"Swiss sugar high";"Switzerland";"Sugarbeet";"none";"Production";"Livelihoods";"Labour force to be audited for Health and Safety";"FTE/kg";0.00000000030797110448132506;0.00000000302658728395144;"Sugar";"Swiss sugar";"Sugar";"2021";"conventional";5.56;"yes";"none";"Rolex Centre";"False";"none";0;0;0.026365011293804204;0;0;"USD2023/FTE";"International Labour Organization. ILO modelled estimates database, ILOSTAT. https://ilostat.ilo.org/data/. Accessed 14-10-2024; FAOSTAT, Crops and livestock products, Yield, Sugarbeet and sugarcane, 2022; FAOSTAT, Crops and livestock products, Yield, Agriculture land, 2022; FAOSTAT, Crops and livestock products, Yield, Sugarbeet and sugarcane, 2022; World Bank, Inflation (annual %), 2024; True Price, Monestisation factors for true pricing (2023); European Central Bank, Eurosystem, US dollar (USD), 2024"
"Swiss sugar high";"Switzerland";"Sugarbeet";"none";"Production";"Livelihoods";"Labour force to be audited for gender discrimination";"FTE/kg";0;0;"Sugar";"Swiss sugar";"Sugar";"2024";"conventional";5.56;"yes";"none";"Rolex Centre";"False";"none";0;0;0.026365011293804204;0;0;"USD2023/FTE";"World population review, Total Fertility Rate, 2024, Eurostat, Duration of working life, 2052; missing; FAOSTAT, Crops and livestock products, Yield, Sugarbeet and sugarcane, 2022; World Bank, Inflation (annual %), 2024; True Price, Monestisation factors for true pricing (2023); European Central Bank, Eurosystem, US dollar (USD), 2024"
"Swiss sugar high";"Switzerland";"Sugarbeet";"none";"Production";"Livelihoods";"Labour force to be audited for forced labour";"FTE/kg";0;0;"Sugar";"Swiss sugar";"Sugar";"2024";"conventional";5.56;"no, dervied from regional values";"none";"Rolex Centre";"False";"none";0;0;0.026365011293804204;0;0;"USD2023/FTE";"Walkfree, global slavery index, 2024; World Bank, Annual Population, 2024; missing; FAOSTAT, Crops and livestock products, Yield, Agriculture land, 2022; International Labour Organization. ILO modelled estimates database, ILOSTAT. https://ilostat.ilo.org/data/. Accessed 14-10-2024; Swiss Confederation, Work and rest period, 2024; FAOSTAT, Crops and livestock products, Yield, Sugarbeet and sugarcane, 2022; World Bank, Inflation (annual %), 2024; True Price, Monestisation factors for true pricing (2023); European Central Bank, Eurosystem, US dollar (USD), 2024"
"Swiss sugar high";"Switzerland";"Sugarbeet";"none";"Production";"Livelihoods";"Labour force to be audited for forced labour";"FTE/kg";0.00000000005220388012871511;0.0000000005130338446413413;"Sugar";"Swiss sugar";"Sugar";"2024";"conventional";5.56;"no, dervied from regional values";"none";"Rolex Centre";"False";"none";0;0;0.026365011293804204;0;0;"USD2023/FTE";"Walkfree, global slavery index, 2024; World Bank, Annual Population, 2024; FAOSTAT, Crops and livestock products, Yield, Sugarbeet and sugarcane, 2022; FAOSTAT, Crops and livestock products, Yield, Agriculture land, 2022; International Labour Organization. ILO modelled estimates database, ILOSTAT. https://ilostat.ilo.org/data/. Accessed 14-10-2024; Swiss Confederation, Work and rest period, 2024; FAOSTAT, Crops and livestock products, Yield, Sugarbeet and sugarcane, 2022; World Bank, Inflation (annual %), 2024; True Price, Monestisation factors for true pricing (2023); European Central Bank, Eurosystem, US dollar (USD), 2024"
"Swiss sugar high";"Switzerland";"Sugarbeet";"none";"Production";"Livelihoods";"Labour force to be audited for insufficient social security";"FTE/kg";0;0;"Sugar";"Swiss sugar";"Sugar";"2021";"conventional";5.56;"yes";"none";"Rolex Centre";"False";"none";0;0;0.026365011293804204;0;0;"USD2023/FTE";"International Labour Organization. ILO modelled estimates database, ILOSTAT. https://ilostat.ilo.org/data/. Accessed 14-10-2024; missing; FAOSTAT, Crops and livestock products, Yield, Sugarbeet and sugarcane, 2022; World Bank, Inflation (annual %), 2024; True Price, Monestisation factors for true pricing (2023); European Central Bank, Eurosystem, US dollar (USD), 2024"
"Swiss sugar high";"Switzerland";"Sugarbeet";"none";"Production";"Livelihoods";"Labour force to be audited for illegal overtime";"FTE/kg";0;0;"Sugar";"Swiss sugar";"Sugar";"2023";"conventional";5.56;"yes";"none";"Rolex Centre";"False";"none";0;0;0.026365011293804204;0;0;"USD2023/FTE";"International Labour Organization. ILO modelled estimates database, ILOSTAT. https://ilostat.ilo.org/data/. Accessed 14-10-2024; FAOSTAT, Crops and livestock products, Yield, Sugarbeet and sugarcane, 2022; World Bank, Inflation (annual %), 2024; True Price, Monestisation factors for true pricing (2023); European Central Bank, Eurosystem, US dollar (USD), 2024"
"Swiss sugar high";"Switzerland";"Sugarbeet";"none";"Production";"Livelihoods";"Prevalence of excessive working time";"FTE/kg";0;0;"Sugar";"Swiss sugar";"Sugar";"2023";"conventional";5.56;"yes";"none";"Rolex Centre";"False";"none";0;0;0.026365011293804204;0;0;"USD2023/FTE";"International Labour Organization. ILO modelled estimates database, ILOSTAT. https://ilostat.ilo.org/data/. Accessed 14-10-2024; FAOSTAT, Crops and livestock products, Yield, Sugarbeet and sugarcane, 2022; World Bank, Inflation (annual %), 2024; True Price, Monestisation factors for true pricing (2023); European Central Bank, Eurosystem, US dollar (USD), 2024"
"Swiss sugar high";"Switzerland";"Sugarbeet";"none";"Production";"Livelihoods";"Wage gap from gender discrimination";"USD/kg";0;0;"Sugar";"Swiss sugar";"Sugar";"2023";"conventional";5.56;"yes";"none";"Rolex Centre";"False";"none";0;0;0.026365011293804204;0;0;"USD2023/USD2023";"International Labour Organization. ILO modelled estimates database, ILOSTAT. https://ilostat.ilo.org/data/. Accessed 14-10-2024; missing; FAOSTAT, Crops and livestock products, Yield, Sugarbeet and sugarcane, 2022; True Price, Monestisation factors for true pricing (2023)"
"Swiss sugar high";"Switzerland";"Sugarbeet";"none";"Production";"Livelihoods";"Wage gap of workers earning below minimum wage";"USD/kg";0;0;"Sugar";"Swiss sugar";"Sugar";"2023";"conventional";5.56;"yes";"none";"Rolex Centre";"False";"none";0;0;0.026365011293804204;0;0;"USD2023/USD2023";"International Labour Organization. ILO modelled estimates database, ILOSTAT. https://ilostat.ilo.org/data/. Accessed 14-10-2024; missing; FAOSTAT, Crops and livestock products, Yield, Sugarbeet and sugarcane, 2022; True Price, Monestisation factors for true pricing (2023)"
"Swiss sugar high";"Switzerland";"Sugarbeet";"none";"Production";"Livelihoods";"Wage gap of workers earning above minimum wage but below decent living wage";"USD/kg";0;0;"Sugar";"Swiss sugar";"Sugar";"2023";"conventional";5.56;"yes";"none";"Rolex Centre";"False";"none";0;0;0.026365011293804204;0;0;"USD2023/USD2023";"International Labour Organization. ILO modelled estimates database, ILOSTAT. https://ilostat.ilo.org/data/. Accessed 14-10-2024; missing; FAOSTAT, Crops and livestock products, Yield, Sugarbeet and sugarcane, 2022; True Price, Monestisation factors for true pricing (2023)"
"Swiss sugar high";"Switzerland";"Sugarbeet";"none";"Production";"Livelihoods";"Children in hazardous work by sex, age and economic activity (5-11)";"FTE-child/kg";0;0;"Sugar";"Swiss sugar";"Sugar";"2020";"conventional";5.56;"no, Western Europe";"none";"Rolex Centre";"False";"none";0;0;0.026365011293804204;0;0;"USD2023/FTE";"Derived from ILOSTAT, Annual Population, 2024; International Labour Organization. ILO modelled estimates database, ILOSTAT. https://ilostat.ilo.org/data/. Accessed 14-10-2024 Misssing data at the country level, Western Europe has been used as a proxy; Swiss Confederation, Work and rest period, 2024; Our World in data, Average weekly working hours of children, 2024; missing; FAOSTAT, Crops and livestock products, Yield, Agriculture land, 2022; FAOSTAT, Crops and livestock products, Yield, Sugarbeet and sugarcane, 2022; World Bank, Inflation (annual %), 2024; True Price, Monestisation factors for true pricing (2023); European Central Bank, Eurosystem, US dollar (USD), 2024"
"Swiss sugar high";"Switzerland";"Sugarbeet";"none";"Production";"Livelihoods";"Children in hazardous work by sex, age and economic activity (12-14)";"FTE-child/kg";0;0;"Sugar";"Swiss sugar";"Sugar";"2020";"conventional";5.56;"no, Western Europe";"none";"Rolex Centre";"False";"none";0;0;0.026365011293804204;0;0;"USD2023/FTE";"Derived from ILOSTAT, Annual Population, 2024; International Labour Organization. ILO modelled estimates database, ILOSTAT. https://ilostat.ilo.org/data/. Accessed 14-10-2024 Misssing data at the country level, Western Europe has been used as a proxy; Swiss Confederation, Work and rest period, 2024; Our World in data, Average weekly working hours of children, 2024; missing; FAOSTAT, Crops and livestock products, Yield, Agriculture land, 2022; FAOSTAT, Crops and livestock products, Yield, Sugarbeet and sugarcane, 2022; World Bank, Inflation (annual %), 2024; True Price, Monestisation factors for true pricing (2023); European Central Bank, Eurosystem, US dollar (USD), 2024"
"Swiss sugar high";"Switzerland";"Sugarbeet";"none";"Production";"Livelihoods";"Children in hazardous work by sex, age and economic activity (15-17)";"FTE-child/kg";0;0;"Sugar";"Swiss sugar";"Sugar";"2020";"conventional";5.56;"no, Western Europe";"none";"Rolex Centre";"False";"none";0;0;0.026365011293804204;0;0;"USD2023/FTE";"Derived from ILOSTAT, Annual Population, 2024; International Labour Organization. ILO modelled estimates database, ILOSTAT. https://ilostat.ilo.org/data/. Accessed 14-10-2024 Misssing data at the country level, Western Europe has been used as a proxy; Swiss Confederation, Work and rest period, 2024; Our World in data, Average weekly working hours of children, 2024; missing; FAOSTAT, Crops and livestock products, Yield, Agriculture land, 2022; FAOSTAT, Crops and livestock products, Yield, Sugarbeet and sugarcane, 2022; World Bank, Inflation (annual %), 2024; True Price, Monestisation factors for true pricing (2023); European Central Bank, Eurosystem, US dollar (USD), 2024"
"Swiss sugar high";"Switzerland";"Sugarbeet";"none";"Production";"Livelihoods";"Children in non-hazardous work by sex, age and economic activity (5-11)";"FTE-child/kg";0;0;"Sugar";"Swiss sugar";"Sugar";"2020";"conventional";5.56;"no, Western Europe";"none";"Rolex Centre";"False";"none";0;0;0.026365011293804204;0;0;"USD2023/FTE";"Derived from ILOSTAT, Annual Population, 2024; International Labour Organization. ILO modelled estimates database, ILOSTAT. https://ilostat.ilo.org/data/. Accessed 14-10-2024; Derived from ILOSTAT, Annual Population, 2024; International Labour Organization. ILO modelled estimates database, ILOSTAT. https://ilostat.ilo.org/data/. Accessed 14-10-2024 Misssing data at the country level, Western Europe has been used as a proxy; Swiss Confederation, Work and rest period, 2024; Our World in data, Average weekly working hours of children, 2024; missing; FAOSTAT, Crops and livestock products, Yield, Agriculture land, 2022; FAOSTAT, Crops and livestock products, Yield, Sugarbeet and sugarcane, 2022; World Bank, Inflation (annual %), 2024; True Price, Monestisation factors for true pricing (2023); European Central Bank, Eurosystem, US dollar (USD), 2024"
"Swiss sugar high";"Switzerland";"Sugarbeet";"none";"Production";"Livelihoods";"Children in non-hazardous work by sex, age and economic activity (12-14)";"FTE-child/kg";0;0;"Sugar";"Swiss sugar";"Sugar";"2020";"conventional";5.56;"no, Western Europe";"none";"Rolex Centre";"False";"none";0;0;0.026365011293804204;0;0;"USD2023/FTE";"Derived from ILOSTAT, Annual Population, 2024; International Labour Organization. ILO modelled estimates database, ILOSTAT. https://ilostat.ilo.org/data/. Accessed 14-10-2024; Derived from ILOSTAT, Annual Population, 2024; International Labour Organization. ILO modelled estimates database, ILOSTAT. https://ilostat.ilo.org/data/. Accessed 14-10-2024 Misssing data at the country level, Western Europe has been used as a proxy; Swiss Confederation, Work and rest period, 2024; Our World in data, Average weekly working hours of children, 2024; missing; FAOSTAT, Crops and livestock products, Yield, Agriculture land, 2022; FAOSTAT, Crops and livestock products, Yield, Sugarbeet and sugarcane, 2022; World Bank, Inflation (annual %), 2024; True Price, Monestisation factors for true pricing (2023); European Central Bank, Eurosystem, US dollar (USD), 2024"
"Swiss sugar high";"Switzerland";"Sugarbeet";"none";"Production";"Livelihoods";"Children in non-hazardous work by sex, age and economic activity (15-17)";"FTE-child/kg";0;0;"Sugar";"Swiss sugar";"Sugar";"2020";"conventional";5.56;"no, Western Europe";"none";"Rolex Centre";"False";"none";0;0;0.026365011293804204;0;0;"USD2023/FTE";"Derived from ILOSTAT, Annual Population, 2024; International Labour Organization. ILO modelled estimates database, ILOSTAT. https://ilostat.ilo.org/data/. Accessed 14-10-2024; Derived from ILOSTAT, Annual Population, 2024; International Labour Organization. ILO modelled estimates database, ILOSTAT. https://ilostat.ilo.org/data/. Accessed 14-10-2024 Misssing data at the country level, Western Europe has been used as a proxy; Swiss Confederation, Work and rest period, 2024; Our World in data, Average weekly working hours of children, 2024; missing; FAOSTAT, Crops and livestock products, Yield, Agriculture land, 2022; FAOSTAT, Crops and livestock products, Yield, Sugarbeet and sugarcane, 2022; World Bank, Inflation (annual %), 2024; True Price, Monestisation factors for true pricing (2023); European Central Bank, Eurosystem, US dollar (USD), 2024"
"Swiss sugar high";"Switzerland";"Sugarbeet";"none";"Production";"Livelihoods";"Children in hazardous work by sex, age and economic activity (5-11)";"FTE-child/kg";0;0;"Sugar";"Swiss sugar";"Sugar";"2020";"conventional";5.56;"no, Western Europe";"none";"Rolex Centre";"False";"none";0;0;0.026365011293804204;0;0;"USD2023/FTE";"Derived from ILOSTAT, Annual Population, 2024; International Labour Organization. ILO modelled estimates database, ILOSTAT. https://ilostat.ilo.org/data/. Accessed 14-10-2024 Misssing data at the country level, Western Europe has been used as a proxy; Swiss Confederation, Work and rest period, 2024; Our World in data, Average weekly working hours of children, 2024; FAOSTAT, Crops and livestock products, Yield, Sugarbeet and sugarcane, 2022; FAOSTAT, Crops and livestock products, Yield, Agriculture land, 2022; FAOSTAT, Crops and livestock products, Yield, Sugarbeet and sugarcane, 2022; World Bank, Inflation (annual %), 2024; True Price, Monestisation factors for true pricing (2023); European Central Bank, Eurosystem, US dollar (USD), 2024"
"Swiss sugar high";"Switzerland";"Sugarbeet";"none";"Production";"Livelihoods";"Children in hazardous work by sex, age and economic activity (12-14)";"FTE-child/kg";0;0;"Sugar";"Swiss sugar";"Sugar";"2020";"conventional";5.56;"no, Western Europe";"none";"Rolex Centre";"False";"none";0;0;0.026365011293804204;0;0;"USD2023/FTE";"Derived from ILOSTAT, Annual Population, 2024; International Labour Organization. ILO modelled estimates database, ILOSTAT. https://ilostat.ilo.org/data/. Accessed 14-10-2024 Misssing data at the country level, Western Europe has been used as a proxy; Swiss Confederation, Work and rest period, 2024; Our World in data, Average weekly working hours of children, 2024; FAOSTAT, Crops and livestock products, Yield, Sugarbeet and sugarcane, 2022; FAOSTAT, Crops and livestock products, Yield, Agriculture land, 2022; FAOSTAT, Crops and livestock products, Yield, Sugarbeet and sugarcane, 2022; World Bank, Inflation (annual %), 2024; True Price, Monestisation factors for true pricing (2023); European Central Bank, Eurosystem, US dollar (USD), 2024"
"Swiss sugar high";"Switzerland";"Sugarbeet";"none";"Production";"Livelihoods";"Children in hazardous work by sex, age and economic activity (15-17)";"FTE-child/kg";0;0;"Sugar";"Swiss sugar";"Sugar";"2020";"conventional";5.56;"no, Western Europe";"none";"Rolex Centre";"False";"none";0;0;0.026365011293804204;0;0;"USD2023/FTE";"Derived from ILOSTAT, Annual Population, 2024; International Labour Organization. ILO modelled estimates database, ILOSTAT. https://ilostat.ilo.org/data/. Accessed 14-10-2024 Misssing data at the country level, Western Europe has been used as a proxy; Swiss Confederation, Work and rest period, 2024; Our World in data, Average weekly working hours of children, 2024; FAOSTAT, Crops and livestock products, Yield, Sugarbeet and sugarcane, 2022; FAOSTAT, Crops and livestock products, Yield, Agriculture land, 2022; FAOSTAT, Crops and livestock products, Yield, Sugarbeet and sugarcane, 2022; World Bank, Inflation (annual %), 2024; True Price, Monestisation factors for true pricing (2023); European Central Bank, Eurosystem, US dollar (USD), 2024"
"Swiss sugar high";"Switzerland";"Sugarbeet";"none";"Production";"Livelihoods";"Children in non-hazardous work by sex, age and economic activity (5-11)";"FTE-child/kg";0;0;"Sugar";"Swiss sugar";"Sugar";"2020";"conventional";5.56;"no, Western Europe";"none";"Rolex Centre";"False";"none";0;0;0.026365011293804204;0;0;"USD2023/FTE";"Derived from ILOSTAT, Annual Population, 2024; International Labour Organization. ILO modelled estimates database, ILOSTAT. https://ilostat.ilo.org/data/. Accessed 14-10-2024; Derived from ILOSTAT, Annual Population, 2024; International Labour Organization. ILO modelled estimates database, ILOSTAT. https://ilostat.ilo.org/data/. Accessed 14-10-2024 Misssing data at the country level, Western Europe has been used as a proxy; Swiss Confederation, Work and rest period, 2024; Our World in data, Average weekly working hours of children, 2024; FAOSTAT, Crops and livestock products, Yield, Sugarbeet and sugarcane, 2022; FAOSTAT, Crops and livestock products, Yield, Agriculture land, 2022; FAOSTAT, Crops and livestock products, Yield, Sugarbeet and sugarcane, 2022; World Bank, Inflation (annual %), 2024; True Price, Monestisation factors for true pricing (2023); European Central Bank, Eurosystem, US dollar (USD), 2024"
"Swiss sugar high";"Switzerland";"Sugarbeet";"none";"Production";"Livelihoods";"Children in non-hazardous work by sex, age and economic activity (12-14)";"FTE-child/kg";0;0;"Sugar";"Swiss sugar";"Sugar";"2020";"conventional";5.56;"no, Western Europe";"none";"Rolex Centre";"False";"none";0;0;0.026365011293804204;0;0;"USD2023/FTE";"Derived from ILOSTAT, Annual Population, 2024; International Labour Organization. ILO modelled estimates database, ILOSTAT. https://ilostat.ilo.org/data/. Accessed 14-10-2024; Derived from ILOSTAT, Annual Population, 2024; International Labour Organization. ILO modelled estimates database, ILOSTAT. https://ilostat.ilo.org/data/. Accessed 14-10-2024 Misssing data at the country level, Western Europe has been used as a proxy; Swiss Confederation, Work and rest period, 2024; Our World in data, Average weekly working hours of children, 2024; FAOSTAT, Crops and livestock products, Yield, Sugarbeet and sugarcane, 2022; FAOSTAT, Crops and livestock products, Yield, Agriculture land, 2022; FAOSTAT, Crops and livestock products, Yield, Sugarbeet and sugarcane, 2022; World Bank, Inflation (annual %), 2024; True Price, Monestisation factors for true pricing (2023); European Central Bank, Eurosystem, US dollar (USD), 2024"
"Swiss sugar high";"Switzerland";"Sugarbeet";"none";"Production";"Livelihoods";"Children in non-hazardous work by sex, age and economic activity (15-17)";"FTE-child/kg";0;0;"Sugar";"Swiss sugar";"Sugar";"2020";"conventional";5.56;"no, Western Europe";"none";"Rolex Centre";"False";"none";0;0;0.026365011293804204;0;0;"USD2023/FTE";"Derived from ILOSTAT, Annual Population, 2024; International Labour Organization. ILO modelled estimates database, ILOSTAT. https://ilostat.ilo.org/data/. Accessed 14-10-2024; Derived from ILOSTAT, Annual Population, 2024; International Labour Organization. ILO modelled estimates database, ILOSTAT. https://ilostat.ilo.org/data/. Accessed 14-10-2024 Misssing data at the country level, Western Europe has been used as a proxy; Swiss Confederation, Work and rest period, 2024; Our World in data, Average weekly working hours of children, 2024; FAOSTAT, Crops and livestock products, Yield, Sugarbeet and sugarcane, 2022; FAOSTAT, Crops and livestock products, Yield, Agriculture land, 2022; FAOSTAT, Crops and livestock products, Yield, Sugarbeet and sugarcane, 2022; World Bank, Inflation (annual %), 2024; True Price, Monestisation factors for true pricing (2023); European Central Bank, Eurosystem, US dollar (USD), 2024"
"Swiss sugar high";"Switzerland";"Sugarbeet";"none";"Production";"Livelihoods";"Prevalence of modern slavery (forced workers, most severe)";"FTE/kg";0;0;"Sugar";"Swiss sugar";"Sugar";"2024";"conventional";5.56;"no, dervied from regional values";"none";"Rolex Centre";"False";"none";0;0;0.026365011293804204;0;0;"USD2023/FTE";"Walkfree, global slavery index, 2024; World Bank, Annual Population, 2024; missing; FAOSTAT, Crops and livestock products, Yield, Agriculture land, 2022; International Labour Organization. ILO modelled estimates database, ILOSTAT. https://ilostat.ilo.org/data/. Accessed 14-10-2024; Swiss Confederation, Work and rest period, 2024; FAOSTAT, Crops and livestock products, Yield, Sugarbeet and sugarcane, 2022; World Bank, Inflation (annual %), 2024; True Price, Monestisation factors for true pricing (2023); European Central Bank, Eurosystem, US dollar (USD), 2024"
"Swiss sugar high";"Switzerland";"Sugarbeet";"none";"Production";"Livelihoods";"Prevalence of modern slavery (forced workers, most severe)";"FTE/kg";0.00000000005220388012871511;0.000007380486887822804;"Sugar";"Swiss sugar";"Sugar";"2024";"conventional";5.56;"no, dervied from regional values";"none";"Rolex Centre";"False";"none";0;0;0.026365011293804204;0;0;"USD2023/FTE";"Walkfree, global slavery index, 2024; World Bank, Annual Population, 2024; FAOSTAT, Crops and livestock products, Yield, Sugarbeet and sugarcane, 2022; FAOSTAT, Crops and livestock products, Yield, Agriculture land, 2022; International Labour Organization. ILO modelled estimates database, ILOSTAT. https://ilostat.ilo.org/data/. Accessed 14-10-2024; Swiss Confederation, Work and rest period, 2024; FAOSTAT, Crops and livestock products, Yield, Sugarbeet and sugarcane, 2022; World Bank, Inflation (annual %), 2024; True Price, Monestisation factors for true pricing (2023); European Central Bank, Eurosystem, US dollar (USD), 2024"
"Swiss sugar high";"Switzerland";"Sugarbeet";"none";"Production";"Livelihoods";"Prevalence of Forced workers in situations of debt bondage";"FTE/kg";0;0;"Sugar";"Swiss sugar";"Sugar";"2024";"conventional";5.56;"no, dervied from regional values";"none";"Rolex Centre";"False";"none";0;0;0.026365011293804204;0;0;"USD2023/FTE";"Walkfree, global slavery index, 2024; World Bank, Annual Population, 2024; missing; FAOSTAT, Crops and livestock products, Yield, Agriculture land, 2022, Global Estimates of Modern Slavery: Forced Labour and Forced Marriage International Labour Organization (ILO), Walk Free, and International Organization for Migration (IOM), Geneva, 2022, ISBN: 978-92-2-037483-2 (web PDF); International Labour Organization. ILO modelled estimates database, ILOSTAT. https://ilostat.ilo.org/data/. Accessed 14-10-2024; Swiss Confederation, Work and rest period, 2024; FAOSTAT, Crops and livestock products, Yield, Sugarbeet and sugarcane, 2022; World Bank, Inflation (annual %), 2024; True Price, Monestisation factors for true pricing (2023); European Central Bank, Eurosystem, US dollar (USD), 2024"
"Swiss sugar high";"Switzerland";"Sugarbeet";"none";"Production";"Livelihoods";"Prevalence of Forced workers in situations of debt bondage";"FTE/kg";0.000000000016183202839901684;0.0000003143607382545013;"Sugar";"Swiss sugar";"Sugar";"2024";"conventional";5.56;"no, dervied from regional values";"none";"Rolex Centre";"False";"none";0;0;0.026365011293804204;0;0;"USD2023/FTE";"Walkfree, global slavery index, 2024; World Bank, Annual Population, 2024; FAOSTAT, Crops and livestock products, Yield, Sugarbeet and sugarcane, 2022; FAOSTAT, Crops and livestock products, Yield, Agriculture land, 2022, Global Estimates of Modern Slavery: Forced Labour and Forced Marriage International Labour Organization (ILO), Walk Free, and International Organization for Migration (IOM), Geneva, 2022, ISBN: 978-92-2-037483-2 (web PDF); International Labour Organization. ILO modelled estimates database, ILOSTAT. https://ilostat.ilo.org/data/. Accessed 14-10-2024; Swiss Confederation, Work and rest period, 2024; FAOSTAT, Crops and livestock products, Yield, Sugarbeet and sugarcane, 2022; World Bank, Inflation (annual %), 2024; True Price, Monestisation factors for true pricing (2023); European Central Bank, Eurosystem, US dollar (USD), 2024"
"Swiss sugar high";"Switzerland";"Sugarbeet";"none";"Production";"Livelihoods";"Female workers without maternity leave provision";"USD/kg";0;0;"Sugar";"Swiss sugar";"Sugar";"2024";"conventional";5.56;"yes";"none";"Rolex Centre";"False";"none";0;0;0.026365011293804204;0;0;"USD2023/USD2023";"World population review, Total Fertility Rate, 2024; International Labour Organization. ILO modelled estimates database, ILOSTAT. https://ilostat.ilo.org/data/. Accessed 14-10-2024; World population review, Total Fertility Rate, 2024, Eurostat, Duration of working life, 2052; missing; FAOSTAT, Crops and livestock products, Yield, Sugarbeet and sugarcane, 2022; True Price, Monestisation factors for true pricing (2023)"
"Swiss sugar high";"Switzerland";"Sugarbeet";"none";"Production";"Livelihoods";"Women with denied maternity leave";"women/kg";0;0;"Sugar";"Swiss sugar";"Sugar";"2024";"conventional";5.56;"yes";"none";"Rolex Centre";"False";"none";0;0;0.026365011293804204;0;0;"USD2023/FTE";"World population review, Total Fertility Rate, 2024, Eurostat, Duration of working life, 2052; missing; FAOSTAT, Crops and livestock products, Yield, Sugarbeet and sugarcane, 2022; World Bank, Inflation (annual %), 2024; True Price, Monestisation factors for true pricing (2023); European Central Bank, Eurosystem, US dollar (USD), 2024"
"Swiss sugar high";"Switzerland";"Sugarbeet";"none";"Production";"Livelihoods";"Workers without paid leave provision";"USD/kg";0;0;"Sugar";"Swiss sugar";"Sugar";"2014";"conventional";5.56;"yes";"none";"Rolex Centre";"False";"none";0;0;0.026365011293804204;0;0;"USD2023/USD2023";"Employing Workers, Doing Business: Measuring Business Regulations. World Bank Group, 2014; International Labour Organization. ILO modelled estimates database, ILOSTAT. https://ilostat.ilo.org/data/. Accessed 14-10-2024; 0.0; True Price, Monestisation factors for true pricing (2023)"
"Swiss sugar high";"Switzerland";"Sugarbeet";"none";"Production";"Livelihoods";"Informal employment rate of agricultural workers & uncovered by social protection floors/systems";"FTE/kg";0;0;"Sugar";"Swiss sugar";"Sugar";"2021";"conventional";5.56;"yes";"none";"Rolex Centre";"False";"none";0;0;0.026365011293804204;0;0;"USD2023/FTE";"International Labour Organization. ILO modelled estimates database, ILOSTAT. https://ilostat.ilo.org/data/. Accessed 14-10-2024; missing; FAOSTAT, Crops and livestock products, Yield, Sugarbeet and sugarcane, 2022; World Bank, Inflation (annual %), 2024; True Price, Monestisation factors for true pricing (2023); European Central Bank, Eurosystem, US dollar (USD), 2024"
"Swiss sugar high";"Switzerland";"Sugarbeet";"none";"Production";"Livelihoods";"Cases of fatal occupational injury";"incidents/kg";0.0000000000003866554984071878;0.0000013999478631949038;"Sugar";"Swiss sugar";"Sugar";"2021";"conventional";5.56;"yes";"none";"Rolex Centre";"False";"none";0;0;0.026365011293804204;0;0;"USD2023/incidents";"International Labour Organization. ILO modelled estimates database, ILOSTAT. https://ilostat.ilo.org/data/. Accessed 14-10-2024; FAOSTAT, Crops and livestock products, Yield, Sugarbeet and sugarcane, 2022; FAOSTAT, Crops and livestock products, Yield, Agriculture land, 2022; FAOSTAT, Crops and livestock products, Yield, Sugarbeet and sugarcane, 2022; World Bank, Inflation (annual %), 2024; True Price, Monestisation factors for true pricing (2023); European Central Bank, Eurosystem, US dollar (USD), 2024"
"Swiss sugar high";"Switzerland";"Sugarbeet";"none";"Production";"Livelihoods";"Cases of non-fatal occupational injury, insured";"incidents/kg";0.0000000003075844489829179;0.0000013116422629798209;"Sugar";"Swiss sugar";"Sugar";"2021";"conventional";5.56;"yes";"none";"Rolex Centre";"False";"none";0;0;0.026365011293804204;0;0;"USD2023/incidents";"International Labour Organization. ILO modelled estimates database, ILOSTAT. https://ilostat.ilo.org/data/. Accessed 14-10-2024; International Labour Organization. ILO modelled estimates database, ILOSTAT. https://ilostat.ilo.org/data/. Accessed 14-10-2024; FAOSTAT, Crops and livestock products, Yield, Sugarbeet and sugarcane, 2022; FAOSTAT, Crops and livestock products, Yield, Agriculture land, 2022; FAOSTAT, Crops and livestock products, Yield, Sugarbeet and sugarcane, 2022; World Bank, Inflation (annual %), 2024; True Price, Monestisation factors for true pricing (2023); European Central Bank, Eurosystem, US dollar (USD), 2024"
"Swiss sugar high";"Switzerland";"Sugarbeet";"none";"Production";"Livelihoods";"Cases of non-fatal occupational injury, uninsured";"incidents/kg";0;0;"Sugar";"Swiss sugar";"Sugar";"2021";"conventional";5.56;"yes";"none";"Rolex Centre";"False";"none";0;0;0.026365011293804204;0;0;"USD2023/incidents";"International Labour Organization. ILO modelled estimates database, ILOSTAT. https://ilostat.ilo.org/data/. Accessed 14-10-2024; International Labour Organization. ILO modelled estimates database, ILOSTAT. https://ilostat.ilo.org/data/. Accessed 14-10-2024; FAOSTAT, Crops and livestock products, Yield, Sugarbeet and sugarcane, 2022; FAOSTAT, Crops and livestock products, Yield, Agriculture land, 2022; FAOSTAT, Crops and livestock products, Yield, Sugarbeet and sugarcane, 2022; World Bank, Inflation (annual %), 2024; True Price, Monestisation factors for true pricing (2023); European Central Bank, Eurosystem, US dollar (USD), 2024"
"Swiss sugar high";"none";"Sugarbeet";"none";"Offsetting schemes";"Environment";"Carbon Offsetting through Reforestation";"kgCO2/kg";0;-0;"Sugar";"Swiss sugar";"Sugar";"2024";"conventional";1;"yes";"none";"Rolex Centre";"False";"none";0;0;0.026365011293804204;0;0;"USD2023/kg";"No specific anti-deforestation regulation, No specific regulation on reforestation, none; World Bank, Inflation (annual %), 2024; True Price, Monestisation factors for true pricing (2023); European Central Bank, Eurosystem, US dollar (USD), 2024"
"Swiss sugar high";"none";"Sugarbeet";"none";"Offsetting schemes";"Biodiversity";"Biodiversity restoration through Reforestation (none)";"m²/kg";0;0;"Sugar";"Swiss sugar";"Sugar";"2024";"conventional";1;"yes";"none";"Rolex Centre";"False";"none";0;0;0.026365011293804204;0;0;"USD2023/m²";"No specific anti-deforestation regulation, No specific regulation on reforestation, none; World Bank, Inflation (annual %), 2024; Not applicable; European Central Bank, Eurosystem, US dollar (USD), 2024"
"Swiss sugar high";"Switzerland";"Sugarbeet";"none";"Consumption";"Health";"2,4-D";"mg/kg";0.000225;0.0000023746112767240496;"Sugar";"Swiss sugar";"Sugar";"2018";"conventional";1;"not-country-specific";"EU";"Rolex Centre";"False";"none";0;0;0.026365011293804204;0;0;"USD2023/mg";"Food and Agriculture Organisation, World Health Organisation, International Food Standards, Codex Alimentarius, 2024 Misssing data at the country level, EU has been used as a proxy; World Bank, Inflation (annual %), 2024; Sustainability Impact Metrics (a spin-off of Delft University of Technology), Consumer Health: internalities of food in economics and I-eco-costs, 2181; European Central Bank, Eurosystem, US dollar (USD), 2024"
"Swiss sugar high";"Switzerland";"Sugarbeet";"none";"Consumption";"Health";"Aldicarb";"mg/kg";0.00045;0.00013406784505104244;"Sugar";"Swiss sugar";"Sugar";"2018";"conventional";1;"not-country-specific";"EU";"Rolex Centre";"False";"none";0;0;0.026365011293804204;0;0;"USD2023/mg";"Food and Agriculture Organisation, World Health Organisation, International Food Standards, Codex Alimentarius, 2025 Misssing data at the country level, EU has been used as a proxy; World Bank, Inflation (annual %), 2024; Sustainability Impact Metrics (a spin-off of Delft University of Technology), Consumer Health: internalities of food in economics and I-eco-costs, 2016; European Central Bank, Eurosystem, US dollar (USD), 2024"
"Swiss sugar high";"Switzerland";"Sugarbeet";"none";"Consumption";"Health";"Aldicarb";"mg/kg";0.00045;0.00012389276226386345;"Sugar";"Swiss sugar";"Sugar";"2018";"conventional";1;"not-country-specific";"EU";"Rolex Centre";"False";"none";0;0;0.026365011293804204;0;0;"USD2023/mg";"Food and Agriculture Organisation, World Health Organisation, International Food Standards, Codex Alimentarius, 2025 Misssing data at the country level, EU has been used as a proxy; World Bank, Inflation (annual %), 2024; Sustainability Impact Metrics (a spin-off of Delft University of Technology), Consumer Health: internalities of food in economics and I-eco-costs, 2047; European Central Bank, Eurosystem, US dollar (USD), 2024"
"Swiss sugar high";"Switzerland";"Sugarbeet";"none";"Consumption";"Health";"Azoxystrobin";"mg/kg";0.000225;0;"Sugar";"Swiss sugar";"Sugar";"2018";"conventional";1;"not-country-specific";"EU";"Rolex Centre";"False";"none";0;0;0.026365011293804204;0;0;"USD2023/mg";"Food and Agriculture Organisation, World Health Organisation, International Food Standards, Codex Alimentarius, 2026 Misssing data at the country level, EU has been used as a proxy; World Bank, Inflation (annual %), 2024; No factor available; European Central Bank, Eurosystem, US dollar (USD), 2024"
"Swiss sugar high";"Switzerland";"Sugarbeet";"none";"Consumption";"Health";"Benzovindiflupyr";"mg/kg";0.0018;0;"Sugar";"Swiss sugar";"Sugar";"2018";"conventional";1;"not-country-specific";"EU";"Rolex Centre";"False";"none";0;0;0.026365011293804204;0;0;"USD2023/mg";"Food and Agriculture Organisation, World Health Organisation, International Food Standards, Codex Alimentarius, 2027 Misssing data at the country level, EU has been used as a proxy; World Bank, Inflation (annual %), 2024; No data; European Central Bank, Eurosystem, US dollar (USD), 2024"
"Swiss sugar high";"Switzerland";"Sugarbeet";"none";"Consumption";"Health";"Bicyclopyrone";"mg/kg";0.00008999999999999999;0;"Sugar";"Swiss sugar";"Sugar";"2018";"conventional";1;"not-country-specific";"EU";"Rolex Centre";"False";"none";0;0;0.026365011293804204;0;0;"USD2023/mg";"Food and Agriculture Organisation, World Health Organisation, International Food Standards, Codex Alimentarius, 2028 Misssing data at the country level, EU has been used as a proxy; World Bank, Inflation (annual %), 2024; No data; European Central Bank, Eurosystem, US dollar (USD), 2024"
"Swiss sugar high";"Switzerland";"Sugarbeet";"none";"Consumption";"Health";"Carbofuran";"mg/kg";0.00045;0.00004691340102673438;"Sugar";"Swiss sugar";"Sugar";"2018";"conventional";1;"not-country-specific";"EU";"Rolex Centre";"False";"none";0;0;0.026365011293804204;0;0;"USD2023/mg";"Food and Agriculture Organisation, World Health Organisation, International Food Standards, Codex Alimentarius, 2029 Misssing data at the country level, EU has been used as a proxy; World Bank, Inflation (annual %), 2024; Sustainability Impact Metrics (a spin-off of Delft University of Technology), Consumer Health: internalities of food in economics and I-eco-costs, 2021; European Central Bank, Eurosystem, US dollar (USD), 2024"
"Swiss sugar high";"Switzerland";"Sugarbeet";"none";"Consumption";"Health";"Carbofuran";"mg/kg";0.00045;0.00004336246679235221;"Sugar";"Swiss sugar";"Sugar";"2018";"conventional";1;"not-country-specific";"EU";"Rolex Centre";"False";"none";0;0;0.026365011293804204;0;0;"USD2023/mg";"Food and Agriculture Organisation, World Health Organisation, International Food Standards, Codex Alimentarius, 2029 Misssing data at the country level, EU has been used as a proxy; World Bank, Inflation (annual %), 2024; Sustainability Impact Metrics (a spin-off of Delft University of Technology), Consumer Health: internalities of food in economics and I-eco-costs, 2068; European Central Bank, Eurosystem, US dollar (USD), 2024"
"Swiss sugar high";"Switzerland";"Sugarbeet";"none";"Consumption";"Health";"Chlorantraniliprole";"mg/kg";0.00225;0.0000007758555847861252;"Sugar";"Swiss sugar";"Sugar";"2018";"conventional";1;"not-country-specific";"EU";"Rolex Centre";"False";"none";0;0;0.026365011293804204;0;0;"USD2023/mg";"Food and Agriculture Organisation, World Health Organisation, International Food Standards, Codex Alimentarius, 2030 Misssing data at the country level, EU has been used as a proxy; World Bank, Inflation (annual %), 2024; Sustainability Impact Metrics (a spin-off of Delft University of Technology), Consumer Health: internalities of food in economics and I-eco-costs, 2022; European Central Bank, Eurosystem, US dollar (USD), 2024"
"Swiss sugar high";"Switzerland";"Sugarbeet";"none";"Consumption";"Health";"Chlorantraniliprole";"mg/kg";0.00225;0.0000007227077798725368;"Sugar";"Swiss sugar";"Sugar";"2018";"conventional";1;"not-country-specific";"EU";"Rolex Centre";"False";"none";0;0;0.026365011293804204;0;0;"USD2023/mg";"Food and Agriculture Organisation, World Health Organisation, International Food Standards, Codex Alimentarius, 2030 Misssing data at the country level, EU has been used as a proxy; World Bank, Inflation (annual %), 2024; Sustainability Impact Metrics (a spin-off of Delft University of Technology), Consumer Health: internalities of food in economics and I-eco-costs, 2071; European Central Bank, Eurosystem, US dollar (USD), 2024"
"Swiss sugar high";"Switzerland";"Sugarbeet";"none";"Consumption";"Health";"Clothianidin";"mg/kg";0.0018;0.000028551485520129412;"Sugar";"Swiss sugar";"Sugar";"2018";"conventional";1;"not-country-specific";"EU";"Rolex Centre";"False";"none";0;0;0.026365011293804204;0;0;"USD2023/mg";"Food and Agriculture Organisation, World Health Organisation, International Food Standards, Codex Alimentarius, 2031 Misssing data at the country level, EU has been used as a proxy; World Bank, Inflation (annual %), 2024; Sustainability Impact Metrics (a spin-off of Delft University of Technology), Consumer Health: internalities of food in economics and I-eco-costs, 2024; European Central Bank, Eurosystem, US dollar (USD), 2024"
"Swiss sugar high";"Switzerland";"Sugarbeet";"none";"Consumption";"Health";"Clothianidin";"mg/kg";0.0018;0.000026430455949624203;"Sugar";"Swiss sugar";"Sugar";"2018";"conventional";1;"not-country-specific";"EU";"Rolex Centre";"False";"none";0;0;0.026365011293804204;0;0;"USD2023/mg";"Food and Agriculture Organisation, World Health Organisation, International Food Standards, Codex Alimentarius, 2031 Misssing data at the country level, EU has been used as a proxy; World Bank, Inflation (annual %), 2024; Sustainability Impact Metrics (a spin-off of Delft University of Technology), Consumer Health: internalities of food in economics and I-eco-costs, 2081; European Central Bank, Eurosystem, US dollar (USD), 2024"
"Swiss sugar high";"Switzerland";"Sugarbeet";"none";"Consumption";"Health";"Cyhalothrin";"mg/kg";0.000225;0.0000035689356900161765;"Sugar";"Swiss sugar";"Sugar";"2018";"conventional";1;"not-country-specific";"EU";"Rolex Centre";"False";"none";0;0;0.026365011293804204;0;0;"USD2023/mg";"Food and Agriculture Organisation, World Health Organisation, International Food Standards, Codex Alimentarius, 2032 Misssing data at the country level, EU has been used as a proxy; World Bank, Inflation (annual %), 2024; Sustainability Impact Metrics (a spin-off of Delft University of Technology), Consumer Health: internalities of food in economics and I-eco-costs, 2026; European Central Bank, Eurosystem, US dollar (USD), 2024"
"Swiss sugar high";"Switzerland";"Sugarbeet";"none";"Consumption";"Health";"Cyhalothrin";"mg/kg";0.000225;0.0000033038069937030254;"Sugar";"Swiss sugar";"Sugar";"2018";"conventional";1;"not-country-specific";"EU";"Rolex Centre";"False";"none";0;0;0.026365011293804204;0;0;"USD2023/mg";"Food and Agriculture Organisation, World Health Organisation, International Food Standards, Codex Alimentarius, 2032 Misssing data at the country level, EU has been used as a proxy; World Bank, Inflation (annual %), 2024; Sustainability Impact Metrics (a spin-off of Delft University of Technology), Consumer Health: internalities of food in economics and I-eco-costs, 2084; European Central Bank, Eurosystem, US dollar (USD), 2024"
"Swiss sugar high";"Switzerland";"Sugarbeet";"none";"Consumption";"Health";"Cypermethrins";"mg/kg";0.0009;0.000005586160210460103;"Sugar";"Swiss sugar";"Sugar";"2018";"conventional";1;"not-country-specific";"EU";"Rolex Centre";"False";"none";0;0;0.026365011293804204;0;0;"USD2023/mg";"Food and Agriculture Organisation, World Health Organisation, International Food Standards, Codex Alimentarius, 2033 Misssing data at the country level, EU has been used as a proxy; World Bank, Inflation (annual %), 2024; Sustainability Impact Metrics (a spin-off of Delft University of Technology), Consumer Health: internalities of food in economics and I-eco-costs, 2027; European Central Bank, Eurosystem, US dollar (USD), 2024"
"Swiss sugar high";"Switzerland";"Sugarbeet";"none";"Consumption";"Health";"Dicamba";"mg/kg";0.0045;0.000025810992138304887;"Sugar";"Swiss sugar";"Sugar";"2018";"conventional";1;"not-country-specific";"EU";"Rolex Centre";"False";"none";0;0;0.026365011293804204;0;0;"USD2023/mg";"Food and Agriculture Organisation, World Health Organisation, International Food Standards, Codex Alimentarius, 2034 Misssing data at the country level, EU has been used as a proxy; World Bank, Inflation (annual %), 2024; Sustainability Impact Metrics (a spin-off of Delft University of Technology), Consumer Health: internalities of food in economics and I-eco-costs, 2090; European Central Bank, Eurosystem, US dollar (USD), 2024"
"Swiss sugar high";"Switzerland";"Sugarbeet";"none";"Consumption";"Health";"Ethoprophos";"mg/kg";0.00008999999999999999;0;"Sugar";"Swiss sugar";"Sugar";"2018";"conventional";1;"not-country-specific";"EU";"Rolex Centre";"False";"none";0;0;0.026365011293804204;0;0;"USD2023/mg";"Food and Agriculture Organisation, World Health Organisation, International Food Standards, Codex Alimentarius, 2035 Misssing data at the country level, EU has been used as a proxy; World Bank, Inflation (annual %), 2024; No data; European Central Bank, Eurosystem, US dollar (USD), 2024"
"Swiss sugar high";"Switzerland";"Sugarbeet";"none";"Consumption";"Health";"Fluazifop-P-Butyl";"mg/kg";0.000044999999999999996;0;"Sugar";"Swiss sugar";"Sugar";"2018";"conventional";1;"not-country-specific";"EU";"Rolex Centre";"False";"none";0;0;0.026365011293804204;0;0;"USD2023/mg";"Food and Agriculture Organisation, World Health Organisation, International Food Standards, Codex Alimentarius, 2036 Misssing data at the country level, EU has been used as a proxy; World Bank, Inflation (annual %), 2024; No data; European Central Bank, Eurosystem, US dollar (USD), 2024"
"Swiss sugar high";"Switzerland";"Sugarbeet";"none";"Consumption";"Health";"Fluensulfone";"mg/kg";0.00026999999999999995;0;"Sugar";"Swiss sugar";"Sugar";"2018";"conventional";1;"not-country-specific";"EU";"Rolex Centre";"False";"none";0;0;0.026365011293804204;0;0;"USD2023/mg";"Food and Agriculture Organisation, World Health Organisation, International Food Standards, Codex Alimentarius, 2037 Misssing data at the country level, EU has been used as a proxy; World Bank, Inflation (annual %), 2024; No data; European Central Bank, Eurosystem, US dollar (USD), 2024"
"Swiss sugar high";"Switzerland";"Sugarbeet";"none";"Consumption";"Health";"Glyphosate";"mg/kg";0.009;0.000008466005421364002;"Sugar";"Swiss sugar";"Sugar";"2018";"conventional";1;"not-country-specific";"EU";"Rolex Centre";"False";"none";0;0;0.026365011293804204;0;0;"USD2023/mg";"Food and Agriculture Organisation, World Health Organisation, International Food Standards, Codex Alimentarius, 2038 Misssing data at the country level, EU has been used as a proxy; World Bank, Inflation (annual %), 2024; Sustainability Impact Metrics (a spin-off of Delft University of Technology), Consumer Health: internalities of food in economics and I-eco-costs, 2195; European Central Bank, Eurosystem, US dollar (USD), 2024"
"Swiss sugar high";"Switzerland";"Sugarbeet";"none";"Consumption";"Health";"Imazapic";"mg/kg";0.000044999999999999996;0;"Sugar";"Swiss sugar";"Sugar";"2018";"conventional";1;"not-country-specific";"EU";"Rolex Centre";"False";"none";0;0;0.026365011293804204;0;0;"USD2023/mg";"Food and Agriculture Organisation, World Health Organisation, International Food Standards, Codex Alimentarius, 2039 Misssing data at the country level, EU has been used as a proxy; World Bank, Inflation (annual %), 2024; No data; European Central Bank, Eurosystem, US dollar (USD), 2024"
"Swiss sugar high";"Switzerland";"Sugarbeet";"none";"Consumption";"Health";"Isoxaflutole";"mg/kg";0.000044999999999999996;0;"Sugar";"Swiss sugar";"Sugar";"2018";"conventional";1;"not-country-specific";"EU";"Rolex Centre";"False";"none";0;0;0.026365011293804204;0;0;"USD2023/mg";"Food and Agriculture Organisation, World Health Organisation, International Food Standards, Codex Alimentarius, 2040 Misssing data at the country level, EU has been used as a proxy; World Bank, Inflation (annual %), 2024; No data; European Central Bank, Eurosystem, US dollar (USD), 2024"
"Swiss sugar high";"Switzerland";"Sugarbeet";"none";"Consumption";"Health";"Mefentrifluconazole";"mg/kg";0.006749999999999999;0;"Sugar";"Swiss sugar";"Sugar";"2018";"conventional";1;"not-country-specific";"EU";"Rolex Centre";"False";"none";0;0;0.026365011293804204;0;0;"USD2023/mg";"Food and Agriculture Organisation, World Health Organisation, International Food Standards, Codex Alimentarius, 2041 Misssing data at the country level, EU has been used as a proxy; World Bank, Inflation (annual %), 2024; No data; European Central Bank, Eurosystem, US dollar (USD), 2024"
"Swiss sugar high";"Switzerland";"Sugarbeet";"none";"Consumption";"Health";"Mesotrione";"mg/kg";0.000044999999999999996;0.00002684343182383708;"Sugar";"Swiss sugar";"Sugar";"2018";"conventional";1;"not-country-specific";"EU";"Rolex Centre";"False";"none";0;0;0.026365011293804204;0;0;"USD2023/mg";"Food and Agriculture Organisation, World Health Organisation, International Food Standards, Codex Alimentarius, 2042 Misssing data at the country level, EU has been used as a proxy; World Bank, Inflation (annual %), 2024; Sustainability Impact Metrics (a spin-off of Delft University of Technology), Consumer Health: internalities of food in economics and I-eco-costs, 2146; European Central Bank, Eurosystem, US dollar (USD), 2024"
"Swiss sugar high";"Switzerland";"Sugarbeet";"none";"Consumption";"Health";"Metaflumizone";"mg/kg";0.00008999999999999999;0;"Sugar";"Swiss sugar";"Sugar";"2018";"conventional";1;"not-country-specific";"EU";"Rolex Centre";"False";"none";0;0;0.026365011293804204;0;0;"USD2023/mg";"Food and Agriculture Organisation, World Health Organisation, International Food Standards, Codex Alimentarius, 2043 Misssing data at the country level, EU has been used as a proxy; World Bank, Inflation (annual %), 2024; No data; European Central Bank, Eurosystem, US dollar (USD), 2024"
"Swiss sugar high";"Switzerland";"Sugarbeet";"none";"Consumption";"Health";"Metconazole";"mg/kg";0.00026999999999999995;0.000005822959826401582;"Sugar";"Swiss sugar";"Sugar";"2018";"conventional";1;"not-country-specific";"EU";"Rolex Centre";"False";"none";0;0;0.026365011293804204;0;0;"USD2023/mg";"Food and Agriculture Organisation, World Health Organisation, International Food Standards, Codex Alimentarius, 2044 Misssing data at the country level, EU has been used as a proxy; World Bank, Inflation (annual %), 2024; Sustainability Impact Metrics (a spin-off of Delft University of Technology), Consumer Health: internalities of food in economics and I-eco-costs, 2148; European Central Bank, Eurosystem, US dollar (USD), 2024"
"Swiss sugar high";"Switzerland";"Sugarbeet";"none";"Consumption";"Health";"Methoxyfenozide";"mg/kg";0.000044999999999999996;0;"Sugar";"Swiss sugar";"Sugar";"2018";"conventional";1;"not-country-specific";"EU";"Rolex Centre";"False";"none";0;0;0.026365011293804204;0;0;"USD2023/mg";"Food and Agriculture Organisation, World Health Organisation, International Food Standards, Codex Alimentarius, 2045 Misssing data at the country level, EU has been used as a proxy; World Bank, Inflation (annual %), 2024; No data; European Central Bank, Eurosystem, US dollar (USD), 2024"
"Swiss sugar high";"Switzerland";"Sugarbeet";"none";"Consumption";"Health";"Novaluron";"mg/kg";0.00225;0.00000027875871509369274;"Sugar";"Swiss sugar";"Sugar";"2018";"conventional";1;"not-country-specific";"EU";"Rolex Centre";"False";"none";0;0;0.026365011293804204;0;0;"USD2023/mg";"Food and Agriculture Organisation, World Health Organisation, International Food Standards, Codex Alimentarius, 2046 Misssing data at the country level, EU has been used as a proxy; World Bank, Inflation (annual %), 2024; Sustainability Impact Metrics (a spin-off of Delft University of Technology), Consumer Health: internalities of food in economics and I-eco-costs, 2159; European Central Bank, Eurosystem, US dollar (USD), 2024"
"Swiss sugar high";"Switzerland";"Sugarbeet";"none";"Consumption";"Health";"Pendimethalin";"mg/kg";0.000044999999999999996;0.00000003820026836469123;"Sugar";"Swiss sugar";"Sugar";"2018";"conventional";1;"not-country-specific";"EU";"Rolex Centre";"False";"none";0;0;0.026365011293804204;0;0;"USD2023/mg";"Food and Agriculture Organisation, World Health Organisation, International Food Standards, Codex Alimentarius, 2047 Misssing data at the country level, EU has been used as a proxy; World Bank, Inflation (annual %), 2024; Sustainability Impact Metrics (a spin-off of Delft University of Technology), Consumer Health: internalities of food in economics and I-eco-costs, 2167; European Central Bank, Eurosystem, US dollar (USD), 2024"
"Swiss sugar high";"Switzerland";"Sugarbeet";"none";"Consumption";"Health";"Propiconazole";"mg/kg";0.00008999999999999999;0.0000007137871380032352;"Sugar";"Swiss sugar";"Sugar";"2018";"conventional";1;"not-country-specific";"EU";"Rolex Centre";"False";"none";0;0;0.026365011293804204;0;0;"USD2023/mg";"Food and Agriculture Organisation, World Health Organisation, International Food Standards, Codex Alimentarius, 2048 Misssing data at the country level, EU has been used as a proxy; World Bank, Inflation (annual %), 2024; Sustainability Impact Metrics (a spin-off of Delft University of Technology), Consumer Health: internalities of food in economics and I-eco-costs, 2040; European Central Bank, Eurosystem, US dollar (USD), 2024"
"Swiss sugar high";"Switzerland";"Sugarbeet";"none";"Consumption";"Health";"Propiconazole";"mg/kg";0.00008999999999999999;0.0000006607613987406051;"Sugar";"Swiss sugar";"Sugar";"2018";"conventional";1;"not-country-specific";"EU";"Rolex Centre";"False";"none";0;0;0.026365011293804204;0;0;"USD2023/mg";"Food and Agriculture Organisation, World Health Organisation, International Food Standards, Codex Alimentarius, 2048 Misssing data at the country level, EU has been used as a proxy; World Bank, Inflation (annual %), 2024; Sustainability Impact Metrics (a spin-off of Delft University of Technology), Consumer Health: internalities of food in economics and I-eco-costs, 2175; European Central Bank, Eurosystem, US dollar (USD), 2024"
"Swiss sugar high";"Switzerland";"Sugarbeet";"none";"Consumption";"Health";"Pyraclostrobin";"mg/kg";0.00035999999999999997;0.000003765485771495328;"Sugar";"Swiss sugar";"Sugar";"2018";"conventional";1;"not-country-specific";"EU";"Rolex Centre";"False";"none";0;0;0.026365011293804204;0;0;"USD2023/mg";"Food and Agriculture Organisation, World Health Organisation, International Food Standards, Codex Alimentarius, 2049 Misssing data at the country level, EU has been used as a proxy; World Bank, Inflation (annual %), 2024; Sustainability Impact Metrics (a spin-off of Delft University of Technology), Consumer Health: internalities of food in economics and I-eco-costs, 2041; European Central Bank, Eurosystem, US dollar (USD), 2024"
"Swiss sugar high";"Switzerland";"Sugarbeet";"none";"Consumption";"Health";"Pyraclostrobin";"mg/kg";0.00035999999999999997;0.0000034689973433881765;"Sugar";"Swiss sugar";"Sugar";"2018";"conventional";1;"not-country-specific";"EU";"Rolex Centre";"False";"none";0;0;0.026365011293804204;0;0;"USD2023/mg";"Food and Agriculture Organisation, World Health Organisation, International Food Standards, Codex Alimentarius, 2049 Misssing data at the country level, EU has been used as a proxy; World Bank, Inflation (annual %), 2024; Sustainability Impact Metrics (a spin-off of Delft University of Technology), Consumer Health: internalities of food in economics and I-eco-costs, 2176; European Central Bank, Eurosystem, US dollar (USD), 2024"
"Swiss sugar high";"Switzerland";"Sugarbeet";"none";"Consumption";"Health";"Saflufenacil";"mg/kg";0.00013499999999999997;0;"Sugar";"Swiss sugar";"Sugar";"2018";"conventional";1;"not-country-specific";"EU";"Rolex Centre";"False";"none";0;0;0.026365011293804204;0;0;"USD2023/mg";"Food and Agriculture Organisation, World Health Organisation, International Food Standards, Codex Alimentarius, 2050 Misssing data at the country level, EU has been used as a proxy; World Bank, Inflation (annual %), 2024; No factor available; European Central Bank, Eurosystem, US dollar (USD), 2024"
"Swiss sugar high";"Switzerland";"Sugarbeet";"none";"Consumption";"Health";"Tebufenozide";"mg/kg";0.0045;0.000025810992138304887;"Sugar";"Swiss sugar";"Sugar";"2018";"conventional";1;"not-country-specific";"EU";"Rolex Centre";"False";"none";0;0;0.026365011293804204;0;0;"USD2023/mg";"Food and Agriculture Organisation, World Health Organisation, International Food Standards, Codex Alimentarius, 2051 Misssing data at the country level, EU has been used as a proxy; World Bank, Inflation (annual %), 2024; Sustainability Impact Metrics (a spin-off of Delft University of Technology), Consumer Health: internalities of food in economics and I-eco-costs, 2177; European Central Bank, Eurosystem, US dollar (USD), 2024"
"Swiss sugar high";"Switzerland";"Sugarbeet";"none";"Consumption";"Health";"Teflubenzuron";"mg/kg";0.000044999999999999996;0.000004439490647788441;"Sugar";"Swiss sugar";"Sugar";"2018";"conventional";1;"not-country-specific";"EU";"Rolex Centre";"False";"none";0;0;0.026365011293804204;0;0;"USD2023/mg";"Food and Agriculture Organisation, World Health Organisation, International Food Standards, Codex Alimentarius, 2052 Misssing data at the country level, EU has been used as a proxy; World Bank, Inflation (annual %), 2024; Sustainability Impact Metrics (a spin-off of Delft University of Technology), Consumer Health: internalities of food in economics and I-eco-costs, 2178; European Central Bank, Eurosystem, US dollar (USD), 2024"
"Swiss sugar high";"Switzerland";"Sugarbeet";"none";"Consumption";"Health";"Trinexapac-Ethyl";"mg/kg";0.00225;0;"Sugar";"Swiss sugar";"Sugar";"2018";"conventional";1;"not-country-specific";"EU";"Rolex Centre";"False";"none";0;0;0.026365011293804204;0;0;"USD2023/mg";"Food and Agriculture Organisation, World Health Organisation, International Food Standards, Codex Alimentarius, 2053 Misssing data at the country level, EU has been used as a proxy; World Bank, Inflation (annual %), 2024; No data; European Central Bank, Eurosystem, US dollar (USD), 2024"
"Swiss sugar low";"Switzerland";"Sugarbeet";"none";"Production";"Environment";"Fine particulate matter formation";"kg PM2.5 eq";0.0000008193605019143575;0.00008822058755805567;"Sugar";"Swiss sugar";"Sugar";"2021";"conventional";5.56;"yes";"none";"Rolex Centre";"False";"none";0;0;0.026121670431268066;0;0;"USD2023/kg";"Sugar beet {CH}| production | Cut-off, S - Copied from Ecoinvent; World Bank, Inflation (annual %), 2024; CE-Delft, Environmental Prices Handbook (2017); European Central Bank, Eurosystem, US dollar (USD), 2024"
"Swiss sugar low";"Switzerland";"Sugarbeet";"none";"Production";"Environment";"Fossil resource scarcity";"kg oil eq";0.00004492132845222623;0.00002375130849719842;"Sugar";"Swiss sugar";"Sugar";"2021";"conventional";5.56;"yes";"none";"Rolex Centre";"False";"none";0;0;0.026121670431268066;0;0;"USD2023/kg";"Sugar beet {CH}| production | Cut-off, S - Copied from Ecoinvent; World Bank, Inflation (annual %), 2024; True Price, Monestisation factors for true pricing (2023); European Central Bank, Eurosystem, US dollar (USD), 2024"
"Swiss sugar low";"Switzerland";"Sugarbeet";"none";"Production";"Environment";"Freshwater ecotoxicity";"kg 1,4-DCB";0.000005255285223569359;0.00000025188915211497335;"Sugar";"Swiss sugar";"Sugar";"2021";"conventional";5.56;"yes";"none";"Rolex Centre";"False";"none";0;0;0.026121670431268066;0;0;"USD2023/kg";"Sugar beet {CH}| production | Cut-off, S - Copied from Ecoinvent; World Bank, Inflation (annual %), 2024; True Price, Monestisation factors for true pricing (2023); European Central Bank, Eurosystem, US dollar (USD), 2024"
"Swiss sugar low";"Switzerland";"Sugarbeet";"none";"Production";"Environment";"Freshwater eutrophication";"kg P eq";0.00000009091564211231967;0.00002184047172377379;"Sugar";"Swiss sugar";"Sugar";"2021";"conventional";5.56;"yes";"none";"Rolex Centre";"False";"none";0;0;0.026121670431268066;0;0;"USD2023/kg";"Sugar beet {CH}| production | Cut-off, S - Copied from Ecoinvent; World Bank, Inflation (annual %), 2024; True Price, Monestisation factors for true pricing (2023); European Central Bank, Eurosystem, US dollar (USD), 2024"
"Swiss sugar low";"Switzerland";"Sugarbeet";"none";"Production";"Environment";"Global warming";"kg CO2 eq";0.0003811262980755912;0.00007140582459250644;"Sugar";"Swiss sugar";"Sugar";"2021";"conventional";5.56;"yes";"none";"Rolex Centre";"False";"none";0;0;0.026121670431268066;0;0;"USD2023/kg";"Sugar beet {CH}| production | Cut-off, S - Copied from Ecoinvent; World Bank, Inflation (annual %), 2024; True Price, Monestisation factors for true pricing (2023); European Central Bank, Eurosystem, US dollar (USD), 2024"
"Swiss sugar low";"Switzerland";"Sugarbeet";"none";"Production";"Environment";"Human carcinogenic toxicity";"kg 1,4-DCB";0.000006422576930707168;0;"Sugar";"Swiss sugar";"Sugar";"2021";"conventional";5.56;"yes";"none";"Rolex Centre";"False";"none";0;0;0.026121670431268066;0;0;"USD2023/kg";"Sugar beet {CH}| production | Cut-off, S - Copied from Ecoinvent; World Bank, Inflation (annual %), 2024; No factor available; European Central Bank, Eurosystem, US dollar (USD), 2024"
"Swiss sugar low";"Switzerland";"Sugarbeet";"none";"Production";"Environment";"Human non-carcinogenic toxicity";"kg 1,4-DCB";-0.0005347851444191348;-0;"Sugar";"Swiss sugar";"Sugar";"2021";"conventional";5.56;"yes";"none";"Rolex Centre";"False";"none";0;0;0.026121670431268066;0;0;"USD2023/kg";"Sugar beet {CH}| production | Cut-off, S - Copied from Ecoinvent; World Bank, Inflation (annual %), 2024; No factor available; European Central Bank, Eurosystem, US dollar (USD), 2024"
"Swiss sugar low";"Switzerland";"Sugarbeet";"none";"Production";"Environment";"Ionizing radiation";"kBq Co-60 eq";0.00001430773658283064;0;"Sugar";"Swiss sugar";"Sugar";"2021";"conventional";5.56;"yes";"none";"Rolex Centre";"False";"none";0;0;0.026121670431268066;0;0;"USD2023/kg";"Sugar beet {CH}| production | Cut-off, S - Copied from Ecoinvent; World Bank, Inflation (annual %), 2024; No factor available; European Central Bank, Eurosystem, US dollar (USD), 2024"
"Swiss sugar low";"Switzerland";"Sugarbeet";"none";"Production";"Environment";"Land use";"m2a crop eq";0.0012376435674541137;0.00014794696010892643;"Sugar";"Swiss sugar";"Sugar";"2021";"conventional";5.56;"yes";"none";"Rolex Centre";"False";"none";0;0;0.026121670431268066;0;0;"USD2023/kg";"Sugar beet {CH}| production | Cut-off, S - Copied from Ecoinvent; World Bank, Inflation (annual %), 2024; True Price, Monestisation factors for true pricing (2023); European Central Bank, Eurosystem, US dollar (USD), 2024"
"Swiss sugar low";"Switzerland";"Sugarbeet";"none";"Production";"Environment";"Marine ecotoxicity";"kg 1,4-DCB";0.000007663718420369492;0.000000016736716443965555;"Sugar";"Swiss sugar";"Sugar";"2021";"conventional";5.56;"yes";"none";"Rolex Centre";"False";"none";0;0;0.026121670431268066;0;0;"USD2023/kg";"Sugar beet {CH}| production | Cut-off, S - Copied from Ecoinvent; World Bank, Inflation (annual %), 2024; True Price, Monestisation factors for true pricing (2023); European Central Bank, Eurosystem, US dollar (USD), 2024"
"Swiss sugar low";"Switzerland";"Sugarbeet";"none";"Production";"Environment";"Marine eutrophication";"kg N eq";0.0000018436407962710634;0.000030727089804197674;"Sugar";"Swiss sugar";"Sugar";"2021";"conventional";5.56;"yes";"none";"Rolex Centre";"False";"none";0;0;0.026121670431268066;0;0;"USD2023/kg";"Sugar beet {CH}| production | Cut-off, S - Copied from Ecoinvent; World Bank, Inflation (annual %), 2024; True Price, Monestisation factors for true pricing (2023); European Central Bank, Eurosystem, US dollar (USD), 2024"
"Swiss sugar low";"Switzerland";"Sugarbeet";"none";"Production";"Environment";"Mineral resource scarcity";"kg Cu eq";0.0000012313587611175885;0.00000031562150442446575;"Sugar";"Swiss sugar";"Sugar";"2021";"conventional";5.56;"yes";"none";"Rolex Centre";"False";"none";0;0;0.026121670431268066;0;0;"USD2023/kg";"Sugar beet {CH}| production | Cut-off, S - Copied from Ecoinvent; World Bank, Inflation (annual %), 2024; True Price, Monestisation factors for true pricing (2023); European Central Bank, Eurosystem, US dollar (USD), 2024"
"Swiss sugar low";"Switzerland";"Sugarbeet";"none";"Production";"Environment";"Ozone formation, Human health";"kg NOx eq";0.0000012885546463449565;0;"Sugar";"Swiss sugar";"Sugar";"2021";"conventional";5.56;"yes";"none";"Rolex Centre";"False";"none";0;0;0.026121670431268066;0;0;"USD2023/kg";"Sugar beet {CH}| production | Cut-off, S - Copied from Ecoinvent; World Bank, Inflation (annual %), 2024; No factor available; European Central Bank, Eurosystem, US dollar (USD), 2024"
"Swiss sugar low";"Switzerland";"Sugarbeet";"none";"Production";"Environment";"Ozone formation, Terrestrial ecosystems";"kg NOx eq";0.0000013085656506453916;0;"Sugar";"Swiss sugar";"Sugar";"2021";"conventional";5.56;"yes";"none";"Rolex Centre";"False";"none";0;0;0.026121670431268066;0;0;"USD2023/kg";"Sugar beet {CH}| production | Cut-off, S - Copied from Ecoinvent; World Bank, Inflation (annual %), 2024; No factor available; European Central Bank, Eurosystem, US dollar (USD), 2024"
"Swiss sugar low";"Switzerland";"Sugarbeet";"none";"Production";"Environment";"Stratospheric ozone depletion";"kg CFC11 eq";0.000000008668247997209728;0.0000005768820282029504;"Sugar";"Swiss sugar";"Sugar";"2021";"conventional";5.56;"yes";"none";"Rolex Centre";"False";"none";0;0;0.026121670431268066;0;0;"USD2023/kg";"Sugar beet {CH}| production | Cut-off, S - Copied from Ecoinvent; World Bank, Inflation (annual %), 2024; True Price, Monestisation factors for true pricing (2023); European Central Bank, Eurosystem, US dollar (USD), 2024"
"Swiss sugar low";"Switzerland";"Sugarbeet";"none";"Production";"Environment";"Terrestrial acidification";"kg SO2 eq";0.00000425918358863562;0.000023596658995651497;"Sugar";"Swiss sugar";"Sugar";"2021";"conventional";5.56;"yes";"none";"Rolex Centre";"False";"none";0;0;0.026121670431268066;0;0;"USD2023/kg";"Sugar beet {CH}| production | Cut-off, S - Copied from Ecoinvent; World Bank, Inflation (annual %), 2024; True Price, Monestisation factors for true pricing (2023); European Central Bank, Eurosystem, US dollar (USD), 2024"
"Swiss sugar low";"Switzerland";"Sugarbeet";"none";"Production";"Environment";"Terrestrial ecotoxicity";"kg 1,4-DCB";0.0006315677416028744;0.00000021778015977482244;"Sugar";"Swiss sugar";"Sugar";"2021";"conventional";5.56;"yes";"none";"Rolex Centre";"False";"none";0;0;0.026121670431268066;0;0;"USD2023/kg";"Sugar beet {CH}| production | Cut-off, S - Copied from Ecoinvent; World Bank, Inflation (annual %), 2024; True Price, Monestisation factors for true pricing (2023); European Central Bank, Eurosystem, US dollar (USD), 2024"
"Swiss sugar low";"Switzerland";"Sugarbeet";"none";"Production";"Environment";"Water consumption";"m3";0.000017719857792372477;0.000027088751611365044;"Sugar";"Swiss sugar";"Sugar";"2021";"conventional";5.56;"yes";"none";"Rolex Centre";"False";"none";0;0;0.026121670431268066;0;0;"USD2023/kg";"Sugar beet {CH}| production | Cut-off, S - Copied from Ecoinvent; World Bank, Inflation (annual %), 2024; True Price, Monestisation factors for true pricing (2023); European Central Bank, Eurosystem, US dollar (USD), 2024"
"Swiss sugar low";"Switzerland";"Sugarbeet";"none";"Processing, Sugar extraction";"Environment";"Fine particulate matter formation";"kg PM2.5 eq";0.0000008906938574449412;0.00009590105363213739;"Sugar";"Swiss sugar";"Sugar";"2021";"conventional";5.56;"no";"France";"Rolex Centre";"False";"none";0;0;0.026121670431268066;0;0;"USD2023/kg";"Extraction of sugar from beet, processing/FR U Misssing data at the country level, France has been used as a proxy; World Bank, Inflation (annual %), 2024; CE-Delft, Environmental Prices Handbook (2017); European Central Bank, Eurosystem, US dollar (USD), 2024"
"Swiss sugar low";"Switzerland";"Sugarbeet";"none";"Processing, Sugar extraction";"Environment";"Fossil resource scarcity";"kg oil eq";0.0003374649868331614;0.0001784282719466235;"Sugar";"Swiss sugar";"Sugar";"2021";"conventional";5.56;"no";"France";"Rolex Centre";"False";"none";0;0;0.026121670431268066;0;0;"USD2023/kg";"Extraction of sugar from beet, processing/FR U Misssing data at the country level, France has been used as a proxy; World Bank, Inflation (annual %), 2024; True Price, Monestisation factors for true pricing (2023); European Central Bank, Eurosystem, US dollar (USD), 2024"
"Swiss sugar low";"Switzerland";"Sugarbeet";"none";"Processing, Sugar extraction";"Environment";"Freshwater ecotoxicity";"kg 1,4-DCB";0.000018280381792182055;0.0000008761902873167552;"Sugar";"Swiss sugar";"Sugar";"2021";"conventional";5.56;"no";"France";"Rolex Centre";"False";"none";0;0;0.026121670431268066;0;0;"USD2023/kg";"Extraction of sugar from beet, processing/FR U Misssing data at the country level, France has been used as a proxy; World Bank, Inflation (annual %), 2024; True Price, Monestisation factors for true pricing (2023); European Central Bank, Eurosystem, US dollar (USD), 2024"
"Swiss sugar low";"Switzerland";"Sugarbeet";"none";"Processing, Sugar extraction";"Environment";"Freshwater eutrophication";"kg P eq";0.0000001926246734975595;0.000046273816442138176;"Sugar";"Swiss sugar";"Sugar";"2021";"conventional";5.56;"no";"France";"Rolex Centre";"False";"none";0;0;0.026121670431268066;0;0;"USD2023/kg";"Extraction of sugar from beet, processing/FR U Misssing data at the country level, France has been used as a proxy; World Bank, Inflation (annual %), 2024; True Price, Monestisation factors for true pricing (2023); European Central Bank, Eurosystem, US dollar (USD), 2024"
"Swiss sugar low";"Switzerland";"Sugarbeet";"none";"Processing, Sugar extraction";"Environment";"Global warming";"kg CO2 eq";0.0009630483660497804;0.00018043169166618756;"Sugar";"Swiss sugar";"Sugar";"2021";"conventional";5.56;"no";"France";"Rolex Centre";"False";"none";0;0;0.026121670431268066;0;0;"USD2023/kg";"Extraction of sugar from beet, processing/FR U Misssing data at the country level, France has been used as a proxy; World Bank, Inflation (annual %), 2024; True Price, Monestisation factors for true pricing (2023); European Central Bank, Eurosystem, US dollar (USD), 2024"
"Swiss sugar low";"Switzerland";"Sugarbeet";"none";"Processing, Sugar extraction";"Environment";"Human carcinogenic toxicity";"kg 1,4-DCB";0.000031745422547377054;0;"Sugar";"Swiss sugar";"Sugar";"2021";"conventional";5.56;"no";"France";"Rolex Centre";"False";"none";0;0;0.026121670431268066;0;0;"USD2023/kg";"Extraction of sugar from beet, processing/FR U Misssing data at the country level, France has been used as a proxy; World Bank, Inflation (annual %), 2024; No factor available; European Central Bank, Eurosystem, US dollar (USD), 2024"
"Swiss sugar low";"Switzerland";"Sugarbeet";"none";"Processing, Sugar extraction";"Environment";"Human non-carcinogenic toxicity";"kg 1,4-DCB";0.0009069527658987708;0;"Sugar";"Swiss sugar";"Sugar";"2021";"conventional";5.56;"no";"France";"Rolex Centre";"False";"none";0;0;0.026121670431268066;0;0;"USD2023/kg";"Extraction of sugar from beet, processing/FR U Misssing data at the country level, France has been used as a proxy; World Bank, Inflation (annual %), 2024; No factor available; European Central Bank, Eurosystem, US dollar (USD), 2024"
"Swiss sugar low";"Switzerland";"Sugarbeet";"none";"Processing, Sugar extraction";"Environment";"Ionizing radiation";"kBq Co-60 eq";0.00076942784051227;0;"Sugar";"Swiss sugar";"Sugar";"2021";"conventional";5.56;"no";"France";"Rolex Centre";"False";"none";0;0;0.026121670431268066;0;0;"USD2023/kg";"Extraction of sugar from beet, processing/FR U Misssing data at the country level, France has been used as a proxy; World Bank, Inflation (annual %), 2024; No factor available; European Central Bank, Eurosystem, US dollar (USD), 2024"
"Swiss sugar low";"Switzerland";"Sugarbeet";"none";"Processing, Sugar extraction";"Environment";"Land use";"m2a crop eq";0.000015966041242391598;0.0000019085682896931155;"Sugar";"Swiss sugar";"Sugar";"2021";"conventional";5.56;"no";"France";"Rolex Centre";"False";"none";0;0;0.026121670431268066;0;0;"USD2023/kg";"Extraction of sugar from beet, processing/FR U Misssing data at the country level, France has been used as a proxy; World Bank, Inflation (annual %), 2024; True Price, Monestisation factors for true pricing (2023); European Central Bank, Eurosystem, US dollar (USD), 2024"
"Swiss sugar low";"Switzerland";"Sugarbeet";"none";"Processing, Sugar extraction";"Environment";"Marine ecotoxicity";"kg 1,4-DCB";0.000025605609977873007;0.00000005591983030527023;"Sugar";"Swiss sugar";"Sugar";"2021";"conventional";5.56;"no";"France";"Rolex Centre";"False";"none";0;0;0.026121670431268066;0;0;"USD2023/kg";"Extraction of sugar from beet, processing/FR U Misssing data at the country level, France has been used as a proxy; World Bank, Inflation (annual %), 2024; True Price, Monestisation factors for true pricing (2023); European Central Bank, Eurosystem, US dollar (USD), 2024"
"Swiss sugar low";"Switzerland";"Sugarbeet";"none";"Processing, Sugar extraction";"Environment";"Marine eutrophication";"kg N eq";0.000000411187201883749;0.00000685306275722112;"Sugar";"Swiss sugar";"Sugar";"2021";"conventional";5.56;"no";"France";"Rolex Centre";"False";"none";0;0;0.026121670431268066;0;0;"USD2023/kg";"Extraction of sugar from beet, processing/FR U Misssing data at the country level, France has been used as a proxy; World Bank, Inflation (annual %), 2024; True Price, Monestisation factors for true pricing (2023); European Central Bank, Eurosystem, US dollar (USD), 2024"
"Swiss sugar low";"Switzerland";"Sugarbeet";"none";"Processing, Sugar extraction";"Environment";"Mineral resource scarcity";"kg Cu eq";0.000003411184477190275;0.0000008743537712624155;"Sugar";"Swiss sugar";"Sugar";"2021";"conventional";5.56;"no";"France";"Rolex Centre";"False";"none";0;0;0.026121670431268066;0;0;"USD2023/kg";"Extraction of sugar from beet, processing/FR U Misssing data at the country level, France has been used as a proxy; World Bank, Inflation (annual %), 2024; True Price, Monestisation factors for true pricing (2023); European Central Bank, Eurosystem, US dollar (USD), 2024"
"Swiss sugar low";"Switzerland";"Sugarbeet";"none";"Processing, Sugar extraction";"Environment";"Ozone formation, Human health";"kg NOx eq";0.0000018939969256754175;0;"Sugar";"Swiss sugar";"Sugar";"2021";"conventional";5.56;"no";"France";"Rolex Centre";"False";"none";0;0;0.026121670431268066;0;0;"USD2023/kg";"Extraction of sugar from beet, processing/FR U Misssing data at the country level, France has been used as a proxy; World Bank, Inflation (annual %), 2024; No factor available; European Central Bank, Eurosystem, US dollar (USD), 2024"
"Swiss sugar low";"Switzerland";"Sugarbeet";"none";"Processing, Sugar extraction";"Environment";"Ozone formation, Terrestrial ecosystems";"kg NOx eq";0.000001944899549955178;0;"Sugar";"Swiss sugar";"Sugar";"2021";"conventional";5.56;"no";"France";"Rolex Centre";"False";"none";0;0;0.026121670431268066;0;0;"USD2023/kg";"Extraction of sugar from beet, processing/FR U Misssing data at the country level, France has been used as a proxy; World Bank, Inflation (annual %), 2024; No factor available; European Central Bank, Eurosystem, US dollar (USD), 2024"
"Swiss sugar low";"Switzerland";"Sugarbeet";"none";"Processing, Sugar extraction";"Environment";"Stratospheric ozone depletion";"kg CFC11 eq";0.0000000005469765104182018;0.00000003640192560376626;"Sugar";"Swiss sugar";"Sugar";"2021";"conventional";5.56;"no";"France";"Rolex Centre";"False";"none";0;0;0.026121670431268066;0;0;"USD2023/kg";"Extraction of sugar from beet, processing/FR U Misssing data at the country level, France has been used as a proxy; World Bank, Inflation (annual %), 2024; True Price, Monestisation factors for true pricing (2023); European Central Bank, Eurosystem, US dollar (USD), 2024"
"Swiss sugar low";"Switzerland";"Sugarbeet";"none";"Processing, Sugar extraction";"Environment";"Terrestrial acidification";"kg SO2 eq";0.000002020506678359027;0.000011193977929217956;"Sugar";"Swiss sugar";"Sugar";"2021";"conventional";5.56;"no";"France";"Rolex Centre";"False";"none";0;0;0.026121670431268066;0;0;"USD2023/kg";"Extraction of sugar from beet, processing/FR U Misssing data at the country level, France has been used as a proxy; World Bank, Inflation (annual %), 2024; True Price, Monestisation factors for true pricing (2023); European Central Bank, Eurosystem, US dollar (USD), 2024"
"Swiss sugar low";"Switzerland";"Sugarbeet";"none";"Processing, Sugar extraction";"Environment";"Terrestrial ecotoxicity";"kg 1,4-DCB";0.00140609863421943;0.0000004848575458307946;"Sugar";"Swiss sugar";"Sugar";"2021";"conventional";5.56;"no";"France";"Rolex Centre";"False";"none";0;0;0.026121670431268066;0;0;"USD2023/kg";"Extraction of sugar from beet, processing/FR U Misssing data at the country level, France has been used as a proxy; World Bank, Inflation (annual %), 2024; True Price, Monestisation factors for true pricing (2023); European Central Bank, Eurosystem, US dollar (USD), 2024"
"Swiss sugar low";"Switzerland";"Sugarbeet";"none";"Processing, Sugar extraction";"Environment";"Water consumption";"m3";-0.00003658748510173207;-0.0000559321247167098;"Sugar";"Swiss sugar";"Sugar";"2021";"conventional";5.56;"no";"France";"Rolex Centre";"False";"none";0;0;0.026121670431268066;0;0;"USD2023/kg";"Extraction of sugar from beet, processing/FR U Misssing data at the country level, France has been used as a proxy; World Bank, Inflation (annual %), 2024; True Price, Monestisation factors for true pricing (2023); European Central Bank, Eurosystem, US dollar (USD), 2024"
"Swiss sugar low";"Europe";"Sugarbeet";"none";"Transport, Field to Storage";"Environment";"Agricultural land occupation";"m2a";0.0000020356555597419912;0;"Sugar";"Swiss sugar";"Sugar";"2021";"conventional";5.56;"country-specific";"Europe";"Rolex Centre";"False";"none";0;0;0.026121670431268066;0;0;"USD2023/kg";"Road; transport, freight, lorry 16-32 metric ton, EURO6 (200); World Bank, Inflation (annual %), 2024; No factor available; European Central Bank, Eurosystem, US dollar (USD), 2024"
"Swiss sugar low";"Europe";"Sugarbeet";"none";"Transport, Field to Storage";"Environment";"Global warming";"kg CO2 eq";0.00026907676121463834;0.00005041281095066666;"Sugar";"Swiss sugar";"Sugar";"2021";"conventional";5.56;"country-specific";"Europe";"Rolex Centre";"False";"none";0;0;0.026121670431268066;0;0;"USD2023/kg";"Road; transport, freight, lorry 16-32 metric ton, EURO6 (200); World Bank, Inflation (annual %), 2024; True Price, Monestisation factors for true pricing (2023); European Central Bank, Eurosystem, US dollar (USD), 2024"
"Swiss sugar low";"Europe";"Sugarbeet";"none";"Transport, Field to Storage";"Environment";"Fossil resource scarcity";"kg oil eq";0.00010200348811515759;0.000053932428035603975;"Sugar";"Swiss sugar";"Sugar";"2021";"conventional";5.56;"country-specific";"Europe";"Rolex Centre";"False";"none";0;0;0.026121670431268066;0;0;"USD2023/kg";"Road; transport, freight, lorry 16-32 metric ton, EURO6 (200); World Bank, Inflation (annual %), 2024; True Price, Monestisation factors for true pricing (2023); European Central Bank, Eurosystem, US dollar (USD), 2024"
"Swiss sugar low";"Europe";"Sugarbeet";"none";"Transport, Field to Storage";"Environment";"Freshwater ecotoxicity";"kg 1,4-DCB";0.0000020353310568249396;0.00000009755470775926773;"Sugar";"Swiss sugar";"Sugar";"2021";"conventional";5.56;"country-specific";"Europe";"Rolex Centre";"False";"none";0;0;0.026121670431268066;0;0;"USD2023/kg";"Road; transport, freight, lorry 16-32 metric ton, EURO6 (200); World Bank, Inflation (annual %), 2024; True Price, Monestisation factors for true pricing (2023); European Central Bank, Eurosystem, US dollar (USD), 2024"
"Swiss sugar low";"Europe";"Sugarbeet";"none";"Transport, Field to Storage";"Environment";"Freshwater eutrophication";"kg P eq";0.000000017940497439314614;0.000004309807618690201;"Sugar";"Swiss sugar";"Sugar";"2021";"conventional";5.56;"country-specific";"Europe";"Rolex Centre";"False";"none";0;0;0.026121670431268066;0;0;"USD2023/kg";"Road; transport, freight, lorry 16-32 metric ton, EURO6 (200); World Bank, Inflation (annual %), 2024; True Price, Monestisation factors for true pricing (2023); European Central Bank, Eurosystem, US dollar (USD), 2024"
"Swiss sugar low";"Europe";"Sugarbeet";"none";"Transport, Field to Storage";"Environment";"Human toxicity";"kg 1,4-DCB";0.00007325604453438027;0;"Sugar";"Swiss sugar";"Sugar";"2021";"conventional";5.56;"country-specific";"Europe";"Rolex Centre";"False";"none";0;0;0.026121670431268066;0;0;"USD2023/kg";"Road; transport, freight, lorry 16-32 metric ton, EURO6 (200); World Bank, Inflation (annual %), 2024; No factor available; European Central Bank, Eurosystem, US dollar (USD), 2024"
"Swiss sugar low";"Europe";"Sugarbeet";"none";"Transport, Field to Storage";"Environment";"Ionising radiation";"kg U235-Eq";0.000021234468615220952;0.0000013602863210870948;"Sugar";"Swiss sugar";"Sugar";"2021";"conventional";5.56;"country-specific";"Europe";"Rolex Centre";"False";"none";0;0;0.026121670431268066;0;0;"USD2023/kg";"Road; transport, freight, lorry 16-32 metric ton, EURO6 (200); World Bank, Inflation (annual %), 2024; CE-Delft, Environmental Prices Handbook (2017); European Central Bank, Eurosystem, US dollar (USD), 2024"
"Swiss sugar low";"Europe";"Sugarbeet";"none";"Transport, Field to Storage";"Environment";"Marine ecotoxicity";"kg 1,4-DCB";0.0000026161939938433053;0.000000005713479362835212;"Sugar";"Swiss sugar";"Sugar";"2021";"conventional";5.56;"country-specific";"Europe";"Rolex Centre";"False";"none";0;0;0.026121670431268066;0;0;"USD2023/kg";"Road; transport, freight, lorry 16-32 metric ton, EURO6 (200); World Bank, Inflation (annual %), 2024; True Price, Monestisation factors for true pricing (2023); European Central Bank, Eurosystem, US dollar (USD), 2024"
"Swiss sugar low";"Europe";"Sugarbeet";"none";"Transport, Field to Storage";"Environment";"Marine eutrophication";"kg N eq";0.00000015770737368496275;0.0000026284342610574015;"Sugar";"Swiss sugar";"Sugar";"2021";"conventional";5.56;"country-specific";"Europe";"Rolex Centre";"False";"none";0;0;0.026121670431268066;0;0;"USD2023/kg";"Road; transport, freight, lorry 16-32 metric ton, EURO6 (200); World Bank, Inflation (annual %), 2024; True Price, Monestisation factors for true pricing (2023); European Central Bank, Eurosystem, US dollar (USD), 2024"
"Swiss sugar low";"Europe";"Sugarbeet";"none";"Transport, Field to Storage";"Environment";"Metal depletion";"kg Fe eq";0.00001056711019500066;0;"Sugar";"Swiss sugar";"Sugar";"2021";"conventional";5.56;"country-specific";"Europe";"Rolex Centre";"False";"none";0;0;0.026121670431268066;0;0;"USD2023/kg";"Road; transport, freight, lorry 16-32 metric ton, EURO6 (200); World Bank, Inflation (annual %), 2024; No factor available; European Central Bank, Eurosystem, US dollar (USD), 2024"
"Swiss sugar low";"Europe";"Sugarbeet";"none";"Transport, Field to Storage";"Environment";"Natural land transformation";"m2";0.00000010452870799057473;0;"Sugar";"Swiss sugar";"Sugar";"2021";"conventional";5.56;"country-specific";"Europe";"Rolex Centre";"False";"none";0;0;0.026121670431268066;0;0;"USD2023/kg";"Road; transport, freight, lorry 16-32 metric ton, EURO6 (200); World Bank, Inflation (annual %), 2024; No factor available; European Central Bank, Eurosystem, US dollar (USD), 2024"
"Swiss sugar low";"Europe";"Sugarbeet";"none";"Transport, Field to Storage";"Environment";"Stratospheric ozone depletion";"kg CFC11 eq";0.000000000049906751296797106;0.0000000033213525868646137;"Sugar";"Swiss sugar";"Sugar";"2021";"conventional";5.56;"country-specific";"Europe";"Rolex Centre";"False";"none";0;0;0.026121670431268066;0;0;"USD2023/kg";"Road; transport, freight, lorry 16-32 metric ton, EURO6 (200); World Bank, Inflation (annual %), 2024; True Price, Monestisation factors for true pricing (2023); European Central Bank, Eurosystem, US dollar (USD), 2024"
"Swiss sugar low";"Europe";"Sugarbeet";"none";"Transport, Field to Storage";"Environment";"Fine particulate matter formation";"kg PM10 eq";0.00000035468272948420453;0;"Sugar";"Swiss sugar";"Sugar";"2021";"conventional";5.56;"country-specific";"Europe";"Rolex Centre";"False";"none";0;0;0.026121670431268066;0;0;"USD2023/kg";"Road; transport, freight, lorry 16-32 metric ton, EURO6 (200); World Bank, Inflation (annual %), 2024; No factor available; European Central Bank, Eurosystem, US dollar (USD), 2024"
"Swiss sugar low";"Europe";"Sugarbeet";"none";"Transport, Field to Storage";"Environment";"Photochemical oxidant formation";"kg NMVOC";0.0000006569865048508624;0.0000022855387786876813;"Sugar";"Swiss sugar";"Sugar";"2021";"conventional";5.56;"country-specific";"Europe";"Rolex Centre";"False";"none";0;0;0.026121670431268066;0;0;"USD2023/kg";"Road; transport, freight, lorry 16-32 metric ton, EURO6 (200); World Bank, Inflation (annual %), 2024; True Price, Monestisation factors for true pricing (2023); European Central Bank, Eurosystem, US dollar (USD), 2024"
"Swiss sugar low";"Europe";"Sugarbeet";"none";"Transport, Field to Storage";"Environment";"Terrestrial acidification";"kg SO2 eq";0.0000005874014292477142;0.0000032543117550743423;"Sugar";"Swiss sugar";"Sugar";"2021";"conventional";5.56;"country-specific";"Europe";"Rolex Centre";"False";"none";0;0;0.026121670431268066;0;0;"USD2023/kg";"Road; transport, freight, lorry 16-32 metric ton, EURO6 (200); World Bank, Inflation (annual %), 2024; True Price, Monestisation factors for true pricing (2023); European Central Bank, Eurosystem, US dollar (USD), 2024"
"Swiss sugar low";"Europe";"Sugarbeet";"none";"Transport, Field to Storage";"Environment";"Terrestrial ecotoxicity";"kg 1,4-DCB";0.00000013361659136597032;0.00000000004607430161394384;"Sugar";"Swiss sugar";"Sugar";"2021";"conventional";5.56;"country-specific";"Europe";"Rolex Centre";"False";"none";0;0;0.026121670431268066;0;0;"USD2023/kg";"Road; transport, freight, lorry 16-32 metric ton, EURO6 (200); World Bank, Inflation (annual %), 2024; True Price, Monestisation factors for true pricing (2023); European Central Bank, Eurosystem, US dollar (USD), 2024"
"Swiss sugar low";"Europe";"Sugarbeet";"none";"Transport, Field to Storage";"Environment";"Urban land occupation";"m2a";0.000015003451227593898;0.0000007111922377254249;"Sugar";"Swiss sugar";"Sugar";"2021";"conventional";5.56;"country-specific";"Europe";"Rolex Centre";"False";"none";0;0;0.026121670431268066;0;0;"USD2023/kg";"Road; transport, freight, lorry 16-32 metric ton, EURO6 (200); World Bank, Inflation (annual %), 2024; CE-Delft, Environmental Prices Handbook (2017); European Central Bank, Eurosystem, US dollar (USD), 2024"
"Swiss sugar low";"Europe";"Sugarbeet";"none";"Transport, Field to Storage";"Environment";"Water consumption";"m3";0.00000020417809341729135;0.00000031213171809109476;"Sugar";"Swiss sugar";"Sugar";"2021";"conventional";5.56;"country-specific";"Europe";"Rolex Centre";"False";"none";0;0;0.026121670431268066;0;0;"USD2023/kg";"Road; transport, freight, lorry 16-32 metric ton, EURO6 (200); World Bank, Inflation (annual %), 2024; True Price, Monestisation factors for true pricing (2023); European Central Bank, Eurosystem, US dollar (USD), 2024"
"Swiss sugar low";"Europe";"Sugarbeet";"none";"Transport, Storage-to-Port";"Environment";"Agricultural land occupation";"m2a";0.000000384431355706671;0;"Sugar";"Swiss sugar";"Sugar";"2021";"conventional";1;"country-specific";"Europe";"Rolex Centre";"False";"none";0;0;0.026121670431268066;0;0;"USD2023/kg";"Road; transport, freight, lorry 16-32 metric ton, EURO6 (210); World Bank, Inflation (annual %), 2024; No factor available; European Central Bank, Eurosystem, US dollar (USD), 2024"
"Swiss sugar low";"Europe";"Sugarbeet";"none";"Transport, Storage-to-Port";"Environment";"Global warming";"kg CO2 eq";0.000050814855984778825;0.000009520404945719423;"Sugar";"Swiss sugar";"Sugar";"2021";"conventional";1;"country-specific";"Europe";"Rolex Centre";"False";"none";0;0;0.026121670431268066;0;0;"USD2023/kg";"Road; transport, freight, lorry 16-32 metric ton, EURO6 (210); World Bank, Inflation (annual %), 2024; True Price, Monestisation factors for true pricing (2023); European Central Bank, Eurosystem, US dollar (USD), 2024"
"Swiss sugar low";"Europe";"Sugarbeet";"none";"Transport, Storage-to-Port";"Environment";"Fossil resource scarcity";"kg oil eq";0.000019263248654840914;0.000010185080834061902;"Sugar";"Swiss sugar";"Sugar";"2021";"conventional";1;"country-specific";"Europe";"Rolex Centre";"False";"none";0;0;0.026121670431268066;0;0;"USD2023/kg";"Road; transport, freight, lorry 16-32 metric ton, EURO6 (210); World Bank, Inflation (annual %), 2024; True Price, Monestisation factors for true pricing (2023); European Central Bank, Eurosystem, US dollar (USD), 2024"
"Swiss sugar low";"Europe";"Sugarbeet";"none";"Transport, Storage-to-Port";"Environment";"Freshwater ecotoxicity";"kg 1,4-DCB";0.00000038437007368096885;0.000000018423101285473223;"Sugar";"Swiss sugar";"Sugar";"2021";"conventional";1;"country-specific";"Europe";"Rolex Centre";"False";"none";0;0;0.026121670431268066;0;0;"USD2023/kg";"Road; transport, freight, lorry 16-32 metric ton, EURO6 (210); World Bank, Inflation (annual %), 2024; True Price, Monestisation factors for true pricing (2023); European Central Bank, Eurosystem, US dollar (USD), 2024"
"Swiss sugar low";"Europe";"Sugarbeet";"none";"Transport, Storage-to-Port";"Environment";"Freshwater eutrophication";"kg P eq";0.0000000033880435811655294;0.0000008139025179181134;"Sugar";"Swiss sugar";"Sugar";"2021";"conventional";1;"country-specific";"Europe";"Rolex Centre";"False";"none";0;0;0.026121670431268066;0;0;"USD2023/kg";"Road; transport, freight, lorry 16-32 metric ton, EURO6 (210); World Bank, Inflation (annual %), 2024; True Price, Monestisation factors for true pricing (2023); European Central Bank, Eurosystem, US dollar (USD), 2024"
"Swiss sugar low";"Europe";"Sugarbeet";"none";"Transport, Storage-to-Port";"Environment";"Human toxicity";"kg 1,4-DCB";0.00001383432495703225;0;"Sugar";"Swiss sugar";"Sugar";"2021";"conventional";1;"country-specific";"Europe";"Rolex Centre";"False";"none";0;0;0.026121670431268066;0;0;"USD2023/kg";"Road; transport, freight, lorry 16-32 metric ton, EURO6 (210); World Bank, Inflation (annual %), 2024; No factor available; European Central Bank, Eurosystem, US dollar (USD), 2024"
"Swiss sugar low";"Europe";"Sugarbeet";"none";"Transport, Storage-to-Port";"Environment";"Ionising radiation";"kg U235-Eq";0.000004010106483090288;0.000000256888603802419;"Sugar";"Swiss sugar";"Sugar";"2021";"conventional";1;"country-specific";"Europe";"Rolex Centre";"False";"none";0;0;0.026121670431268066;0;0;"USD2023/kg";"Road; transport, freight, lorry 16-32 metric ton, EURO6 (210); World Bank, Inflation (annual %), 2024; CE-Delft, Environmental Prices Handbook (2017); European Central Bank, Eurosystem, US dollar (USD), 2024"
"Swiss sugar low";"Europe";"Sugarbeet";"none";"Transport, Storage-to-Port";"Environment";"Marine ecotoxicity";"kg 1,4-DCB";0.0000004940654125063797;0.0000000010789844120462181;"Sugar";"Swiss sugar";"Sugar";"2021";"conventional";1;"country-specific";"Europe";"Rolex Centre";"False";"none";0;0;0.026121670431268066;0;0;"USD2023/kg";"Road; transport, freight, lorry 16-32 metric ton, EURO6 (210); World Bank, Inflation (annual %), 2024; True Price, Monestisation factors for true pricing (2023); European Central Bank, Eurosystem, US dollar (USD), 2024"
"Swiss sugar low";"Europe";"Sugarbeet";"none";"Transport, Storage-to-Port";"Environment";"Marine eutrophication";"kg N eq";0.000000029782867332591887;0.0000004963769737608402;"Sugar";"Swiss sugar";"Sugar";"2021";"conventional";1;"country-specific";"Europe";"Rolex Centre";"False";"none";0;0;0.026121670431268066;0;0;"USD2023/kg";"Road; transport, freight, lorry 16-32 metric ton, EURO6 (210); World Bank, Inflation (annual %), 2024; True Price, Monestisation factors for true pricing (2023); European Central Bank, Eurosystem, US dollar (USD), 2024"
"Swiss sugar low";"Europe";"Sugarbeet";"none";"Transport, Storage-to-Port";"Environment";"Metal depletion";"kg Fe eq";0.0000019955873569695494;0;"Sugar";"Swiss sugar";"Sugar";"2021";"conventional";1;"country-specific";"Europe";"Rolex Centre";"False";"none";0;0;0.026121670431268066;0;0;"USD2023/kg";"Road; transport, freight, lorry 16-32 metric ton, EURO6 (210); World Bank, Inflation (annual %), 2024; No factor available; European Central Bank, Eurosystem, US dollar (USD), 2024"
"Swiss sugar low";"Europe";"Sugarbeet";"none";"Transport, Storage-to-Port";"Environment";"Natural land transformation";"m2";0.000000019740133703256022;0;"Sugar";"Swiss sugar";"Sugar";"2021";"conventional";1;"country-specific";"Europe";"Rolex Centre";"False";"none";0;0;0.026121670431268066;0;0;"USD2023/kg";"Road; transport, freight, lorry 16-32 metric ton, EURO6 (210); World Bank, Inflation (annual %), 2024; No factor available; European Central Bank, Eurosystem, US dollar (USD), 2024"
"Swiss sugar low";"Europe";"Sugarbeet";"none";"Transport, Storage-to-Port";"Environment";"Stratospheric ozone depletion";"kg CFC11 eq";0.000000000009424836126193698;0.0000000006272338518359433;"Sugar";"Swiss sugar";"Sugar";"2021";"conventional";1;"country-specific";"Europe";"Rolex Centre";"False";"none";0;0;0.026121670431268066;0;0;"USD2023/kg";"Road; transport, freight, lorry 16-32 metric ton, EURO6 (210); World Bank, Inflation (annual %), 2024; True Price, Monestisation factors for true pricing (2023); European Central Bank, Eurosystem, US dollar (USD), 2024"
"Swiss sugar low";"Europe";"Sugarbeet";"none";"Transport, Storage-to-Port";"Environment";"Fine particulate matter formation";"kg PM10 eq";0.0000000669814507119451;0;"Sugar";"Swiss sugar";"Sugar";"2021";"conventional";1;"country-specific";"Europe";"Rolex Centre";"False";"none";0;0;0.026121670431268066;0;0;"USD2023/kg";"Road; transport, freight, lorry 16-32 metric ton, EURO6 (210); World Bank, Inflation (annual %), 2024; No factor available; European Central Bank, Eurosystem, US dollar (USD), 2024"
"Swiss sugar low";"Europe";"Sugarbeet";"none";"Transport, Storage-to-Port";"Environment";"Photochemical oxidant formation";"kg NMVOC";0.00000012407119246284274;0.0000004316215319464147;"Sugar";"Swiss sugar";"Sugar";"2021";"conventional";1;"country-specific";"Europe";"Rolex Centre";"False";"none";0;0;0.026121670431268066;0;0;"USD2023/kg";"Road; transport, freight, lorry 16-32 metric ton, EURO6 (210); World Bank, Inflation (annual %), 2024; True Price, Monestisation factors for true pricing (2023); European Central Bank, Eurosystem, US dollar (USD), 2024"
"Swiss sugar low";"Europe";"Sugarbeet";"none";"Transport, Storage-to-Port";"Environment";"Terrestrial acidification";"kg SO2 eq";0.0000001109301260269964;0.0000006145732630985719;"Sugar";"Swiss sugar";"Sugar";"2021";"conventional";1;"country-specific";"Europe";"Rolex Centre";"False";"none";0;0;0.026121670431268066;0;0;"USD2023/kg";"Road; transport, freight, lorry 16-32 metric ton, EURO6 (210); World Bank, Inflation (annual %), 2024; True Price, Monestisation factors for true pricing (2023); European Central Bank, Eurosystem, US dollar (USD), 2024"
"Swiss sugar low";"Europe";"Sugarbeet";"none";"Transport, Storage-to-Port";"Environment";"Terrestrial ecotoxicity";"kg 1,4-DCB";0.000000025233349088897273;0.000000000008701082139323928;"Sugar";"Swiss sugar";"Sugar";"2021";"conventional";1;"country-specific";"Europe";"Rolex Centre";"False";"none";0;0;0.026121670431268066;0;0;"USD2023/kg";"Road; transport, freight, lorry 16-32 metric ton, EURO6 (210); World Bank, Inflation (annual %), 2024; True Price, Monestisation factors for true pricing (2023); European Central Bank, Eurosystem, US dollar (USD), 2024"
"Swiss sugar low";"Europe";"Sugarbeet";"none";"Transport, Storage-to-Port";"Environment";"Urban land occupation";"m2a";0.000002833385573556402;0.00000013430788662080868;"Sugar";"Swiss sugar";"Sugar";"2021";"conventional";1;"country-specific";"Europe";"Rolex Centre";"False";"none";0;0;0.026121670431268066;0;0;"USD2023/kg";"Road; transport, freight, lorry 16-32 metric ton, EURO6 (210); World Bank, Inflation (annual %), 2024; CE-Delft, Environmental Prices Handbook (2017); European Central Bank, Eurosystem, US dollar (USD), 2024"
"Swiss sugar low";"Europe";"Sugarbeet";"none";"Transport, Storage-to-Port";"Environment";"Water consumption";"m3";0.000000038558812605783446;0.00000005894573812871394;"Sugar";"Swiss sugar";"Sugar";"2021";"conventional";1;"country-specific";"Europe";"Rolex Centre";"False";"none";0;0;0.026121670431268066;0;0;"USD2023/kg";"Road; transport, freight, lorry 16-32 metric ton, EURO6 (210); World Bank, Inflation (annual %), 2024; True Price, Monestisation factors for true pricing (2023); European Central Bank, Eurosystem, US dollar (USD), 2024"
"Swiss sugar low";"Switzerland";"Sugarbeet";"none";"Transport, Manufacture-to-Retail";"Environment";"Agricultural land occupation";"m2a";0.0000006908797271800253;0;"Sugar";"Swiss sugar";"Sugar";"2021";"conventional";1;"country-specific";"Switzerland";"Rolex Centre";"False";"none";0;0;0.026121670431268066;0;0;"USD2023/kg";"Road; transport, freight, light commercial vehicle (35); World Bank, Inflation (annual %), 2024; No factor available; European Central Bank, Eurosystem, US dollar (USD), 2024"
"Swiss sugar low";"Switzerland";"Sugarbeet";"none";"Transport, Manufacture-to-Retail";"Environment";"Global warming";"kg CO2 eq";0.00007454899769214555;0.000013967109274880638;"Sugar";"Swiss sugar";"Sugar";"2021";"conventional";1;"country-specific";"Switzerland";"Rolex Centre";"False";"none";0;0;0.026121670431268066;0;0;"USD2023/kg";"Road; transport, freight, light commercial vehicle (35); World Bank, Inflation (annual %), 2024; True Price, Monestisation factors for true pricing (2023); European Central Bank, Eurosystem, US dollar (USD), 2024"
"Swiss sugar low";"Switzerland";"Sugarbeet";"none";"Transport, Manufacture-to-Retail";"Environment";"Fossil resource scarcity";"kg oil eq";0.00002719291382759884;0.000014377742322200279;"Sugar";"Swiss sugar";"Sugar";"2021";"conventional";1;"country-specific";"Switzerland";"Rolex Centre";"False";"none";0;0;0.026121670431268066;0;0;"USD2023/kg";"Road; transport, freight, light commercial vehicle (35); World Bank, Inflation (annual %), 2024; True Price, Monestisation factors for true pricing (2023); European Central Bank, Eurosystem, US dollar (USD), 2024"
"Swiss sugar low";"Switzerland";"Sugarbeet";"none";"Transport, Manufacture-to-Retail";"Environment";"Freshwater ecotoxicity";"kg 1,4-DCB";0.000002216251630801614;0.00000010622634555634749;"Sugar";"Swiss sugar";"Sugar";"2021";"conventional";1;"country-specific";"Switzerland";"Rolex Centre";"False";"none";0;0;0.026121670431268066;0;0;"USD2023/kg";"Road; transport, freight, light commercial vehicle (35); World Bank, Inflation (annual %), 2024; True Price, Monestisation factors for true pricing (2023); European Central Bank, Eurosystem, US dollar (USD), 2024"
"Swiss sugar low";"Switzerland";"Sugarbeet";"none";"Transport, Manufacture-to-Retail";"Environment";"Freshwater eutrophication";"kg P eq";0.000000009636184063949363;0.000002314880043565651;"Sugar";"Swiss sugar";"Sugar";"2021";"conventional";1;"country-specific";"Switzerland";"Rolex Centre";"False";"none";0;0;0.026121670431268066;0;0;"USD2023/kg";"Road; transport, freight, light commercial vehicle (35); World Bank, Inflation (annual %), 2024; True Price, Monestisation factors for true pricing (2023); European Central Bank, Eurosystem, US dollar (USD), 2024"
"Swiss sugar low";"Switzerland";"Sugarbeet";"none";"Transport, Manufacture-to-Retail";"Environment";"Human toxicity";"kg 1,4-DCB";0.000017429070332986358;0;"Sugar";"Swiss sugar";"Sugar";"2021";"conventional";1;"country-specific";"Switzerland";"Rolex Centre";"False";"none";0;0;0.026121670431268066;0;0;"USD2023/kg";"Road; transport, freight, light commercial vehicle (35); World Bank, Inflation (annual %), 2024; No factor available; European Central Bank, Eurosystem, US dollar (USD), 2024"
"Swiss sugar low";"Switzerland";"Sugarbeet";"none";"Transport, Manufacture-to-Retail";"Environment";"Ionising radiation";"kg U235-Eq";0.000007197619159019782;0.0000004610816057525879;"Sugar";"Swiss sugar";"Sugar";"2021";"conventional";1;"country-specific";"Switzerland";"Rolex Centre";"False";"none";0;0;0.026121670431268066;0;0;"USD2023/kg";"Road; transport, freight, light commercial vehicle (35); World Bank, Inflation (annual %), 2024; CE-Delft, Environmental Prices Handbook (2017); European Central Bank, Eurosystem, US dollar (USD), 2024"
"Swiss sugar low";"Switzerland";"Sugarbeet";"none";"Transport, Manufacture-to-Retail";"Environment";"Marine ecotoxicity";"kg 1,4-DCB";0.0000020240642171838637;0.0000000044203331867391545;"Sugar";"Swiss sugar";"Sugar";"2021";"conventional";1;"country-specific";"Switzerland";"Rolex Centre";"False";"none";0;0;0.026121670431268066;0;0;"USD2023/kg";"Road; transport, freight, light commercial vehicle (35); World Bank, Inflation (annual %), 2024; True Price, Monestisation factors for true pricing (2023); European Central Bank, Eurosystem, US dollar (USD), 2024"
"Swiss sugar low";"Switzerland";"Sugarbeet";"none";"Transport, Manufacture-to-Retail";"Environment";"Marine eutrophication";"kg N eq";0.00000011981959571193046;0.0000019969765722204376;"Sugar";"Swiss sugar";"Sugar";"2021";"conventional";1;"country-specific";"Switzerland";"Rolex Centre";"False";"none";0;0;0.026121670431268066;0;0;"USD2023/kg";"Road; transport, freight, light commercial vehicle (35); World Bank, Inflation (annual %), 2024; True Price, Monestisation factors for true pricing (2023); European Central Bank, Eurosystem, US dollar (USD), 2024"
"Swiss sugar low";"Switzerland";"Sugarbeet";"none";"Transport, Manufacture-to-Retail";"Environment";"Metal depletion";"kg Fe eq";0.0000065498580263556824;0;"Sugar";"Swiss sugar";"Sugar";"2021";"conventional";1;"country-specific";"Switzerland";"Rolex Centre";"False";"none";0;0;0.026121670431268066;0;0;"USD2023/kg";"Road; transport, freight, light commercial vehicle (35); World Bank, Inflation (annual %), 2024; No factor available; European Central Bank, Eurosystem, US dollar (USD), 2024"
"Swiss sugar low";"Switzerland";"Sugarbeet";"none";"Transport, Manufacture-to-Retail";"Environment";"Natural land transformation";"m2";0.000000027041883771960855;0;"Sugar";"Swiss sugar";"Sugar";"2021";"conventional";1;"country-specific";"Switzerland";"Rolex Centre";"False";"none";0;0;0.026121670431268066;0;0;"USD2023/kg";"Road; transport, freight, light commercial vehicle (35); World Bank, Inflation (annual %), 2024; No factor available; European Central Bank, Eurosystem, US dollar (USD), 2024"
"Swiss sugar low";"Switzerland";"Sugarbeet";"none";"Transport, Manufacture-to-Retail";"Environment";"Stratospheric ozone depletion";"kg CFC11 eq";0.00000000001290233733830265;0.0000000008586656190125848;"Sugar";"Swiss sugar";"Sugar";"2021";"conventional";1;"country-specific";"Switzerland";"Rolex Centre";"False";"none";0;0;0.026121670431268066;0;0;"USD2023/kg";"Road; transport, freight, light commercial vehicle (35); World Bank, Inflation (annual %), 2024; True Price, Monestisation factors for true pricing (2023); European Central Bank, Eurosystem, US dollar (USD), 2024"
"Swiss sugar low";"Switzerland";"Sugarbeet";"none";"Transport, Manufacture-to-Retail";"Environment";"Fine particulate matter formation";"kg PM10 eq";0.00000012722416077672368;0;"Sugar";"Swiss sugar";"Sugar";"2021";"conventional";1;"country-specific";"Switzerland";"Rolex Centre";"False";"none";0;0;0.026121670431268066;0;0;"USD2023/kg";"Road; transport, freight, light commercial vehicle (35); World Bank, Inflation (annual %), 2024; No factor available; European Central Bank, Eurosystem, US dollar (USD), 2024"
"Swiss sugar low";"Switzerland";"Sugarbeet";"none";"Transport, Manufacture-to-Retail";"Environment";"Photochemical oxidant formation";"kg NMVOC";0.0000004519841302190739;0.0000015723721101419212;"Sugar";"Swiss sugar";"Sugar";"2021";"conventional";1;"country-specific";"Switzerland";"Rolex Centre";"False";"none";0;0;0.026121670431268066;0;0;"USD2023/kg";"Road; transport, freight, light commercial vehicle (35); World Bank, Inflation (annual %), 2024; True Price, Monestisation factors for true pricing (2023); European Central Bank, Eurosystem, US dollar (USD), 2024"
"Swiss sugar low";"Switzerland";"Sugarbeet";"none";"Transport, Manufacture-to-Retail";"Environment";"Terrestrial acidification";"kg SO2 eq";0.00000030045115009388694;0.0000016645545293077724;"Sugar";"Swiss sugar";"Sugar";"2021";"conventional";1;"country-specific";"Switzerland";"Rolex Centre";"False";"none";0;0;0.026121670431268066;0;0;"USD2023/kg";"Road; transport, freight, light commercial vehicle (35); World Bank, Inflation (annual %), 2024; True Price, Monestisation factors for true pricing (2023); European Central Bank, Eurosystem, US dollar (USD), 2024"
"Swiss sugar low";"Switzerland";"Sugarbeet";"none";"Transport, Manufacture-to-Retail";"Environment";"Terrestrial ecotoxicity";"kg 1,4-DCB";0.000000009584504701797586;0.0000000000033049740001326814;"Sugar";"Swiss sugar";"Sugar";"2021";"conventional";1;"country-specific";"Switzerland";"Rolex Centre";"False";"none";0;0;0.026121670431268066;0;0;"USD2023/kg";"Road; transport, freight, light commercial vehicle (35); World Bank, Inflation (annual %), 2024; True Price, Monestisation factors for true pricing (2023); European Central Bank, Eurosystem, US dollar (USD), 2024"
"Swiss sugar low";"Switzerland";"Sugarbeet";"none";"Transport, Manufacture-to-Retail";"Environment";"Urban land occupation";"m2a";0.0000027132142213967176;0.00000012861153505765957;"Sugar";"Swiss sugar";"Sugar";"2021";"conventional";1;"country-specific";"Switzerland";"Rolex Centre";"False";"none";0;0;0.026121670431268066;0;0;"USD2023/kg";"Road; transport, freight, light commercial vehicle (35); World Bank, Inflation (annual %), 2024; CE-Delft, Environmental Prices Handbook (2017); European Central Bank, Eurosystem, US dollar (USD), 2024"
"Swiss sugar low";"Switzerland";"Sugarbeet";"none";"Transport, Manufacture-to-Retail";"Environment";"Water consumption";"m3";0.0000000684111560765472;0.00000010458169789610914;"Sugar";"Swiss sugar";"Sugar";"2021";"conventional";1;"country-specific";"Switzerland";"Rolex Centre";"False";"none";0;0;0.026121670431268066;0;0;"USD2023/kg";"Road; transport, freight, light commercial vehicle (35); World Bank, Inflation (annual %), 2024; True Price, Monestisation factors for true pricing (2023); European Central Bank, Eurosystem, US dollar (USD), 2024"
"Swiss sugar low";"Switzerland";"Sugarbeet";"none";"Transport, Retail-to-Waste";"Environment";"Agricultural land occupation";"m2a";0;0;"Sugar";"Swiss sugar";"Sugar";"2021";"conventional";1;"country-specific";"Switzerland";"Rolex Centre";"False";"none";0;0;0.026121670431268066;0;0;"USD2023/kg";"Road waste-collection; municipal waste collection service by 21 metric ton lorry (0); World Bank, Inflation (annual %), 2024; No factor available; European Central Bank, Eurosystem, US dollar (USD), 2024"
"Swiss sugar low";"Switzerland";"Sugarbeet";"none";"Transport, Retail-to-Waste";"Environment";"Global warming";"kg CO2 eq";0;0;"Sugar";"Swiss sugar";"Sugar";"2021";"conventional";1;"country-specific";"Switzerland";"Rolex Centre";"False";"none";0;0;0.026121670431268066;0;0;"USD2023/kg";"Road waste-collection; municipal waste collection service by 21 metric ton lorry (0); World Bank, Inflation (annual %), 2024; True Price, Monestisation factors for true pricing (2023); European Central Bank, Eurosystem, US dollar (USD), 2024"
"Swiss sugar low";"Switzerland";"Sugarbeet";"none";"Transport, Retail-to-Waste";"Environment";"Fossil resource scarcity";"kg oil eq";0;0;"Sugar";"Swiss sugar";"Sugar";"2021";"conventional";1;"country-specific";"Switzerland";"Rolex Centre";"False";"none";0;0;0.026121670431268066;0;0;"USD2023/kg";"Road waste-collection; municipal waste collection service by 21 metric ton lorry (0); World Bank, Inflation (annual %), 2024; True Price, Monestisation factors for true pricing (2023); European Central Bank, Eurosystem, US dollar (USD), 2024"
"Swiss sugar low";"Switzerland";"Sugarbeet";"none";"Transport, Retail-to-Waste";"Environment";"Freshwater ecotoxicity";"kg 1,4-DCB";0;0;"Sugar";"Swiss sugar";"Sugar";"2021";"conventional";1;"country-specific";"Switzerland";"Rolex Centre";"False";"none";0;0;0.026121670431268066;0;0;"USD2023/kg";"Road waste-collection; municipal waste collection service by 21 metric ton lorry (0); World Bank, Inflation (annual %), 2024; True Price, Monestisation factors for true pricing (2023); European Central Bank, Eurosystem, US dollar (USD), 2024"
"Swiss sugar low";"Switzerland";"Sugarbeet";"none";"Transport, Retail-to-Waste";"Environment";"Freshwater eutrophication";"kg P eq";0;0;"Sugar";"Swiss sugar";"Sugar";"2021";"conventional";1;"country-specific";"Switzerland";"Rolex Centre";"False";"none";0;0;0.026121670431268066;0;0;"USD2023/kg";"Road waste-collection; municipal waste collection service by 21 metric ton lorry (0); World Bank, Inflation (annual %), 2024; True Price, Monestisation factors for true pricing (2023); European Central Bank, Eurosystem, US dollar (USD), 2024"
"Swiss sugar low";"Switzerland";"Sugarbeet";"none";"Transport, Retail-to-Waste";"Environment";"Human toxicity";"kg 1,4-DCB";0;0;"Sugar";"Swiss sugar";"Sugar";"2021";"conventional";1;"country-specific";"Switzerland";"Rolex Centre";"False";"none";0;0;0.026121670431268066;0;0;"USD2023/kg";"Road waste-collection; municipal waste collection service by 21 metric ton lorry (0); World Bank, Inflation (annual %), 2024; No factor available; European Central Bank, Eurosystem, US dollar (USD), 2024"
"Swiss sugar low";"Switzerland";"Sugarbeet";"none";"Transport, Retail-to-Waste";"Environment";"Ionising radiation";"kg U235-Eq";0;0;"Sugar";"Swiss sugar";"Sugar";"2021";"conventional";1;"country-specific";"Switzerland";"Rolex Centre";"False";"none";0;0;0.026121670431268066;0;0;"USD2023/kg";"Road waste-collection; municipal waste collection service by 21 metric ton lorry (0); World Bank, Inflation (annual %), 2024; CE-Delft, Environmental Prices Handbook (2017); European Central Bank, Eurosystem, US dollar (USD), 2024"
"Swiss sugar low";"Switzerland";"Sugarbeet";"none";"Transport, Retail-to-Waste";"Environment";"Marine ecotoxicity";"kg 1,4-DCB";0;0;"Sugar";"Swiss sugar";"Sugar";"2021";"conventional";1;"country-specific";"Switzerland";"Rolex Centre";"False";"none";0;0;0.026121670431268066;0;0;"USD2023/kg";"Road waste-collection; municipal waste collection service by 21 metric ton lorry (0); World Bank, Inflation (annual %), 2024; True Price, Monestisation factors for true pricing (2023); European Central Bank, Eurosystem, US dollar (USD), 2024"
"Swiss sugar low";"Switzerland";"Sugarbeet";"none";"Transport, Retail-to-Waste";"Environment";"Marine eutrophication";"kg N eq";0;0;"Sugar";"Swiss sugar";"Sugar";"2021";"conventional";1;"country-specific";"Switzerland";"Rolex Centre";"False";"none";0;0;0.026121670431268066;0;0;"USD2023/kg";"Road waste-collection; municipal waste collection service by 21 metric ton lorry (0); World Bank, Inflation (annual %), 2024; True Price, Monestisation factors for true pricing (2023); European Central Bank, Eurosystem, US dollar (USD), 2024"
"Swiss sugar low";"Switzerland";"Sugarbeet";"none";"Transport, Retail-to-Waste";"Environment";"Metal depletion";"kg Fe eq";0;0;"Sugar";"Swiss sugar";"Sugar";"2021";"conventional";1;"country-specific";"Switzerland";"Rolex Centre";"False";"none";0;0;0.026121670431268066;0;0;"USD2023/kg";"Road waste-collection; municipal waste collection service by 21 metric ton lorry (0); World Bank, Inflation (annual %), 2024; No factor available; European Central Bank, Eurosystem, US dollar (USD), 2024"
"Swiss sugar low";"Switzerland";"Sugarbeet";"none";"Transport, Retail-to-Waste";"Environment";"Natural land transformation";"m2";0;0;"Sugar";"Swiss sugar";"Sugar";"2021";"conventional";1;"country-specific";"Switzerland";"Rolex Centre";"False";"none";0;0;0.026121670431268066;0;0;"USD2023/kg";"Road waste-collection; municipal waste collection service by 21 metric ton lorry (0); World Bank, Inflation (annual %), 2024; No factor available; European Central Bank, Eurosystem, US dollar (USD), 2024"
"Swiss sugar low";"Switzerland";"Sugarbeet";"none";"Transport, Retail-to-Waste";"Environment";"Stratospheric ozone depletion";"kg CFC11 eq";0;0;"Sugar";"Swiss sugar";"Sugar";"2021";"conventional";1;"country-specific";"Switzerland";"Rolex Centre";"False";"none";0;0;0.026121670431268066;0;0;"USD2023/kg";"Road waste-collection; municipal waste collection service by 21 metric ton lorry (0); World Bank, Inflation (annual %), 2024; True Price, Monestisation factors for true pricing (2023); European Central Bank, Eurosystem, US dollar (USD), 2024"
"Swiss sugar low";"Switzerland";"Sugarbeet";"none";"Transport, Retail-to-Waste";"Environment";"Fine particulate matter formation";"kg PM10 eq";0;0;"Sugar";"Swiss sugar";"Sugar";"2021";"conventional";1;"country-specific";"Switzerland";"Rolex Centre";"False";"none";0;0;0.026121670431268066;0;0;"USD2023/kg";"Road waste-collection; municipal waste collection service by 21 metric ton lorry (0); World Bank, Inflation (annual %), 2024; No factor available; European Central Bank, Eurosystem, US dollar (USD), 2024"
"Swiss sugar low";"Switzerland";"Sugarbeet";"none";"Transport, Retail-to-Waste";"Environment";"Photochemical oxidant formation";"kg NMVOC";0;0;"Sugar";"Swiss sugar";"Sugar";"2021";"conventional";1;"country-specific";"Switzerland";"Rolex Centre";"False";"none";0;0;0.026121670431268066;0;0;"USD2023/kg";"Road waste-collection; municipal waste collection service by 21 metric ton lorry (0); World Bank, Inflation (annual %), 2024; True Price, Monestisation factors for true pricing (2023); European Central Bank, Eurosystem, US dollar (USD), 2024"
"Swiss sugar low";"Switzerland";"Sugarbeet";"none";"Transport, Retail-to-Waste";"Environment";"Terrestrial acidification";"kg SO2 eq";0;0;"Sugar";"Swiss sugar";"Sugar";"2021";"conventional";1;"country-specific";"Switzerland";"Rolex Centre";"False";"none";0;0;0.026121670431268066;0;0;"USD2023/kg";"Road waste-collection; municipal waste collection service by 21 metric ton lorry (0); World Bank, Inflation (annual %), 2024; True Price, Monestisation factors for true pricing (2023); European Central Bank, Eurosystem, US dollar (USD), 2024"
"Swiss sugar low";"Switzerland";"Sugarbeet";"none";"Transport, Retail-to-Waste";"Environment";"Terrestrial ecotoxicity";"kg 1,4-DCB";0;0;"Sugar";"Swiss sugar";"Sugar";"2021";"conventional";1;"country-specific";"Switzerland";"Rolex Centre";"False";"none";0;0;0.026121670431268066;0;0;"USD2023/kg";"Road waste-collection; municipal waste collection service by 21 metric ton lorry (0); World Bank, Inflation (annual %), 2024; True Price, Monestisation factors for true pricing (2023); European Central Bank, Eurosystem, US dollar (USD), 2024"
"Swiss sugar low";"Switzerland";"Sugarbeet";"none";"Transport, Retail-to-Waste";"Environment";"Urban land occupation";"m2a";0;0;"Sugar";"Swiss sugar";"Sugar";"2021";"conventional";1;"country-specific";"Switzerland";"Rolex Centre";"False";"none";0;0;0.026121670431268066;0;0;"USD2023/kg";"Road waste-collection; municipal waste collection service by 21 metric ton lorry (0); World Bank, Inflation (annual %), 2024; CE-Delft, Environmental Prices Handbook (2017); European Central Bank, Eurosystem, US dollar (USD), 2024"
"Swiss sugar low";"Switzerland";"Sugarbeet";"none";"Transport, Retail-to-Waste";"Environment";"Water consumption";"m3";0;0;"Sugar";"Swiss sugar";"Sugar";"2021";"conventional";1;"country-specific";"Switzerland";"Rolex Centre";"False";"none";0;0;0.026121670431268066;0;0;"USD2023/kg";"Road waste-collection; municipal waste collection service by 21 metric ton lorry (0); World Bank, Inflation (annual %), 2024; True Price, Monestisation factors for true pricing (2023); European Central Bank, Eurosystem, US dollar (USD), 2024"
"Swiss sugar low";"Switzerland";"Sugarbeet";"none";"End of life, industrial-composting";"Environment";"Agricultural land occupation";"m2a";0;0;"Sugar";"Swiss sugar";"Sugar";"2021";"conventional";0;"country-specific";"Switzerland";"Rolex Centre";"False";"none";0;0;0.026121670431268066;0;0;"USD2023/kg";"Sugar; World Bank, Inflation (annual %), 2024; No factor available; European Central Bank, Eurosystem, US dollar (USD), 2024"
"Swiss sugar low";"Switzerland";"Sugarbeet";"none";"End of life, industrial-composting";"Environment";"Global warming";"kg CO2 eq";0;0;"Sugar";"Swiss sugar";"Sugar";"2021";"conventional";0;"country-specific";"Switzerland";"Rolex Centre";"False";"none";0;0;0.026121670431268066;0;0;"USD2023/kg";"Sugar; World Bank, Inflation (annual %), 2024; True Price, Monestisation factors for true pricing (2023); European Central Bank, Eurosystem, US dollar (USD), 2024"
"Swiss sugar low";"Switzerland";"Sugarbeet";"none";"End of life, industrial-composting";"Environment";"Fossil resource scarcity";"kg oil eq";0;0;"Sugar";"Swiss sugar";"Sugar";"2021";"conventional";0;"country-specific";"Switzerland";"Rolex Centre";"False";"none";0;0;0.026121670431268066;0;0;"USD2023/kg";"Sugar; World Bank, Inflation (annual %), 2024; True Price, Monestisation factors for true pricing (2023); European Central Bank, Eurosystem, US dollar (USD), 2024"
"Swiss sugar low";"Switzerland";"Sugarbeet";"none";"End of life, industrial-composting";"Environment";"Freshwater ecotoxicity";"kg 1,4-DCB";0;0;"Sugar";"Swiss sugar";"Sugar";"2021";"conventional";0;"country-specific";"Switzerland";"Rolex Centre";"False";"none";0;0;0.026121670431268066;0;0;"USD2023/kg";"Sugar; World Bank, Inflation (annual %), 2024; True Price, Monestisation factors for true pricing (2023); European Central Bank, Eurosystem, US dollar (USD), 2024"
"Swiss sugar low";"Switzerland";"Sugarbeet";"none";"End of life, industrial-composting";"Environment";"Freshwater eutrophication";"kg P eq";0;0;"Sugar";"Swiss sugar";"Sugar";"2021";"conventional";0;"country-specific";"Switzerland";"Rolex Centre";"False";"none";0;0;0.026121670431268066;0;0;"USD2023/kg";"Sugar; World Bank, Inflation (annual %), 2024; True Price, Monestisation factors for true pricing (2023); European Central Bank, Eurosystem, US dollar (USD), 2024"
"Swiss sugar low";"Switzerland";"Sugarbeet";"none";"End of life, industrial-composting";"Environment";"Human toxicity";"kg 1,4-DCB";0;0;"Sugar";"Swiss sugar";"Sugar";"2021";"conventional";0;"country-specific";"Switzerland";"Rolex Centre";"False";"none";0;0;0.026121670431268066;0;0;"USD2023/kg";"Sugar; World Bank, Inflation (annual %), 2024; No factor available; European Central Bank, Eurosystem, US dollar (USD), 2024"
"Swiss sugar low";"Switzerland";"Sugarbeet";"none";"End of life, industrial-composting";"Environment";"Ionising radiation";"kg U235-Eq";0;0;"Sugar";"Swiss sugar";"Sugar";"2021";"conventional";0;"country-specific";"Switzerland";"Rolex Centre";"False";"none";0;0;0.026121670431268066;0;0;"USD2023/kg";"Sugar; World Bank, Inflation (annual %), 2024; CE-Delft, Environmental Prices Handbook (2017); European Central Bank, Eurosystem, US dollar (USD), 2024"
"Swiss sugar low";"Switzerland";"Sugarbeet";"none";"End of life, industrial-composting";"Environment";"Marine ecotoxicity";"kg 1,4-DCB";0;0;"Sugar";"Swiss sugar";"Sugar";"2021";"conventional";0;"country-specific";"Switzerland";"Rolex Centre";"False";"none";0;0;0.026121670431268066;0;0;"USD2023/kg";"Sugar; World Bank, Inflation (annual %), 2024; True Price, Monestisation factors for true pricing (2023); European Central Bank, Eurosystem, US dollar (USD), 2024"
"Swiss sugar low";"Switzerland";"Sugarbeet";"none";"End of life, industrial-composting";"Environment";"Marine eutrophication";"kg N eq";0;0;"Sugar";"Swiss sugar";"Sugar";"2021";"conventional";0;"country-specific";"Switzerland";"Rolex Centre";"False";"none";0;0;0.026121670431268066;0;0;"USD2023/kg";"Sugar; World Bank, Inflation (annual %), 2024; True Price, Monestisation factors for true pricing (2023); European Central Bank, Eurosystem, US dollar (USD), 2024"
"Swiss sugar low";"Switzerland";"Sugarbeet";"none";"End of life, industrial-composting";"Environment";"Metal depletion";"kg Fe eq";0;0;"Sugar";"Swiss sugar";"Sugar";"2021";"conventional";0;"country-specific";"Switzerland";"Rolex Centre";"False";"none";0;0;0.026121670431268066;0;0;"USD2023/kg";"Sugar; World Bank, Inflation (annual %), 2024; No factor available; European Central Bank, Eurosystem, US dollar (USD), 2024"
"Swiss sugar low";"Switzerland";"Sugarbeet";"none";"End of life, industrial-composting";"Environment";"Natural land transformation";"m2";0;0;"Sugar";"Swiss sugar";"Sugar";"2021";"conventional";0;"country-specific";"Switzerland";"Rolex Centre";"False";"none";0;0;0.026121670431268066;0;0;"USD2023/kg";"Sugar; World Bank, Inflation (annual %), 2024; No factor available; European Central Bank, Eurosystem, US dollar (USD), 2024"
"Swiss sugar low";"Switzerland";"Sugarbeet";"none";"End of life, industrial-composting";"Environment";"Stratospheric ozone depletion";"kg CFC11 eq";0;0;"Sugar";"Swiss sugar";"Sugar";"2021";"conventional";0;"country-specific";"Switzerland";"Rolex Centre";"False";"none";0;0;0.026121670431268066;0;0;"USD2023/kg";"Sugar; World Bank, Inflation (annual %), 2024; True Price, Monestisation factors for true pricing (2023); European Central Bank, Eurosystem, US dollar (USD), 2024"
"Swiss sugar low";"Switzerland";"Sugarbeet";"none";"End of life, industrial-composting";"Environment";"Fine particulate matter formation";"kg PM10 eq";0;0;"Sugar";"Swiss sugar";"Sugar";"2021";"conventional";0;"country-specific";"Switzerland";"Rolex Centre";"False";"none";0;0;0.026121670431268066;0;0;"USD2023/kg";"Sugar; World Bank, Inflation (annual %), 2024; No factor available; European Central Bank, Eurosystem, US dollar (USD), 2024"
"Swiss sugar low";"Switzerland";"Sugarbeet";"none";"End of life, industrial-composting";"Environment";"Photochemical oxidant formation";"kg NMVOC";0;0;"Sugar";"Swiss sugar";"Sugar";"2021";"conventional";0;"country-specific";"Switzerland";"Rolex Centre";"False";"none";0;0;0.026121670431268066;0;0;"USD2023/kg";"Sugar; World Bank, Inflation (annual %), 2024; True Price, Monestisation factors for true pricing (2023); European Central Bank, Eurosystem, US dollar (USD), 2024"
"Swiss sugar low";"Switzerland";"Sugarbeet";"none";"End of life, industrial-composting";"Environment";"Terrestrial acidification";"kg SO2 eq";0;0;"Sugar";"Swiss sugar";"Sugar";"2021";"conventional";0;"country-specific";"Switzerland";"Rolex Centre";"False";"none";0;0;0.026121670431268066;0;0;"USD2023/kg";"Sugar; World Bank, Inflation (annual %), 2024; True Price, Monestisation factors for true pricing (2023); European Central Bank, Eurosystem, US dollar (USD), 2024"
"Swiss sugar low";"Switzerland";"Sugarbeet";"none";"End of life, industrial-composting";"Environment";"Terrestrial ecotoxicity";"kg 1,4-DCB";0;0;"Sugar";"Swiss sugar";"Sugar";"2021";"conventional";0;"country-specific";"Switzerland";"Rolex Centre";"False";"none";0;0;0.026121670431268066;0;0;"USD2023/kg";"Sugar; World Bank, Inflation (annual %), 2024; True Price, Monestisation factors for true pricing (2023); European Central Bank, Eurosystem, US dollar (USD), 2024"
"Swiss sugar low";"Switzerland";"Sugarbeet";"none";"End of life, industrial-composting";"Environment";"Urban land occupation";"m2a";0;0;"Sugar";"Swiss sugar";"Sugar";"2021";"conventional";0;"country-specific";"Switzerland";"Rolex Centre";"False";"none";0;0;0.026121670431268066;0;0;"USD2023/kg";"Sugar; World Bank, Inflation (annual %), 2024; CE-Delft, Environmental Prices Handbook (2017); European Central Bank, Eurosystem, US dollar (USD), 2024"
"Swiss sugar low";"Switzerland";"Sugarbeet";"none";"End of life, industrial-composting";"Environment";"Water consumption";"m3";0;0;"Sugar";"Swiss sugar";"Sugar";"2021";"conventional";0;"country-specific";"Switzerland";"Rolex Centre";"False";"none";0;0;0.026121670431268066;0;0;"USD2023/kg";"Sugar; World Bank, Inflation (annual %), 2024; True Price, Monestisation factors for true pricing (2023); European Central Bank, Eurosystem, US dollar (USD), 2024"
"Swiss sugar low";"Switzerland";"Sugarbeet";"none";"Production";"Biodiversity";"Eco-costs of land-use (Switzerland), practice-related";"m²/kg";0;0;"Sugar";"Swiss sugar";"Sugar";"2022";"conventional";5.56;"yes";"none";"Rolex Centre";"False";"none";0;0;0.026121670431268066;0;0;"USD2023/m²";"FAOSTAT, Crops and livestock products, Yield, Sugarbeet and sugarcane, 2022, missing, missing (Sugarbeet); World Bank, Inflation (annual %), 2024; Sustainability Impact Metrics (a spin-off of Delft University of Technology), The eco-costs of land-use, 2024; European Central Bank, Eurosystem, US dollar (USD), 2024"
"Swiss sugar low";"Switzerland";"Sugarbeet";"none";"Production";"Biodiversity";"Eco-costs of land-use (Switzerland), deforestation-related";"m²/kg";0;0;"Sugar";"Swiss sugar";"Sugar";"2022";"conventional";5.56;"yes";"none";"Rolex Centre";"False";"none";0;0;0.026121670431268066;0;0;"USD2023/m²";"FAOSTAT, Crops and livestock products, Yield, Sugarbeet and sugarcane, 2022, missing, No specific anti-deforestation regulation (Sugarbeet); World Bank, Inflation (annual %), 2024; Sustainability Impact Metrics (a spin-off of Delft University of Technology), The eco-costs of land-use, 2024; European Central Bank, Eurosystem, US dollar (USD), 2024"
"Swiss sugar low";"Switzerland";"Sugarbeet";"none";"Production";"Livelihoods";"Labour force to be audited for Health and Safety";"FTE/kg";0.00000000010265703482710837;0.0000000010088624279838135;"Sugar";"Swiss sugar";"Sugar";"2021";"conventional";5.56;"yes";"none";"Rolex Centre";"False";"none";0;0;0.026121670431268066;0;0;"USD2023/FTE";"International Labour Organization. ILO modelled estimates database, ILOSTAT. https://ilostat.ilo.org/data/. Accessed 14-10-2024; FAOSTAT, Crops and livestock products, Yield, Sugarbeet and sugarcane, 2022; FAOSTAT, Crops and livestock products, Yield, Agriculture land, 2022; FAOSTAT, Crops and livestock products, Yield, Sugarbeet and sugarcane, 2022; World Bank, Inflation (annual %), 2024; True Price, Monestisation factors for true pricing (2023); European Central Bank, Eurosystem, US dollar (USD), 2024"
"Swiss sugar low";"Switzerland";"Sugarbeet";"none";"Production";"Livelihoods";"Labour force to be audited for gender discrimination";"FTE/kg";0;0;"Sugar";"Swiss sugar";"Sugar";"2024";"conventional";5.56;"yes";"none";"Rolex Centre";"False";"none";0;0;0.026121670431268066;0;0;"USD2023/FTE";"World population review, Total Fertility Rate, 2024, Eurostat, Duration of working life, 2052; missing; FAOSTAT, Crops and livestock products, Yield, Sugarbeet and sugarcane, 2022; World Bank, Inflation (annual %), 2024; True Price, Monestisation factors for true pricing (2023); European Central Bank, Eurosystem, US dollar (USD), 2024"
"Swiss sugar low";"Switzerland";"Sugarbeet";"none";"Production";"Livelihoods";"Labour force to be audited for forced labour";"FTE/kg";0;0;"Sugar";"Swiss sugar";"Sugar";"2024";"conventional";5.56;"no, dervied from regional values";"none";"Rolex Centre";"False";"none";0;0;0.026121670431268066;0;0;"USD2023/FTE";"Walkfree, global slavery index, 2024; World Bank, Annual Population, 2024; missing; FAOSTAT, Crops and livestock products, Yield, Agriculture land, 2022; International Labour Organization. ILO modelled estimates database, ILOSTAT. https://ilostat.ilo.org/data/. Accessed 14-10-2024; Swiss Confederation, Work and rest period, 2024; FAOSTAT, Crops and livestock products, Yield, Sugarbeet and sugarcane, 2022; World Bank, Inflation (annual %), 2024; True Price, Monestisation factors for true pricing (2023); European Central Bank, Eurosystem, US dollar (USD), 2024"
"Swiss sugar low";"Switzerland";"Sugarbeet";"none";"Production";"Livelihoods";"Labour force to be audited for forced labour";"FTE/kg";0.00000000001740129337623837;0.00000000017101128154711377;"Sugar";"Swiss sugar";"Sugar";"2024";"conventional";5.56;"no, dervied from regional values";"none";"Rolex Centre";"False";"none";0;0;0.026121670431268066;0;0;"USD2023/FTE";"Walkfree, global slavery index, 2024; World Bank, Annual Population, 2024; FAOSTAT, Crops and livestock products, Yield, Sugarbeet and sugarcane, 2022; FAOSTAT, Crops and livestock products, Yield, Agriculture land, 2022; International Labour Organization. ILO modelled estimates database, ILOSTAT. https://ilostat.ilo.org/data/. Accessed 14-10-2024; Swiss Confederation, Work and rest period, 2024; FAOSTAT, Crops and livestock products, Yield, Sugarbeet and sugarcane, 2022; World Bank, Inflation (annual %), 2024; True Price, Monestisation factors for true pricing (2023); European Central Bank, Eurosystem, US dollar (USD), 2024"
"Swiss sugar low";"Switzerland";"Sugarbeet";"none";"Production";"Livelihoods";"Labour force to be audited for insufficient social security";"FTE/kg";0;0;"Sugar";"Swiss sugar";"Sugar";"2021";"conventional";5.56;"yes";"none";"Rolex Centre";"False";"none";0;0;0.026121670431268066;0;0;"USD2023/FTE";"International Labour Organization. ILO modelled estimates database, ILOSTAT. https://ilostat.ilo.org/data/. Accessed 14-10-2024; missing; FAOSTAT, Crops and livestock products, Yield, Sugarbeet and sugarcane, 2022; World Bank, Inflation (annual %), 2024; True Price, Monestisation factors for true pricing (2023); European Central Bank, Eurosystem, US dollar (USD), 2024"
"Swiss sugar low";"Switzerland";"Sugarbeet";"none";"Production";"Livelihoods";"Labour force to be audited for illegal overtime";"FTE/kg";0;0;"Sugar";"Swiss sugar";"Sugar";"2023";"conventional";5.56;"yes";"none";"Rolex Centre";"False";"none";0;0;0.026121670431268066;0;0;"USD2023/FTE";"International Labour Organization. ILO modelled estimates database, ILOSTAT. https://ilostat.ilo.org/data/. Accessed 14-10-2024; FAOSTAT, Crops and livestock products, Yield, Sugarbeet and sugarcane, 2022; World Bank, Inflation (annual %), 2024; True Price, Monestisation factors for true pricing (2023); European Central Bank, Eurosystem, US dollar (USD), 2024"
"Swiss sugar low";"Switzerland";"Sugarbeet";"none";"Production";"Livelihoods";"Prevalence of excessive working time";"FTE/kg";0;0;"Sugar";"Swiss sugar";"Sugar";"2023";"conventional";5.56;"yes";"none";"Rolex Centre";"False";"none";0;0;0.026121670431268066;0;0;"USD2023/FTE";"International Labour Organization. ILO modelled estimates database, ILOSTAT. https://ilostat.ilo.org/data/. Accessed 14-10-2024; FAOSTAT, Crops and livestock products, Yield, Sugarbeet and sugarcane, 2022; World Bank, Inflation (annual %), 2024; True Price, Monestisation factors for true pricing (2023); European Central Bank, Eurosystem, US dollar (USD), 2024"
"Swiss sugar low";"Switzerland";"Sugarbeet";"none";"Production";"Livelihoods";"Wage gap from gender discrimination";"USD/kg";0;0;"Sugar";"Swiss sugar";"Sugar";"2023";"conventional";5.56;"yes";"none";"Rolex Centre";"False";"none";0;0;0.026121670431268066;0;0;"USD2023/USD2023";"International Labour Organization. ILO modelled estimates database, ILOSTAT. https://ilostat.ilo.org/data/. Accessed 14-10-2024; missing; FAOSTAT, Crops and livestock products, Yield, Sugarbeet and sugarcane, 2022; True Price, Monestisation factors for true pricing (2023)"
"Swiss sugar low";"Switzerland";"Sugarbeet";"none";"Production";"Livelihoods";"Wage gap of workers earning below minimum wage";"USD/kg";0;0;"Sugar";"Swiss sugar";"Sugar";"2023";"conventional";5.56;"yes";"none";"Rolex Centre";"False";"none";0;0;0.026121670431268066;0;0;"USD2023/USD2023";"International Labour Organization. ILO modelled estimates database, ILOSTAT. https://ilostat.ilo.org/data/. Accessed 14-10-2024; missing; FAOSTAT, Crops and livestock products, Yield, Sugarbeet and sugarcane, 2022; True Price, Monestisation factors for true pricing (2023)"
"Swiss sugar low";"Switzerland";"Sugarbeet";"none";"Production";"Livelihoods";"Wage gap of workers earning above minimum wage but below decent living wage";"USD/kg";0;0;"Sugar";"Swiss sugar";"Sugar";"2023";"conventional";5.56;"yes";"none";"Rolex Centre";"False";"none";0;0;0.026121670431268066;0;0;"USD2023/USD2023";"International Labour Organization. ILO modelled estimates database, ILOSTAT. https://ilostat.ilo.org/data/. Accessed 14-10-2024; missing; FAOSTAT, Crops and livestock products, Yield, Sugarbeet and sugarcane, 2022; True Price, Monestisation factors for true pricing (2023)"
"Swiss sugar low";"Switzerland";"Sugarbeet";"none";"Production";"Livelihoods";"Children in hazardous work by sex, age and economic activity (5-11)";"FTE-child/kg";0;0;"Sugar";"Swiss sugar";"Sugar";"2020";"conventional";5.56;"no, Western Europe";"none";"Rolex Centre";"False";"none";0;0;0.026121670431268066;0;0;"USD2023/FTE";"Derived from ILOSTAT, Annual Population, 2024; International Labour Organization. ILO modelled estimates database, ILOSTAT. https://ilostat.ilo.org/data/. Accessed 14-10-2024 Misssing data at the country level, Western Europe has been used as a proxy; Swiss Confederation, Work and rest period, 2024; Our World in data, Average weekly working hours of children, 2024; missing; FAOSTAT, Crops and livestock products, Yield, Agriculture land, 2022; FAOSTAT, Crops and livestock products, Yield, Sugarbeet and sugarcane, 2022; World Bank, Inflation (annual %), 2024; True Price, Monestisation factors for true pricing (2023); European Central Bank, Eurosystem, US dollar (USD), 2024"
"Swiss sugar low";"Switzerland";"Sugarbeet";"none";"Production";"Livelihoods";"Children in hazardous work by sex, age and economic activity (12-14)";"FTE-child/kg";0;0;"Sugar";"Swiss sugar";"Sugar";"2020";"conventional";5.56;"no, Western Europe";"none";"Rolex Centre";"False";"none";0;0;0.026121670431268066;0;0;"USD2023/FTE";"Derived from ILOSTAT, Annual Population, 2024; International Labour Organization. ILO modelled estimates database, ILOSTAT. https://ilostat.ilo.org/data/. Accessed 14-10-2024 Misssing data at the country level, Western Europe has been used as a proxy; Swiss Confederation, Work and rest period, 2024; Our World in data, Average weekly working hours of children, 2024; missing; FAOSTAT, Crops and livestock products, Yield, Agriculture land, 2022; FAOSTAT, Crops and livestock products, Yield, Sugarbeet and sugarcane, 2022; World Bank, Inflation (annual %), 2024; True Price, Monestisation factors for true pricing (2023); European Central Bank, Eurosystem, US dollar (USD), 2024"
"Swiss sugar low";"Switzerland";"Sugarbeet";"none";"Production";"Livelihoods";"Children in hazardous work by sex, age and economic activity (15-17)";"FTE-child/kg";0;0;"Sugar";"Swiss sugar";"Sugar";"2020";"conventional";5.56;"no, Western Europe";"none";"Rolex Centre";"False";"none";0;0;0.026121670431268066;0;0;"USD2023/FTE";"Derived from ILOSTAT, Annual Population, 2024; International Labour Organization. ILO modelled estimates database, ILOSTAT. https://ilostat.ilo.org/data/. Accessed 14-10-2024 Misssing data at the country level, Western Europe has been used as a proxy; Swiss Confederation, Work and rest period, 2024; Our World in data, Average weekly working hours of children, 2024; missing; FAOSTAT, Crops and livestock products, Yield, Agriculture land, 2022; FAOSTAT, Crops and livestock products, Yield, Sugarbeet and sugarcane, 2022; World Bank, Inflation (annual %), 2024; True Price, Monestisation factors for true pricing (2023); European Central Bank, Eurosystem, US dollar (USD), 2024"
"Swiss sugar low";"Switzerland";"Sugarbeet";"none";"Production";"Livelihoods";"Children in non-hazardous work by sex, age and economic activity (5-11)";"FTE-child/kg";0;0;"Sugar";"Swiss sugar";"Sugar";"2020";"conventional";5.56;"no, Western Europe";"none";"Rolex Centre";"False";"none";0;0;0.026121670431268066;0;0;"USD2023/FTE";"Derived from ILOSTAT, Annual Population, 2024; International Labour Organization. ILO modelled estimates database, ILOSTAT. https://ilostat.ilo.org/data/. Accessed 14-10-2024; Derived from ILOSTAT, Annual Population, 2024; International Labour Organization. ILO modelled estimates database, ILOSTAT. https://ilostat.ilo.org/data/. Accessed 14-10-2024 Misssing data at the country level, Western Europe has been used as a proxy; Swiss Confederation, Work and rest period, 2024; Our World in data, Average weekly working hours of children, 2024; missing; FAOSTAT, Crops and livestock products, Yield, Agriculture land, 2022; FAOSTAT, Crops and livestock products, Yield, Sugarbeet and sugarcane, 2022; World Bank, Inflation (annual %), 2024; True Price, Monestisation factors for true pricing (2023); European Central Bank, Eurosystem, US dollar (USD), 2024"
"Swiss sugar low";"Switzerland";"Sugarbeet";"none";"Production";"Livelihoods";"Children in non-hazardous work by sex, age and economic activity (12-14)";"FTE-child/kg";0;0;"Sugar";"Swiss sugar";"Sugar";"2020";"conventional";5.56;"no, Western Europe";"none";"Rolex Centre";"False";"none";0;0;0.026121670431268066;0;0;"USD2023/FTE";"Derived from ILOSTAT, Annual Population, 2024; International Labour Organization. ILO modelled estimates database, ILOSTAT. https://ilostat.ilo.org/data/. Accessed 14-10-2024; Derived from ILOSTAT, Annual Population, 2024; International Labour Organization. ILO modelled estimates database, ILOSTAT. https://ilostat.ilo.org/data/. Accessed 14-10-2024 Misssing data at the country level, Western Europe has been used as a proxy; Swiss Confederation, Work and rest period, 2024; Our World in data, Average weekly working hours of children, 2024; missing; FAOSTAT, Crops and livestock products, Yield, Agriculture land, 2022; FAOSTAT, Crops and livestock products, Yield, Sugarbeet and sugarcane, 2022; World Bank, Inflation (annual %), 2024; True Price, Monestisation factors for true pricing (2023); European Central Bank, Eurosystem, US dollar (USD), 2024"
"Swiss sugar low";"Switzerland";"Sugarbeet";"none";"Production";"Livelihoods";"Children in non-hazardous work by sex, age and economic activity (15-17)";"FTE-child/kg";0;0;"Sugar";"Swiss sugar";"Sugar";"2020";"conventional";5.56;"no, Western Europe";"none";"Rolex Centre";"False";"none";0;0;0.026121670431268066;0;0;"USD2023/FTE";"Derived from ILOSTAT, Annual Population, 2024; International Labour Organization. ILO modelled estimates database, ILOSTAT. https://ilostat.ilo.org/data/. Accessed 14-10-2024; Derived from ILOSTAT, Annual Population, 2024; International Labour Organization. ILO modelled estimates database, ILOSTAT. https://ilostat.ilo.org/data/. Accessed 14-10-2024 Misssing data at the country level, Western Europe has been used as a proxy; Swiss Confederation, Work and rest period, 2024; Our World in data, Average weekly working hours of children, 2024; missing; FAOSTAT, Crops and livestock products, Yield, Agriculture land, 2022; FAOSTAT, Crops and livestock products, Yield, Sugarbeet and sugarcane, 2022; World Bank, Inflation (annual %), 2024; True Price, Monestisation factors for true pricing (2023); European Central Bank, Eurosystem, US dollar (USD), 2024"
"Swiss sugar low";"Switzerland";"Sugarbeet";"none";"Production";"Livelihoods";"Children in hazardous work by sex, age and economic activity (5-11)";"FTE-child/kg";0;0;"Sugar";"Swiss sugar";"Sugar";"2020";"conventional";5.56;"no, Western Europe";"none";"Rolex Centre";"False";"none";0;0;0.026121670431268066;0;0;"USD2023/FTE";"Derived from ILOSTAT, Annual Population, 2024; International Labour Organization. ILO modelled estimates database, ILOSTAT. https://ilostat.ilo.org/data/. Accessed 14-10-2024 Misssing data at the country level, Western Europe has been used as a proxy; Swiss Confederation, Work and rest period, 2024; Our World in data, Average weekly working hours of children, 2024; FAOSTAT, Crops and livestock products, Yield, Sugarbeet and sugarcane, 2022; FAOSTAT, Crops and livestock products, Yield, Agriculture land, 2022; FAOSTAT, Crops and livestock products, Yield, Sugarbeet and sugarcane, 2022; World Bank, Inflation (annual %), 2024; True Price, Monestisation factors for true pricing (2023); European Central Bank, Eurosystem, US dollar (USD), 2024"
"Swiss sugar low";"Switzerland";"Sugarbeet";"none";"Production";"Livelihoods";"Children in hazardous work by sex, age and economic activity (12-14)";"FTE-child/kg";0;0;"Sugar";"Swiss sugar";"Sugar";"2020";"conventional";5.56;"no, Western Europe";"none";"Rolex Centre";"False";"none";0;0;0.026121670431268066;0;0;"USD2023/FTE";"Derived from ILOSTAT, Annual Population, 2024; International Labour Organization. ILO modelled estimates database, ILOSTAT. https://ilostat.ilo.org/data/. Accessed 14-10-2024 Misssing data at the country level, Western Europe has been used as a proxy; Swiss Confederation, Work and rest period, 2024; Our World in data, Average weekly working hours of children, 2024; FAOSTAT, Crops and livestock products, Yield, Sugarbeet and sugarcane, 2022; FAOSTAT, Crops and livestock products, Yield, Agriculture land, 2022; FAOSTAT, Crops and livestock products, Yield, Sugarbeet and sugarcane, 2022; World Bank, Inflation (annual %), 2024; True Price, Monestisation factors for true pricing (2023); European Central Bank, Eurosystem, US dollar (USD), 2024"
"Swiss sugar low";"Switzerland";"Sugarbeet";"none";"Production";"Livelihoods";"Children in hazardous work by sex, age and economic activity (15-17)";"FTE-child/kg";0;0;"Sugar";"Swiss sugar";"Sugar";"2020";"conventional";5.56;"no, Western Europe";"none";"Rolex Centre";"False";"none";0;0;0.026121670431268066;0;0;"USD2023/FTE";"Derived from ILOSTAT, Annual Population, 2024; International Labour Organization. ILO modelled estimates database, ILOSTAT. https://ilostat.ilo.org/data/. Accessed 14-10-2024 Misssing data at the country level, Western Europe has been used as a proxy; Swiss Confederation, Work and rest period, 2024; Our World in data, Average weekly working hours of children, 2024; FAOSTAT, Crops and livestock products, Yield, Sugarbeet and sugarcane, 2022; FAOSTAT, Crops and livestock products, Yield, Agriculture land, 2022; FAOSTAT, Crops and livestock products, Yield, Sugarbeet and sugarcane, 2022; World Bank, Inflation (annual %), 2024; True Price, Monestisation factors for true pricing (2023); European Central Bank, Eurosystem, US dollar (USD), 2024"
"Swiss sugar low";"Switzerland";"Sugarbeet";"none";"Production";"Livelihoods";"Children in non-hazardous work by sex, age and economic activity (5-11)";"FTE-child/kg";0;0;"Sugar";"Swiss sugar";"Sugar";"2020";"conventional";5.56;"no, Western Europe";"none";"Rolex Centre";"False";"none";0;0;0.026121670431268066;0;0;"USD2023/FTE";"Derived from ILOSTAT, Annual Population, 2024; International Labour Organization. ILO modelled estimates database, ILOSTAT. https://ilostat.ilo.org/data/. Accessed 14-10-2024; Derived from ILOSTAT, Annual Population, 2024; International Labour Organization. ILO modelled estimates database, ILOSTAT. https://ilostat.ilo.org/data/. Accessed 14-10-2024 Misssing data at the country level, Western Europe has been used as a proxy; Swiss Confederation, Work and rest period, 2024; Our World in data, Average weekly working hours of children, 2024; FAOSTAT, Crops and livestock products, Yield, Sugarbeet and sugarcane, 2022; FAOSTAT, Crops and livestock products, Yield, Agriculture land, 2022; FAOSTAT, Crops and livestock products, Yield, Sugarbeet and sugarcane, 2022; World Bank, Inflation (annual %), 2024; True Price, Monestisation factors for true pricing (2023); European Central Bank, Eurosystem, US dollar (USD), 2024"
"Swiss sugar low";"Switzerland";"Sugarbeet";"none";"Production";"Livelihoods";"Children in non-hazardous work by sex, age and economic activity (12-14)";"FTE-child/kg";0;0;"Sugar";"Swiss sugar";"Sugar";"2020";"conventional";5.56;"no, Western Europe";"none";"Rolex Centre";"False";"none";0;0;0.026121670431268066;0;0;"USD2023/FTE";"Derived from ILOSTAT, Annual Population, 2024; International Labour Organization. ILO modelled estimates database, ILOSTAT. https://ilostat.ilo.org/data/. Accessed 14-10-2024; Derived from ILOSTAT, Annual Population, 2024; International Labour Organization. ILO modelled estimates database, ILOSTAT. https://ilostat.ilo.org/data/. Accessed 14-10-2024 Misssing data at the country level, Western Europe has been used as a proxy; Swiss Confederation, Work and rest period, 2024; Our World in data, Average weekly working hours of children, 2024; FAOSTAT, Crops and livestock products, Yield, Sugarbeet and sugarcane, 2022; FAOSTAT, Crops and livestock products, Yield, Agriculture land, 2022; FAOSTAT, Crops and livestock products, Yield, Sugarbeet and sugarcane, 2022; World Bank, Inflation (annual %), 2024; True Price, Monestisation factors for true pricing (2023); European Central Bank, Eurosystem, US dollar (USD), 2024"
"Swiss sugar low";"Switzerland";"Sugarbeet";"none";"Production";"Livelihoods";"Children in non-hazardous work by sex, age and economic activity (15-17)";"FTE-child/kg";0;0;"Sugar";"Swiss sugar";"Sugar";"2020";"conventional";5.56;"no, Western Europe";"none";"Rolex Centre";"False";"none";0;0;0.026121670431268066;0;0;"USD2023/FTE";"Derived from ILOSTAT, Annual Population, 2024; International Labour Organization. ILO modelled estimates database, ILOSTAT. https://ilostat.ilo.org/data/. Accessed 14-10-2024; Derived from ILOSTAT, Annual Population, 2024; International Labour Organization. ILO modelled estimates database, ILOSTAT. https://ilostat.ilo.org/data/. Accessed 14-10-2024 Misssing data at the country level, Western Europe has been used as a proxy; Swiss Confederation, Work and rest period, 2024; Our World in data, Average weekly working hours of children, 2024; FAOSTAT, Crops and livestock products, Yield, Sugarbeet and sugarcane, 2022; FAOSTAT, Crops and livestock products, Yield, Agriculture land, 2022; FAOSTAT, Crops and livestock products, Yield, Sugarbeet and sugarcane, 2022; World Bank, Inflation (annual %), 2024; True Price, Monestisation factors for true pricing (2023); European Central Bank, Eurosystem, US dollar (USD), 2024"
"Swiss sugar low";"Switzerland";"Sugarbeet";"none";"Production";"Livelihoods";"Prevalence of modern slavery (forced workers, most severe)";"FTE/kg";0;0;"Sugar";"Swiss sugar";"Sugar";"2024";"conventional";5.56;"no, dervied from regional values";"none";"Rolex Centre";"False";"none";0;0;0.026121670431268066;0;0;"USD2023/FTE";"Walkfree, global slavery index, 2024; World Bank, Annual Population, 2024; missing; FAOSTAT, Crops and livestock products, Yield, Agriculture land, 2022; International Labour Organization. ILO modelled estimates database, ILOSTAT. https://ilostat.ilo.org/data/. Accessed 14-10-2024; Swiss Confederation, Work and rest period, 2024; FAOSTAT, Crops and livestock products, Yield, Sugarbeet and sugarcane, 2022; World Bank, Inflation (annual %), 2024; True Price, Monestisation factors for true pricing (2023); European Central Bank, Eurosystem, US dollar (USD), 2024"
"Swiss sugar low";"Switzerland";"Sugarbeet";"none";"Production";"Livelihoods";"Prevalence of modern slavery (forced workers, most severe)";"FTE/kg";0.00000000001740129337623837;0.000002460162295940935;"Sugar";"Swiss sugar";"Sugar";"2024";"conventional";5.56;"no, dervied from regional values";"none";"Rolex Centre";"False";"none";0;0;0.026121670431268066;0;0;"USD2023/FTE";"Walkfree, global slavery index, 2024; World Bank, Annual Population, 2024; FAOSTAT, Crops and livestock products, Yield, Sugarbeet and sugarcane, 2022; FAOSTAT, Crops and livestock products, Yield, Agriculture land, 2022; International Labour Organization. ILO modelled estimates database, ILOSTAT. https://ilostat.ilo.org/data/. Accessed 14-10-2024; Swiss Confederation, Work and rest period, 2024; FAOSTAT, Crops and livestock products, Yield, Sugarbeet and sugarcane, 2022; World Bank, Inflation (annual %), 2024; True Price, Monestisation factors for true pricing (2023); European Central Bank, Eurosystem, US dollar (USD), 2024"
"Swiss sugar low";"Switzerland";"Sugarbeet";"none";"Production";"Livelihoods";"Prevalence of Forced workers in situations of debt bondage";"FTE/kg";0;0;"Sugar";"Swiss sugar";"Sugar";"2024";"conventional";5.56;"no, dervied from regional values";"none";"Rolex Centre";"False";"none";0;0;0.026121670431268066;0;0;"USD2023/FTE";"Walkfree, global slavery index, 2024; World Bank, Annual Population, 2024; missing; FAOSTAT, Crops and livestock products, Yield, Agriculture land, 2022, Global Estimates of Modern Slavery: Forced Labour and Forced Marriage International Labour Organization (ILO), Walk Free, and International Organization for Migration (IOM), Geneva, 2022, ISBN: 978-92-2-037483-2 (web PDF); International Labour Organization. ILO modelled estimates database, ILOSTAT. https://ilostat.ilo.org/data/. Accessed 14-10-2024; Swiss Confederation, Work and rest period, 2024; FAOSTAT, Crops and livestock products, Yield, Sugarbeet and sugarcane, 2022; World Bank, Inflation (annual %), 2024; True Price, Monestisation factors for true pricing (2023); European Central Bank, Eurosystem, US dollar (USD), 2024"
"Swiss sugar low";"Switzerland";"Sugarbeet";"none";"Production";"Livelihoods";"Prevalence of Forced workers in situations of debt bondage";"FTE/kg";0.000000000005394400946633895;0.00000010478691275150045;"Sugar";"Swiss sugar";"Sugar";"2024";"conventional";5.56;"no, dervied from regional values";"none";"Rolex Centre";"False";"none";0;0;0.026121670431268066;0;0;"USD2023/FTE";"Walkfree, global slavery index, 2024; World Bank, Annual Population, 2024; FAOSTAT, Crops and livestock products, Yield, Sugarbeet and sugarcane, 2022; FAOSTAT, Crops and livestock products, Yield, Agriculture land, 2022, Global Estimates of Modern Slavery: Forced Labour and Forced Marriage International Labour Organization (ILO), Walk Free, and International Organization for Migration (IOM), Geneva, 2022, ISBN: 978-92-2-037483-2 (web PDF); International Labour Organization. ILO modelled estimates database, ILOSTAT. https://ilostat.ilo.org/data/. Accessed 14-10-2024; Swiss Confederation, Work and rest period, 2024; FAOSTAT, Crops and livestock products, Yield, Sugarbeet and sugarcane, 2022; World Bank, Inflation (annual %), 2024; True Price, Monestisation factors for true pricing (2023); European Central Bank, Eurosystem, US dollar (USD), 2024"
"Swiss sugar low";"Switzerland";"Sugarbeet";"none";"Production";"Livelihoods";"Female workers without maternity leave provision";"USD/kg";0;0;"Sugar";"Swiss sugar";"Sugar";"2024";"conventional";5.56;"yes";"none";"Rolex Centre";"False";"none";0;0;0.026121670431268066;0;0;"USD2023/USD2023";"World population review, Total Fertility Rate, 2024; International Labour Organization. ILO modelled estimates database, ILOSTAT. https://ilostat.ilo.org/data/. Accessed 14-10-2024; World population review, Total Fertility Rate, 2024, Eurostat, Duration of working life, 2052; missing; FAOSTAT, Crops and livestock products, Yield, Sugarbeet and sugarcane, 2022; True Price, Monestisation factors for true pricing (2023)"
"Swiss sugar low";"Switzerland";"Sugarbeet";"none";"Production";"Livelihoods";"Women with denied maternity leave";"women/kg";0;0;"Sugar";"Swiss sugar";"Sugar";"2024";"conventional";5.56;"yes";"none";"Rolex Centre";"False";"none";0;0;0.026121670431268066;0;0;"USD2023/FTE";"World population review, Total Fertility Rate, 2024, Eurostat, Duration of working life, 2052; missing; FAOSTAT, Crops and livestock products, Yield, Sugarbeet and sugarcane, 2022; World Bank, Inflation (annual %), 2024; True Price, Monestisation factors for true pricing (2023); European Central Bank, Eurosystem, US dollar (USD), 2024"
"Swiss sugar low";"Switzerland";"Sugarbeet";"none";"Production";"Livelihoods";"Workers without paid leave provision";"USD/kg";0;0;"Sugar";"Swiss sugar";"Sugar";"2014";"conventional";5.56;"yes";"none";"Rolex Centre";"False";"none";0;0;0.026121670431268066;0;0;"USD2023/USD2023";"Employing Workers, Doing Business: Measuring Business Regulations. World Bank Group, 2014; International Labour Organization. ILO modelled estimates database, ILOSTAT. https://ilostat.ilo.org/data/. Accessed 14-10-2024; 0.0; True Price, Monestisation factors for true pricing (2023)"
"Swiss sugar low";"Switzerland";"Sugarbeet";"none";"Production";"Livelihoods";"Informal employment rate of agricultural workers & uncovered by social protection floors/systems";"FTE/kg";0;0;"Sugar";"Swiss sugar";"Sugar";"2021";"conventional";5.56;"yes";"none";"Rolex Centre";"False";"none";0;0;0.026121670431268066;0;0;"USD2023/FTE";"International Labour Organization. ILO modelled estimates database, ILOSTAT. https://ilostat.ilo.org/data/. Accessed 14-10-2024; missing; FAOSTAT, Crops and livestock products, Yield, Sugarbeet and sugarcane, 2022; World Bank, Inflation (annual %), 2024; True Price, Monestisation factors for true pricing (2023); European Central Bank, Eurosystem, US dollar (USD), 2024"
"Swiss sugar low";"Switzerland";"Sugarbeet";"none";"Production";"Livelihoods";"Cases of fatal occupational injury";"incidents/kg";0.00000000000012888516613572928;0.0000004666492877316347;"Sugar";"Swiss sugar";"Sugar";"2021";"conventional";5.56;"yes";"none";"Rolex Centre";"False";"none";0;0;0.026121670431268066;0;0;"USD2023/incidents";"International Labour Organization. ILO modelled estimates database, ILOSTAT. https://ilostat.ilo.org/data/. Accessed 14-10-2024; FAOSTAT, Crops and livestock products, Yield, Sugarbeet and sugarcane, 2022; FAOSTAT, Crops and livestock products, Yield, Agriculture land, 2022; FAOSTAT, Crops and livestock products, Yield, Sugarbeet and sugarcane, 2022; World Bank, Inflation (annual %), 2024; True Price, Monestisation factors for true pricing (2023); European Central Bank, Eurosystem, US dollar (USD), 2024"
"Swiss sugar low";"Switzerland";"Sugarbeet";"none";"Production";"Livelihoods";"Cases of non-fatal occupational injury, insured";"incidents/kg";0.00000000010252814966097264;0.00000043721408765994035;"Sugar";"Swiss sugar";"Sugar";"2021";"conventional";5.56;"yes";"none";"Rolex Centre";"False";"none";0;0;0.026121670431268066;0;0;"USD2023/incidents";"International Labour Organization. ILO modelled estimates database, ILOSTAT. https://ilostat.ilo.org/data/. Accessed 14-10-2024; International Labour Organization. ILO modelled estimates database, ILOSTAT. https://ilostat.ilo.org/data/. Accessed 14-10-2024; FAOSTAT, Crops and livestock products, Yield, Sugarbeet and sugarcane, 2022; FAOSTAT, Crops and livestock products, Yield, Agriculture land, 2022; FAOSTAT, Crops and livestock products, Yield, Sugarbeet and sugarcane, 2022; World Bank, Inflation (annual %), 2024; True Price, Monestisation factors for true pricing (2023); European Central Bank, Eurosystem, US dollar (USD), 2024"
"Swiss sugar low";"Switzerland";"Sugarbeet";"none";"Production";"Livelihoods";"Cases of non-fatal occupational injury, uninsured";"incidents/kg";0;0;"Sugar";"Swiss sugar";"Sugar";"2021";"conventional";5.56;"yes";"none";"Rolex Centre";"False";"none";0;0;0.026121670431268066;0;0;"USD2023/incidents";"International Labour Organization. ILO modelled estimates database, ILOSTAT. https://ilostat.ilo.org/data/. Accessed 14-10-2024; International Labour Organization. ILO modelled estimates database, ILOSTAT. https://ilostat.ilo.org/data/. Accessed 14-10-2024; FAOSTAT, Crops and livestock products, Yield, Sugarbeet and sugarcane, 2022; FAOSTAT, Crops and livestock products, Yield, Agriculture land, 2022; FAOSTAT, Crops and livestock products, Yield, Sugarbeet and sugarcane, 2022; World Bank, Inflation (annual %), 2024; True Price, Monestisation factors for true pricing (2023); European Central Bank, Eurosystem, US dollar (USD), 2024"
"Swiss sugar low";"none";"Sugarbeet";"none";"Offsetting schemes";"Environment";"Carbon Offsetting through Reforestation";"kgCO2/kg";0;-0;"Sugar";"Swiss sugar";"Sugar";"2024";"conventional";1;"yes";"none";"Rolex Centre";"False";"none";0;0;0.026121670431268066;0;0;"USD2023/kg";"No specific anti-deforestation regulation, No specific regulation on reforestation, none; World Bank, Inflation (annual %), 2024; True Price, Monestisation factors for true pricing (2023); European Central Bank, Eurosystem, US dollar (USD), 2024"
"Swiss sugar low";"none";"Sugarbeet";"none";"Offsetting schemes";"Biodiversity";"Biodiversity restoration through Reforestation (none)";"m²/kg";0;0;"Sugar";"Swiss sugar";"Sugar";"2024";"conventional";1;"yes";"none";"Rolex Centre";"False";"none";0;0;0.026121670431268066;0;0;"USD2023/m²";"No specific anti-deforestation regulation, No specific regulation on reforestation, none; World Bank, Inflation (annual %), 2024; Not applicable; European Central Bank, Eurosystem, US dollar (USD), 2024"
"Swiss sugar low";"Switzerland";"Sugarbeet";"none";"Consumption";"Health";"2,4-D";"mg/kg";0.00007500000000000001;0.00000079153709224135;"Sugar";"Swiss sugar";"Sugar";"2018";"conventional";1;"not-country-specific";"EU";"Rolex Centre";"False";"none";0;0;0.026121670431268066;0;0;"USD2023/mg";"Food and Agriculture Organisation, World Health Organisation, International Food Standards, Codex Alimentarius, 2024 Misssing data at the country level, EU has been used as a proxy; World Bank, Inflation (annual %), 2024; Sustainability Impact Metrics (a spin-off of Delft University of Technology), Consumer Health: internalities of food in economics and I-eco-costs, 2181; European Central Bank, Eurosystem, US dollar (USD), 2024"
"Swiss sugar low";"Switzerland";"Sugarbeet";"none";"Consumption";"Health";"Aldicarb";"mg/kg";0.00015000000000000001;0.000044689281683680814;"Sugar";"Swiss sugar";"Sugar";"2018";"conventional";1;"not-country-specific";"EU";"Rolex Centre";"False";"none";0;0;0.026121670431268066;0;0;"USD2023/mg";"Food and Agriculture Organisation, World Health Organisation, International Food Standards, Codex Alimentarius, 2025 Misssing data at the country level, EU has been used as a proxy; World Bank, Inflation (annual %), 2024; Sustainability Impact Metrics (a spin-off of Delft University of Technology), Consumer Health: internalities of food in economics and I-eco-costs, 2016; European Central Bank, Eurosystem, US dollar (USD), 2024"
"Swiss sugar low";"Switzerland";"Sugarbeet";"none";"Consumption";"Health";"Aldicarb";"mg/kg";0.00015000000000000001;0.000041297587421287815;"Sugar";"Swiss sugar";"Sugar";"2018";"conventional";1;"not-country-specific";"EU";"Rolex Centre";"False";"none";0;0;0.026121670431268066;0;0;"USD2023/mg";"Food and Agriculture Organisation, World Health Organisation, International Food Standards, Codex Alimentarius, 2025 Misssing data at the country level, EU has been used as a proxy; World Bank, Inflation (annual %), 2024; Sustainability Impact Metrics (a spin-off of Delft University of Technology), Consumer Health: internalities of food in economics and I-eco-costs, 2047; European Central Bank, Eurosystem, US dollar (USD), 2024"
"Swiss sugar low";"Switzerland";"Sugarbeet";"none";"Consumption";"Health";"Azoxystrobin";"mg/kg";0.00007500000000000001;0;"Sugar";"Swiss sugar";"Sugar";"2018";"conventional";1;"not-country-specific";"EU";"Rolex Centre";"False";"none";0;0;0.026121670431268066;0;0;"USD2023/mg";"Food and Agriculture Organisation, World Health Organisation, International Food Standards, Codex Alimentarius, 2026 Misssing data at the country level, EU has been used as a proxy; World Bank, Inflation (annual %), 2024; No factor available; European Central Bank, Eurosystem, US dollar (USD), 2024"
"Swiss sugar low";"Switzerland";"Sugarbeet";"none";"Consumption";"Health";"Benzovindiflupyr";"mg/kg";0.0006000000000000001;0;"Sugar";"Swiss sugar";"Sugar";"2018";"conventional";1;"not-country-specific";"EU";"Rolex Centre";"False";"none";0;0;0.026121670431268066;0;0;"USD2023/mg";"Food and Agriculture Organisation, World Health Organisation, International Food Standards, Codex Alimentarius, 2027 Misssing data at the country level, EU has been used as a proxy; World Bank, Inflation (annual %), 2024; No data; European Central Bank, Eurosystem, US dollar (USD), 2024"
"Swiss sugar low";"Switzerland";"Sugarbeet";"none";"Consumption";"Health";"Bicyclopyrone";"mg/kg";0.00003;0;"Sugar";"Swiss sugar";"Sugar";"2018";"conventional";1;"not-country-specific";"EU";"Rolex Centre";"False";"none";0;0;0.026121670431268066;0;0;"USD2023/mg";"Food and Agriculture Organisation, World Health Organisation, International Food Standards, Codex Alimentarius, 2028 Misssing data at the country level, EU has been used as a proxy; World Bank, Inflation (annual %), 2024; No data; European Central Bank, Eurosystem, US dollar (USD), 2024"
"Swiss sugar low";"Switzerland";"Sugarbeet";"none";"Consumption";"Health";"Carbofuran";"mg/kg";0.00015000000000000001;0.000015637800342244795;"Sugar";"Swiss sugar";"Sugar";"2018";"conventional";1;"not-country-specific";"EU";"Rolex Centre";"False";"none";0;0;0.026121670431268066;0;0;"USD2023/mg";"Food and Agriculture Organisation, World Health Organisation, International Food Standards, Codex Alimentarius, 2029 Misssing data at the country level, EU has been used as a proxy; World Bank, Inflation (annual %), 2024; Sustainability Impact Metrics (a spin-off of Delft University of Technology), Consumer Health: internalities of food in economics and I-eco-costs, 2021; European Central Bank, Eurosystem, US dollar (USD), 2024"
"Swiss sugar low";"Switzerland";"Sugarbeet";"none";"Consumption";"Health";"Carbofuran";"mg/kg";0.00015000000000000001;0.000014454155597450737;"Sugar";"Swiss sugar";"Sugar";"2018";"conventional";1;"not-country-specific";"EU";"Rolex Centre";"False";"none";0;0;0.026121670431268066;0;0;"USD2023/mg";"Food and Agriculture Organisation, World Health Organisation, International Food Standards, Codex Alimentarius, 2029 Misssing data at the country level, EU has been used as a proxy; World Bank, Inflation (annual %), 2024; Sustainability Impact Metrics (a spin-off of Delft University of Technology), Consumer Health: internalities of food in economics and I-eco-costs, 2068; European Central Bank, Eurosystem, US dollar (USD), 2024"
"Swiss sugar low";"Switzerland";"Sugarbeet";"none";"Consumption";"Health";"Chlorantraniliprole";"mg/kg";0.00075;0.00000025861852826204174;"Sugar";"Swiss sugar";"Sugar";"2018";"conventional";1;"not-country-specific";"EU";"Rolex Centre";"False";"none";0;0;0.026121670431268066;0;0;"USD2023/mg";"Food and Agriculture Organisation, World Health Organisation, International Food Standards, Codex Alimentarius, 2030 Misssing data at the country level, EU has been used as a proxy; World Bank, Inflation (annual %), 2024; Sustainability Impact Metrics (a spin-off of Delft University of Technology), Consumer Health: internalities of food in economics and I-eco-costs, 2022; European Central Bank, Eurosystem, US dollar (USD), 2024"
"Swiss sugar low";"Switzerland";"Sugarbeet";"none";"Consumption";"Health";"Chlorantraniliprole";"mg/kg";0.00075;0.0000002409025932908456;"Sugar";"Swiss sugar";"Sugar";"2018";"conventional";1;"not-country-specific";"EU";"Rolex Centre";"False";"none";0;0;0.026121670431268066;0;0;"USD2023/mg";"Food and Agriculture Organisation, World Health Organisation, International Food Standards, Codex Alimentarius, 2030 Misssing data at the country level, EU has been used as a proxy; World Bank, Inflation (annual %), 2024; Sustainability Impact Metrics (a spin-off of Delft University of Technology), Consumer Health: internalities of food in economics and I-eco-costs, 2071; European Central Bank, Eurosystem, US dollar (USD), 2024"
"Swiss sugar low";"Switzerland";"Sugarbeet";"none";"Consumption";"Health";"Clothianidin";"mg/kg";0.0006000000000000001;0.000009517161840043137;"Sugar";"Swiss sugar";"Sugar";"2018";"conventional";1;"not-country-specific";"EU";"Rolex Centre";"False";"none";0;0;0.026121670431268066;0;0;"USD2023/mg";"Food and Agriculture Organisation, World Health Organisation, International Food Standards, Codex Alimentarius, 2031 Misssing data at the country level, EU has been used as a proxy; World Bank, Inflation (annual %), 2024; Sustainability Impact Metrics (a spin-off of Delft University of Technology), Consumer Health: internalities of food in economics and I-eco-costs, 2024; European Central Bank, Eurosystem, US dollar (USD), 2024"
"Swiss sugar low";"Switzerland";"Sugarbeet";"none";"Consumption";"Health";"Clothianidin";"mg/kg";0.0006000000000000001;0.00000881015198320807;"Sugar";"Swiss sugar";"Sugar";"2018";"conventional";1;"not-country-specific";"EU";"Rolex Centre";"False";"none";0;0;0.026121670431268066;0;0;"USD2023/mg";"Food and Agriculture Organisation, World Health Organisation, International Food Standards, Codex Alimentarius, 2031 Misssing data at the country level, EU has been used as a proxy; World Bank, Inflation (annual %), 2024; Sustainability Impact Metrics (a spin-off of Delft University of Technology), Consumer Health: internalities of food in economics and I-eco-costs, 2081; European Central Bank, Eurosystem, US dollar (USD), 2024"
"Swiss sugar low";"Switzerland";"Sugarbeet";"none";"Consumption";"Health";"Cyhalothrin";"mg/kg";0.00007500000000000001;0.0000011896452300053922;"Sugar";"Swiss sugar";"Sugar";"2018";"conventional";1;"not-country-specific";"EU";"Rolex Centre";"False";"none";0;0;0.026121670431268066;0;0;"USD2023/mg";"Food and Agriculture Organisation, World Health Organisation, International Food Standards, Codex Alimentarius, 2032 Misssing data at the country level, EU has been used as a proxy; World Bank, Inflation (annual %), 2024; Sustainability Impact Metrics (a spin-off of Delft University of Technology), Consumer Health: internalities of food in economics and I-eco-costs, 2026; European Central Bank, Eurosystem, US dollar (USD), 2024"
"Swiss sugar low";"Switzerland";"Sugarbeet";"none";"Consumption";"Health";"Cyhalothrin";"mg/kg";0.00007500000000000001;0.0000011012689979010087;"Sugar";"Swiss sugar";"Sugar";"2018";"conventional";1;"not-country-specific";"EU";"Rolex Centre";"False";"none";0;0;0.026121670431268066;0;0;"USD2023/mg";"Food and Agriculture Organisation, World Health Organisation, International Food Standards, Codex Alimentarius, 2032 Misssing data at the country level, EU has been used as a proxy; World Bank, Inflation (annual %), 2024; Sustainability Impact Metrics (a spin-off of Delft University of Technology), Consumer Health: internalities of food in economics and I-eco-costs, 2084; European Central Bank, Eurosystem, US dollar (USD), 2024"
"Swiss sugar low";"Switzerland";"Sugarbeet";"none";"Consumption";"Health";"Cypermethrins";"mg/kg";0.00030000000000000003;0.000001862053403486701;"Sugar";"Swiss sugar";"Sugar";"2018";"conventional";1;"not-country-specific";"EU";"Rolex Centre";"False";"none";0;0;0.026121670431268066;0;0;"USD2023/mg";"Food and Agriculture Organisation, World Health Organisation, International Food Standards, Codex Alimentarius, 2033 Misssing data at the country level, EU has been used as a proxy; World Bank, Inflation (annual %), 2024; Sustainability Impact Metrics (a spin-off of Delft University of Technology), Consumer Health: internalities of food in economics and I-eco-costs, 2027; European Central Bank, Eurosystem, US dollar (USD), 2024"
"Swiss sugar low";"Switzerland";"Sugarbeet";"none";"Consumption";"Health";"Dicamba";"mg/kg";0.0015;0.00000860366404610163;"Sugar";"Swiss sugar";"Sugar";"2018";"conventional";1;"not-country-specific";"EU";"Rolex Centre";"False";"none";0;0;0.026121670431268066;0;0;"USD2023/mg";"Food and Agriculture Organisation, World Health Organisation, International Food Standards, Codex Alimentarius, 2034 Misssing data at the country level, EU has been used as a proxy; World Bank, Inflation (annual %), 2024; Sustainability Impact Metrics (a spin-off of Delft University of Technology), Consumer Health: internalities of food in economics and I-eco-costs, 2090; European Central Bank, Eurosystem, US dollar (USD), 2024"
"Swiss sugar low";"Switzerland";"Sugarbeet";"none";"Consumption";"Health";"Ethoprophos";"mg/kg";0.00003;0;"Sugar";"Swiss sugar";"Sugar";"2018";"conventional";1;"not-country-specific";"EU";"Rolex Centre";"False";"none";0;0;0.026121670431268066;0;0;"USD2023/mg";"Food and Agriculture Organisation, World Health Organisation, International Food Standards, Codex Alimentarius, 2035 Misssing data at the country level, EU has been used as a proxy; World Bank, Inflation (annual %), 2024; No data; European Central Bank, Eurosystem, US dollar (USD), 2024"
"Swiss sugar low";"Switzerland";"Sugarbeet";"none";"Consumption";"Health";"Fluazifop-P-Butyl";"mg/kg";0.000015;0;"Sugar";"Swiss sugar";"Sugar";"2018";"conventional";1;"not-country-specific";"EU";"Rolex Centre";"False";"none";0;0;0.026121670431268066;0;0;"USD2023/mg";"Food and Agriculture Organisation, World Health Organisation, International Food Standards, Codex Alimentarius, 2036 Misssing data at the country level, EU has been used as a proxy; World Bank, Inflation (annual %), 2024; No data; European Central Bank, Eurosystem, US dollar (USD), 2024"
"Swiss sugar low";"Switzerland";"Sugarbeet";"none";"Consumption";"Health";"Fluensulfone";"mg/kg";0.00008999999999999999;0;"Sugar";"Swiss sugar";"Sugar";"2018";"conventional";1;"not-country-specific";"EU";"Rolex Centre";"False";"none";0;0;0.026121670431268066;0;0;"USD2023/mg";"Food and Agriculture Organisation, World Health Organisation, International Food Standards, Codex Alimentarius, 2037 Misssing data at the country level, EU has been used as a proxy; World Bank, Inflation (annual %), 2024; No data; European Central Bank, Eurosystem, US dollar (USD), 2024"
"Swiss sugar low";"Switzerland";"Sugarbeet";"none";"Consumption";"Health";"Glyphosate";"mg/kg";0.003;0.0000028220018071213346;"Sugar";"Swiss sugar";"Sugar";"2018";"conventional";1;"not-country-specific";"EU";"Rolex Centre";"False";"none";0;0;0.026121670431268066;0;0;"USD2023/mg";"Food and Agriculture Organisation, World Health Organisation, International Food Standards, Codex Alimentarius, 2038 Misssing data at the country level, EU has been used as a proxy; World Bank, Inflation (annual %), 2024; Sustainability Impact Metrics (a spin-off of Delft University of Technology), Consumer Health: internalities of food in economics and I-eco-costs, 2195; European Central Bank, Eurosystem, US dollar (USD), 2024"
"Swiss sugar low";"Switzerland";"Sugarbeet";"none";"Consumption";"Health";"Imazapic";"mg/kg";0.000015;0;"Sugar";"Swiss sugar";"Sugar";"2018";"conventional";1;"not-country-specific";"EU";"Rolex Centre";"False";"none";0;0;0.026121670431268066;0;0;"USD2023/mg";"Food and Agriculture Organisation, World Health Organisation, International Food Standards, Codex Alimentarius, 2039 Misssing data at the country level, EU has been used as a proxy; World Bank, Inflation (annual %), 2024; No data; European Central Bank, Eurosystem, US dollar (USD), 2024"
"Swiss sugar low";"Switzerland";"Sugarbeet";"none";"Consumption";"Health";"Isoxaflutole";"mg/kg";0.000015;0;"Sugar";"Swiss sugar";"Sugar";"2018";"conventional";1;"not-country-specific";"EU";"Rolex Centre";"False";"none";0;0;0.026121670431268066;0;0;"USD2023/mg";"Food and Agriculture Organisation, World Health Organisation, International Food Standards, Codex Alimentarius, 2040 Misssing data at the country level, EU has been used as a proxy; World Bank, Inflation (annual %), 2024; No data; European Central Bank, Eurosystem, US dollar (USD), 2024"
"Swiss sugar low";"Switzerland";"Sugarbeet";"none";"Consumption";"Health";"Mefentrifluconazole";"mg/kg";0.0022500000000000003;0;"Sugar";"Swiss sugar";"Sugar";"2018";"conventional";1;"not-country-specific";"EU";"Rolex Centre";"False";"none";0;0;0.026121670431268066;0;0;"USD2023/mg";"Food and Agriculture Organisation, World Health Organisation, International Food Standards, Codex Alimentarius, 2041 Misssing data at the country level, EU has been used as a proxy; World Bank, Inflation (annual %), 2024; No data; European Central Bank, Eurosystem, US dollar (USD), 2024"
"Swiss sugar low";"Switzerland";"Sugarbeet";"none";"Consumption";"Health";"Mesotrione";"mg/kg";0.000015;0.000008947810607945694;"Sugar";"Swiss sugar";"Sugar";"2018";"conventional";1;"not-country-specific";"EU";"Rolex Centre";"False";"none";0;0;0.026121670431268066;0;0;"USD2023/mg";"Food and Agriculture Organisation, World Health Organisation, International Food Standards, Codex Alimentarius, 2042 Misssing data at the country level, EU has been used as a proxy; World Bank, Inflation (annual %), 2024; Sustainability Impact Metrics (a spin-off of Delft University of Technology), Consumer Health: internalities of food in economics and I-eco-costs, 2146; European Central Bank, Eurosystem, US dollar (USD), 2024"
"Swiss sugar low";"Switzerland";"Sugarbeet";"none";"Consumption";"Health";"Metaflumizone";"mg/kg";0.00003;0;"Sugar";"Swiss sugar";"Sugar";"2018";"conventional";1;"not-country-specific";"EU";"Rolex Centre";"False";"none";0;0;0.026121670431268066;0;0;"USD2023/mg";"Food and Agriculture Organisation, World Health Organisation, International Food Standards, Codex Alimentarius, 2043 Misssing data at the country level, EU has been used as a proxy; World Bank, Inflation (annual %), 2024; No data; European Central Bank, Eurosystem, US dollar (USD), 2024"
"Swiss sugar low";"Switzerland";"Sugarbeet";"none";"Consumption";"Health";"Metconazole";"mg/kg";0.00008999999999999999;0.0000019409866088005277;"Sugar";"Swiss sugar";"Sugar";"2018";"conventional";1;"not-country-specific";"EU";"Rolex Centre";"False";"none";0;0;0.026121670431268066;0;0;"USD2023/mg";"Food and Agriculture Organisation, World Health Organisation, International Food Standards, Codex Alimentarius, 2044 Misssing data at the country level, EU has been used as a proxy; World Bank, Inflation (annual %), 2024; Sustainability Impact Metrics (a spin-off of Delft University of Technology), Consumer Health: internalities of food in economics and I-eco-costs, 2148; European Central Bank, Eurosystem, US dollar (USD), 2024"
"Swiss sugar low";"Switzerland";"Sugarbeet";"none";"Consumption";"Health";"Methoxyfenozide";"mg/kg";0.000015;0;"Sugar";"Swiss sugar";"Sugar";"2018";"conventional";1;"not-country-specific";"EU";"Rolex Centre";"False";"none";0;0;0.026121670431268066;0;0;"USD2023/mg";"Food and Agriculture Organisation, World Health Organisation, International Food Standards, Codex Alimentarius, 2045 Misssing data at the country level, EU has been used as a proxy; World Bank, Inflation (annual %), 2024; No data; European Central Bank, Eurosystem, US dollar (USD), 2024"
"Swiss sugar low";"Switzerland";"Sugarbeet";"none";"Consumption";"Health";"Novaluron";"mg/kg";0.00075;0.0000000929195716978976;"Sugar";"Swiss sugar";"Sugar";"2018";"conventional";1;"not-country-specific";"EU";"Rolex Centre";"False";"none";0;0;0.026121670431268066;0;0;"USD2023/mg";"Food and Agriculture Organisation, World Health Organisation, International Food Standards, Codex Alimentarius, 2046 Misssing data at the country level, EU has been used as a proxy; World Bank, Inflation (annual %), 2024; Sustainability Impact Metrics (a spin-off of Delft University of Technology), Consumer Health: internalities of food in economics and I-eco-costs, 2159; European Central Bank, Eurosystem, US dollar (USD), 2024"
"Swiss sugar low";"Switzerland";"Sugarbeet";"none";"Consumption";"Health";"Pendimethalin";"mg/kg";0.000015;0.00000001273342278823041;"Sugar";"Swiss sugar";"Sugar";"2018";"conventional";1;"not-country-specific";"EU";"Rolex Centre";"False";"none";0;0;0.026121670431268066;0;0;"USD2023/mg";"Food and Agriculture Organisation, World Health Organisation, International Food Standards, Codex Alimentarius, 2047 Misssing data at the country level, EU has been used as a proxy; World Bank, Inflation (annual %), 2024; Sustainability Impact Metrics (a spin-off of Delft University of Technology), Consumer Health: internalities of food in economics and I-eco-costs, 2167; European Central Bank, Eurosystem, US dollar (USD), 2024"
"Swiss sugar low";"Switzerland";"Sugarbeet";"none";"Consumption";"Health";"Propiconazole";"mg/kg";0.00003;0.00000023792904600107843;"Sugar";"Swiss sugar";"Sugar";"2018";"conventional";1;"not-country-specific";"EU";"Rolex Centre";"False";"none";0;0;0.026121670431268066;0;0;"USD2023/mg";"Food and Agriculture Organisation, World Health Organisation, International Food Standards, Codex Alimentarius, 2048 Misssing data at the country level, EU has been used as a proxy; World Bank, Inflation (annual %), 2024; Sustainability Impact Metrics (a spin-off of Delft University of Technology), Consumer Health: internalities of food in economics and I-eco-costs, 2040; European Central Bank, Eurosystem, US dollar (USD), 2024"
"Swiss sugar low";"Switzerland";"Sugarbeet";"none";"Consumption";"Health";"Propiconazole";"mg/kg";0.00003;0.0000002202537995802017;"Sugar";"Swiss sugar";"Sugar";"2018";"conventional";1;"not-country-specific";"EU";"Rolex Centre";"False";"none";0;0;0.026121670431268066;0;0;"USD2023/mg";"Food and Agriculture Organisation, World Health Organisation, International Food Standards, Codex Alimentarius, 2048 Misssing data at the country level, EU has been used as a proxy; World Bank, Inflation (annual %), 2024; Sustainability Impact Metrics (a spin-off of Delft University of Technology), Consumer Health: internalities of food in economics and I-eco-costs, 2175; European Central Bank, Eurosystem, US dollar (USD), 2024"
"Swiss sugar low";"Switzerland";"Sugarbeet";"none";"Consumption";"Health";"Pyraclostrobin";"mg/kg";0.00012;0.000001255161923831776;"Sugar";"Swiss sugar";"Sugar";"2018";"conventional";1;"not-country-specific";"EU";"Rolex Centre";"False";"none";0;0;0.026121670431268066;0;0;"USD2023/mg";"Food and Agriculture Organisation, World Health Organisation, International Food Standards, Codex Alimentarius, 2049 Misssing data at the country level, EU has been used as a proxy; World Bank, Inflation (annual %), 2024; Sustainability Impact Metrics (a spin-off of Delft University of Technology), Consumer Health: internalities of food in economics and I-eco-costs, 2041; European Central Bank, Eurosystem, US dollar (USD), 2024"
"Swiss sugar low";"Switzerland";"Sugarbeet";"none";"Consumption";"Health";"Pyraclostrobin";"mg/kg";0.00012;0.000001156332447796059;"Sugar";"Swiss sugar";"Sugar";"2018";"conventional";1;"not-country-specific";"EU";"Rolex Centre";"False";"none";0;0;0.026121670431268066;0;0;"USD2023/mg";"Food and Agriculture Organisation, World Health Organisation, International Food Standards, Codex Alimentarius, 2049 Misssing data at the country level, EU has been used as a proxy; World Bank, Inflation (annual %), 2024; Sustainability Impact Metrics (a spin-off of Delft University of Technology), Consumer Health: internalities of food in economics and I-eco-costs, 2176; European Central Bank, Eurosystem, US dollar (USD), 2024"
"Swiss sugar low";"Switzerland";"Sugarbeet";"none";"Consumption";"Health";"Saflufenacil";"mg/kg";0.000044999999999999996;0;"Sugar";"Swiss sugar";"Sugar";"2018";"conventional";1;"not-country-specific";"EU";"Rolex Centre";"False";"none";0;0;0.026121670431268066;0;0;"USD2023/mg";"Food and Agriculture Organisation, World Health Organisation, International Food Standards, Codex Alimentarius, 2050 Misssing data at the country level, EU has been used as a proxy; World Bank, Inflation (annual %), 2024; No factor available; European Central Bank, Eurosystem, US dollar (USD), 2024"
"Swiss sugar low";"Switzerland";"Sugarbeet";"none";"Consumption";"Health";"Tebufenozide";"mg/kg";0.0015;0.00000860366404610163;"Sugar";"Swiss sugar";"Sugar";"2018";"conventional";1;"not-country-specific";"EU";"Rolex Centre";"False";"none";0;0;0.026121670431268066;0;0;"USD2023/mg";"Food and Agriculture Organisation, World Health Organisation, International Food Standards, Codex Alimentarius, 2051 Misssing data at the country level, EU has been used as a proxy; World Bank, Inflation (annual %), 2024; Sustainability Impact Metrics (a spin-off of Delft University of Technology), Consumer Health: internalities of food in economics and I-eco-costs, 2177; European Central Bank, Eurosystem, US dollar (USD), 2024"
"Swiss sugar low";"Switzerland";"Sugarbeet";"none";"Consumption";"Health";"Teflubenzuron";"mg/kg";0.000015;0.0000014798302159294804;"Sugar";"Swiss sugar";"Sugar";"2018";"conventional";1;"not-country-specific";"EU";"Rolex Centre";"False";"none";0;0;0.026121670431268066;0;0;"USD2023/mg";"Food and Agriculture Organisation, World Health Organisation, International Food Standards, Codex Alimentarius, 2052 Misssing data at the country level, EU has been used as a proxy; World Bank, Inflation (annual %), 2024; Sustainability Impact Metrics (a spin-off of Delft University of Technology), Consumer Health: internalities of food in economics and I-eco-costs, 2178; European Central Bank, Eurosystem, US dollar (USD), 2024"
"Swiss sugar low";"Switzerland";"Sugarbeet";"none";"Consumption";"Health";"Trinexapac-Ethyl";"mg/kg";0.00075;0;"Sugar";"Swiss sugar";"Sugar";"2018";"conventional";1;"not-country-specific";"EU";"Rolex Centre";"False";"none";0;0;0.026121670431268066;0;0;"USD2023/mg";"Food and Agriculture Organisation, World Health Organisation, International Food Standards, Codex Alimentarius, 2053 Misssing data at the country level, EU has been used as a proxy; World Bank, Inflation (annual %), 2024; No data; European Central Bank, Eurosystem, US dollar (USD), 2024"
"Swiss sugar moderate";"Switzerland";"Sugarbeet";"none";"Production";"Environment";"Fine particulate matter formation";"kg PM2.5 eq";0.000001638721003828715;0.00017644117511611134;"Sugar";"Swiss sugar";"Sugar";"2021";"conventional";5.56;"yes";"none";"Rolex Centre";"False";"none";0;0;0.026243340862536137;0;0;"USD2023/kg";"Sugar beet {CH}| production | Cut-off, S - Copied from Ecoinvent; World Bank, Inflation (annual %), 2024; CE-Delft, Environmental Prices Handbook (2017); European Central Bank, Eurosystem, US dollar (USD), 2024"
"Swiss sugar moderate";"Switzerland";"Sugarbeet";"none";"Production";"Environment";"Fossil resource scarcity";"kg oil eq";0.00008984265690445246;0.00004750261699439684;"Sugar";"Swiss sugar";"Sugar";"2021";"conventional";5.56;"yes";"none";"Rolex Centre";"False";"none";0;0;0.026243340862536137;0;0;"USD2023/kg";"Sugar beet {CH}| production | Cut-off, S - Copied from Ecoinvent; World Bank, Inflation (annual %), 2024; True Price, Monestisation factors for true pricing (2023); European Central Bank, Eurosystem, US dollar (USD), 2024"
"Swiss sugar moderate";"Switzerland";"Sugarbeet";"none";"Production";"Environment";"Freshwater ecotoxicity";"kg 1,4-DCB";0.000010510570447138718;0.0000005037783042299467;"Sugar";"Swiss sugar";"Sugar";"2021";"conventional";5.56;"yes";"none";"Rolex Centre";"False";"none";0;0;0.026243340862536137;0;0;"USD2023/kg";"Sugar beet {CH}| production | Cut-off, S - Copied from Ecoinvent; World Bank, Inflation (annual %), 2024; True Price, Monestisation factors for true pricing (2023); European Central Bank, Eurosystem, US dollar (USD), 2024"
"Swiss sugar moderate";"Switzerland";"Sugarbeet";"none";"Production";"Environment";"Freshwater eutrophication";"kg P eq";0.00000018183128422463934;0.00004368094344754758;"Sugar";"Swiss sugar";"Sugar";"2021";"conventional";5.56;"yes";"none";"Rolex Centre";"False";"none";0;0;0.026243340862536137;0;0;"USD2023/kg";"Sugar beet {CH}| production | Cut-off, S - Copied from Ecoinvent; World Bank, Inflation (annual %), 2024; True Price, Monestisation factors for true pricing (2023); European Central Bank, Eurosystem, US dollar (USD), 2024"
"Swiss sugar moderate";"Switzerland";"Sugarbeet";"none";"Production";"Environment";"Global warming";"kg CO2 eq";0.0007622525961511824;0.0001428116491850129;"Sugar";"Swiss sugar";"Sugar";"2021";"conventional";5.56;"yes";"none";"Rolex Centre";"False";"none";0;0;0.026243340862536137;0;0;"USD2023/kg";"Sugar beet {CH}| production | Cut-off, S - Copied from Ecoinvent; World Bank, Inflation (annual %), 2024; True Price, Monestisation factors for true pricing (2023); European Central Bank, Eurosystem, US dollar (USD), 2024"
"Swiss sugar moderate";"Switzerland";"Sugarbeet";"none";"Production";"Environment";"Human carcinogenic toxicity";"kg 1,4-DCB";0.000012845153861414337;0;"Sugar";"Swiss sugar";"Sugar";"2021";"conventional";5.56;"yes";"none";"Rolex Centre";"False";"none";0;0;0.026243340862536137;0;0;"USD2023/kg";"Sugar beet {CH}| production | Cut-off, S - Copied from Ecoinvent; World Bank, Inflation (annual %), 2024; No factor available; European Central Bank, Eurosystem, US dollar (USD), 2024"
"Swiss sugar moderate";"Switzerland";"Sugarbeet";"none";"Production";"Environment";"Human non-carcinogenic toxicity";"kg 1,4-DCB";-0.0010695702888382696;-0;"Sugar";"Swiss sugar";"Sugar";"2021";"conventional";5.56;"yes";"none";"Rolex Centre";"False";"none";0;0;0.026243340862536137;0;0;"USD2023/kg";"Sugar beet {CH}| production | Cut-off, S - Copied from Ecoinvent; World Bank, Inflation (annual %), 2024; No factor available; European Central Bank, Eurosystem, US dollar (USD), 2024"
"Swiss sugar moderate";"Switzerland";"Sugarbeet";"none";"Production";"Environment";"Ionizing radiation";"kBq Co-60 eq";0.00002861547316566128;0;"Sugar";"Swiss sugar";"Sugar";"2021";"conventional";5.56;"yes";"none";"Rolex Centre";"False";"none";0;0;0.026243340862536137;0;0;"USD2023/kg";"Sugar beet {CH}| production | Cut-off, S - Copied from Ecoinvent; World Bank, Inflation (annual %), 2024; No factor available; European Central Bank, Eurosystem, US dollar (USD), 2024"
"Swiss sugar moderate";"Switzerland";"Sugarbeet";"none";"Production";"Environment";"Land use";"m2a crop eq";0.0024752871349082274;0.00029589392021785285;"Sugar";"Swiss sugar";"Sugar";"2021";"conventional";5.56;"yes";"none";"Rolex Centre";"False";"none";0;0;0.026243340862536137;0;0;"USD2023/kg";"Sugar beet {CH}| production | Cut-off, S - Copied from Ecoinvent; World Bank, Inflation (annual %), 2024; True Price, Monestisation factors for true pricing (2023); European Central Bank, Eurosystem, US dollar (USD), 2024"
"Swiss sugar moderate";"Switzerland";"Sugarbeet";"none";"Production";"Environment";"Marine ecotoxicity";"kg 1,4-DCB";0.000015327436840738984;0.00000003347343288793111;"Sugar";"Swiss sugar";"Sugar";"2021";"conventional";5.56;"yes";"none";"Rolex Centre";"False";"none";0;0;0.026243340862536137;0;0;"USD2023/kg";"Sugar beet {CH}| production | Cut-off, S - Copied from Ecoinvent; World Bank, Inflation (annual %), 2024; True Price, Monestisation factors for true pricing (2023); European Central Bank, Eurosystem, US dollar (USD), 2024"
"Swiss sugar moderate";"Switzerland";"Sugarbeet";"none";"Production";"Environment";"Marine eutrophication";"kg N eq";0.000003687281592542127;0.00006145417960839535;"Sugar";"Swiss sugar";"Sugar";"2021";"conventional";5.56;"yes";"none";"Rolex Centre";"False";"none";0;0;0.026243340862536137;0;0;"USD2023/kg";"Sugar beet {CH}| production | Cut-off, S - Copied from Ecoinvent; World Bank, Inflation (annual %), 2024; True Price, Monestisation factors for true pricing (2023); European Central Bank, Eurosystem, US dollar (USD), 2024"
"Swiss sugar moderate";"Switzerland";"Sugarbeet";"none";"Production";"Environment";"Mineral resource scarcity";"kg Cu eq";0.000002462717522235177;0.0000006312430088489315;"Sugar";"Swiss sugar";"Sugar";"2021";"conventional";5.56;"yes";"none";"Rolex Centre";"False";"none";0;0;0.026243340862536137;0;0;"USD2023/kg";"Sugar beet {CH}| production | Cut-off, S - Copied from Ecoinvent; World Bank, Inflation (annual %), 2024; True Price, Monestisation factors for true pricing (2023); European Central Bank, Eurosystem, US dollar (USD), 2024"
"Swiss sugar moderate";"Switzerland";"Sugarbeet";"none";"Production";"Environment";"Ozone formation, Human health";"kg NOx eq";0.000002577109292689913;0;"Sugar";"Swiss sugar";"Sugar";"2021";"conventional";5.56;"yes";"none";"Rolex Centre";"False";"none";0;0;0.026243340862536137;0;0;"USD2023/kg";"Sugar beet {CH}| production | Cut-off, S - Copied from Ecoinvent; World Bank, Inflation (annual %), 2024; No factor available; European Central Bank, Eurosystem, US dollar (USD), 2024"
"Swiss sugar moderate";"Switzerland";"Sugarbeet";"none";"Production";"Environment";"Ozone formation, Terrestrial ecosystems";"kg NOx eq";0.0000026171313012907833;0;"Sugar";"Swiss sugar";"Sugar";"2021";"conventional";5.56;"yes";"none";"Rolex Centre";"False";"none";0;0;0.026243340862536137;0;0;"USD2023/kg";"Sugar beet {CH}| production | Cut-off, S - Copied from Ecoinvent; World Bank, Inflation (annual %), 2024; No factor available; European Central Bank, Eurosystem, US dollar (USD), 2024"
"Swiss sugar moderate";"Switzerland";"Sugarbeet";"none";"Production";"Environment";"Stratospheric ozone depletion";"kg CFC11 eq";0.000000017336495994419456;0.0000011537640564059009;"Sugar";"Swiss sugar";"Sugar";"2021";"conventional";5.56;"yes";"none";"Rolex Centre";"False";"none";0;0;0.026243340862536137;0;0;"USD2023/kg";"Sugar beet {CH}| production | Cut-off, S - Copied from Ecoinvent; World Bank, Inflation (annual %), 2024; True Price, Monestisation factors for true pricing (2023); European Central Bank, Eurosystem, US dollar (USD), 2024"
"Swiss sugar moderate";"Switzerland";"Sugarbeet";"none";"Production";"Environment";"Terrestrial acidification";"kg SO2 eq";0.00000851836717727124;0.000047193317991302995;"Sugar";"Swiss sugar";"Sugar";"2021";"conventional";5.56;"yes";"none";"Rolex Centre";"False";"none";0;0;0.026243340862536137;0;0;"USD2023/kg";"Sugar beet {CH}| production | Cut-off, S - Copied from Ecoinvent; World Bank, Inflation (annual %), 2024; True Price, Monestisation factors for true pricing (2023); European Central Bank, Eurosystem, US dollar (USD), 2024"
"Swiss sugar moderate";"Switzerland";"Sugarbeet";"none";"Production";"Environment";"Terrestrial ecotoxicity";"kg 1,4-DCB";0.0012631354832057487;0.0000004355603195496449;"Sugar";"Swiss sugar";"Sugar";"2021";"conventional";5.56;"yes";"none";"Rolex Centre";"False";"none";0;0;0.026243340862536137;0;0;"USD2023/kg";"Sugar beet {CH}| production | Cut-off, S - Copied from Ecoinvent; World Bank, Inflation (annual %), 2024; True Price, Monestisation factors for true pricing (2023); European Central Bank, Eurosystem, US dollar (USD), 2024"
"Swiss sugar moderate";"Switzerland";"Sugarbeet";"none";"Production";"Environment";"Water consumption";"m3";0.00003543971558474495;0.00005417750322273009;"Sugar";"Swiss sugar";"Sugar";"2021";"conventional";5.56;"yes";"none";"Rolex Centre";"False";"none";0;0;0.026243340862536137;0;0;"USD2023/kg";"Sugar beet {CH}| production | Cut-off, S - Copied from Ecoinvent; World Bank, Inflation (annual %), 2024; True Price, Monestisation factors for true pricing (2023); European Central Bank, Eurosystem, US dollar (USD), 2024"
"Swiss sugar moderate";"Switzerland";"Sugarbeet";"none";"Processing, Sugar extraction";"Environment";"Fine particulate matter formation";"kg PM2.5 eq";0.0000017813877148898823;0.00019180210726427478;"Sugar";"Swiss sugar";"Sugar";"2021";"conventional";5.56;"no";"France";"Rolex Centre";"False";"none";0;0;0.026243340862536137;0;0;"USD2023/kg";"Extraction of sugar from beet, processing/FR U Misssing data at the country level, France has been used as a proxy; World Bank, Inflation (annual %), 2024; CE-Delft, Environmental Prices Handbook (2017); European Central Bank, Eurosystem, US dollar (USD), 2024"
"Swiss sugar moderate";"Switzerland";"Sugarbeet";"none";"Processing, Sugar extraction";"Environment";"Fossil resource scarcity";"kg oil eq";0.0006749299736663228;0.000356856543893247;"Sugar";"Swiss sugar";"Sugar";"2021";"conventional";5.56;"no";"France";"Rolex Centre";"False";"none";0;0;0.026243340862536137;0;0;"USD2023/kg";"Extraction of sugar from beet, processing/FR U Misssing data at the country level, France has been used as a proxy; World Bank, Inflation (annual %), 2024; True Price, Monestisation factors for true pricing (2023); European Central Bank, Eurosystem, US dollar (USD), 2024"
"Swiss sugar moderate";"Switzerland";"Sugarbeet";"none";"Processing, Sugar extraction";"Environment";"Freshwater ecotoxicity";"kg 1,4-DCB";0.00003656076358436411;0.0000017523805746335103;"Sugar";"Swiss sugar";"Sugar";"2021";"conventional";5.56;"no";"France";"Rolex Centre";"False";"none";0;0;0.026243340862536137;0;0;"USD2023/kg";"Extraction of sugar from beet, processing/FR U Misssing data at the country level, France has been used as a proxy; World Bank, Inflation (annual %), 2024; True Price, Monestisation factors for true pricing (2023); European Central Bank, Eurosystem, US dollar (USD), 2024"
"Swiss sugar moderate";"Switzerland";"Sugarbeet";"none";"Processing, Sugar extraction";"Environment";"Freshwater eutrophication";"kg P eq";0.000000385249346995119;0.00009254763288427635;"Sugar";"Swiss sugar";"Sugar";"2021";"conventional";5.56;"no";"France";"Rolex Centre";"False";"none";0;0;0.026243340862536137;0;0;"USD2023/kg";"Extraction of sugar from beet, processing/FR U Misssing data at the country level, France has been used as a proxy; World Bank, Inflation (annual %), 2024; True Price, Monestisation factors for true pricing (2023); European Central Bank, Eurosystem, US dollar (USD), 2024"
"Swiss sugar moderate";"Switzerland";"Sugarbeet";"none";"Processing, Sugar extraction";"Environment";"Global warming";"kg CO2 eq";0.0019260967320995608;0.0003608633833323751;"Sugar";"Swiss sugar";"Sugar";"2021";"conventional";5.56;"no";"France";"Rolex Centre";"False";"none";0;0;0.026243340862536137;0;0;"USD2023/kg";"Extraction of sugar from beet, processing/FR U Misssing data at the country level, France has been used as a proxy; World Bank, Inflation (annual %), 2024; True Price, Monestisation factors for true pricing (2023); European Central Bank, Eurosystem, US dollar (USD), 2024"
"Swiss sugar moderate";"Switzerland";"Sugarbeet";"none";"Processing, Sugar extraction";"Environment";"Human carcinogenic toxicity";"kg 1,4-DCB";0.00006349084509475411;0;"Sugar";"Swiss sugar";"Sugar";"2021";"conventional";5.56;"no";"France";"Rolex Centre";"False";"none";0;0;0.026243340862536137;0;0;"USD2023/kg";"Extraction of sugar from beet, processing/FR U Misssing data at the country level, France has been used as a proxy; World Bank, Inflation (annual %), 2024; No factor available; European Central Bank, Eurosystem, US dollar (USD), 2024"
"Swiss sugar moderate";"Switzerland";"Sugarbeet";"none";"Processing, Sugar extraction";"Environment";"Human non-carcinogenic toxicity";"kg 1,4-DCB";0.0018139055317975415;0;"Sugar";"Swiss sugar";"Sugar";"2021";"conventional";5.56;"no";"France";"Rolex Centre";"False";"none";0;0;0.026243340862536137;0;0;"USD2023/kg";"Extraction of sugar from beet, processing/FR U Misssing data at the country level, France has been used as a proxy; World Bank, Inflation (annual %), 2024; No factor available; European Central Bank, Eurosystem, US dollar (USD), 2024"
"Swiss sugar moderate";"Switzerland";"Sugarbeet";"none";"Processing, Sugar extraction";"Environment";"Ionizing radiation";"kBq Co-60 eq";0.00153885568102454;0;"Sugar";"Swiss sugar";"Sugar";"2021";"conventional";5.56;"no";"France";"Rolex Centre";"False";"none";0;0;0.026243340862536137;0;0;"USD2023/kg";"Extraction of sugar from beet, processing/FR U Misssing data at the country level, France has been used as a proxy; World Bank, Inflation (annual %), 2024; No factor available; European Central Bank, Eurosystem, US dollar (USD), 2024"
"Swiss sugar moderate";"Switzerland";"Sugarbeet";"none";"Processing, Sugar extraction";"Environment";"Land use";"m2a crop eq";0.000031932082484783196;0.000003817136579386231;"Sugar";"Swiss sugar";"Sugar";"2021";"conventional";5.56;"no";"France";"Rolex Centre";"False";"none";0;0;0.026243340862536137;0;0;"USD2023/kg";"Extraction of sugar from beet, processing/FR U Misssing data at the country level, France has been used as a proxy; World Bank, Inflation (annual %), 2024; True Price, Monestisation factors for true pricing (2023); European Central Bank, Eurosystem, US dollar (USD), 2024"
"Swiss sugar moderate";"Switzerland";"Sugarbeet";"none";"Processing, Sugar extraction";"Environment";"Marine ecotoxicity";"kg 1,4-DCB";0.000051211219955746015;0.00000011183966061054046;"Sugar";"Swiss sugar";"Sugar";"2021";"conventional";5.56;"no";"France";"Rolex Centre";"False";"none";0;0;0.026243340862536137;0;0;"USD2023/kg";"Extraction of sugar from beet, processing/FR U Misssing data at the country level, France has been used as a proxy; World Bank, Inflation (annual %), 2024; True Price, Monestisation factors for true pricing (2023); European Central Bank, Eurosystem, US dollar (USD), 2024"
"Swiss sugar moderate";"Switzerland";"Sugarbeet";"none";"Processing, Sugar extraction";"Environment";"Marine eutrophication";"kg N eq";0.000000822374403767498;0.00001370612551444224;"Sugar";"Swiss sugar";"Sugar";"2021";"conventional";5.56;"no";"France";"Rolex Centre";"False";"none";0;0;0.026243340862536137;0;0;"USD2023/kg";"Extraction of sugar from beet, processing/FR U Misssing data at the country level, France has been used as a proxy; World Bank, Inflation (annual %), 2024; True Price, Monestisation factors for true pricing (2023); European Central Bank, Eurosystem, US dollar (USD), 2024"
"Swiss sugar moderate";"Switzerland";"Sugarbeet";"none";"Processing, Sugar extraction";"Environment";"Mineral resource scarcity";"kg Cu eq";0.00000682236895438055;0.000001748707542524831;"Sugar";"Swiss sugar";"Sugar";"2021";"conventional";5.56;"no";"France";"Rolex Centre";"False";"none";0;0;0.026243340862536137;0;0;"USD2023/kg";"Extraction of sugar from beet, processing/FR U Misssing data at the country level, France has been used as a proxy; World Bank, Inflation (annual %), 2024; True Price, Monestisation factors for true pricing (2023); European Central Bank, Eurosystem, US dollar (USD), 2024"
"Swiss sugar moderate";"Switzerland";"Sugarbeet";"none";"Processing, Sugar extraction";"Environment";"Ozone formation, Human health";"kg NOx eq";0.000003787993851350835;0;"Sugar";"Swiss sugar";"Sugar";"2021";"conventional";5.56;"no";"France";"Rolex Centre";"False";"none";0;0;0.026243340862536137;0;0;"USD2023/kg";"Extraction of sugar from beet, processing/FR U Misssing data at the country level, France has been used as a proxy; World Bank, Inflation (annual %), 2024; No factor available; European Central Bank, Eurosystem, US dollar (USD), 2024"
"Swiss sugar moderate";"Switzerland";"Sugarbeet";"none";"Processing, Sugar extraction";"Environment";"Ozone formation, Terrestrial ecosystems";"kg NOx eq";0.000003889799099910356;0;"Sugar";"Swiss sugar";"Sugar";"2021";"conventional";5.56;"no";"France";"Rolex Centre";"False";"none";0;0;0.026243340862536137;0;0;"USD2023/kg";"Extraction of sugar from beet, processing/FR U Misssing data at the country level, France has been used as a proxy; World Bank, Inflation (annual %), 2024; No factor available; European Central Bank, Eurosystem, US dollar (USD), 2024"
"Swiss sugar moderate";"Switzerland";"Sugarbeet";"none";"Processing, Sugar extraction";"Environment";"Stratospheric ozone depletion";"kg CFC11 eq";0.0000000010939530208364036;0.00000007280385120753252;"Sugar";"Swiss sugar";"Sugar";"2021";"conventional";5.56;"no";"France";"Rolex Centre";"False";"none";0;0;0.026243340862536137;0;0;"USD2023/kg";"Extraction of sugar from beet, processing/FR U Misssing data at the country level, France has been used as a proxy; World Bank, Inflation (annual %), 2024; True Price, Monestisation factors for true pricing (2023); European Central Bank, Eurosystem, US dollar (USD), 2024"
"Swiss sugar moderate";"Switzerland";"Sugarbeet";"none";"Processing, Sugar extraction";"Environment";"Terrestrial acidification";"kg SO2 eq";0.000004041013356718054;0.00002238795585843591;"Sugar";"Swiss sugar";"Sugar";"2021";"conventional";5.56;"no";"France";"Rolex Centre";"False";"none";0;0;0.026243340862536137;0;0;"USD2023/kg";"Extraction of sugar from beet, processing/FR U Misssing data at the country level, France has been used as a proxy; World Bank, Inflation (annual %), 2024; True Price, Monestisation factors for true pricing (2023); European Central Bank, Eurosystem, US dollar (USD), 2024"
"Swiss sugar moderate";"Switzerland";"Sugarbeet";"none";"Processing, Sugar extraction";"Environment";"Terrestrial ecotoxicity";"kg 1,4-DCB";0.00281219726843886;0.0000009697150916615893;"Sugar";"Swiss sugar";"Sugar";"2021";"conventional";5.56;"no";"France";"Rolex Centre";"False";"none";0;0;0.026243340862536137;0;0;"USD2023/kg";"Extraction of sugar from beet, processing/FR U Misssing data at the country level, France has been used as a proxy; World Bank, Inflation (annual %), 2024; True Price, Monestisation factors for true pricing (2023); European Central Bank, Eurosystem, US dollar (USD), 2024"
"Swiss sugar moderate";"Switzerland";"Sugarbeet";"none";"Processing, Sugar extraction";"Environment";"Water consumption";"m3";-0.00007317497020346415;-0.0001118642494334196;"Sugar";"Swiss sugar";"Sugar";"2021";"conventional";5.56;"no";"France";"Rolex Centre";"False";"none";0;0;0.026243340862536137;0;0;"USD2023/kg";"Extraction of sugar from beet, processing/FR U Misssing data at the country level, France has been used as a proxy; World Bank, Inflation (annual %), 2024; True Price, Monestisation factors for true pricing (2023); European Central Bank, Eurosystem, US dollar (USD), 2024"
"Swiss sugar moderate";"Europe";"Sugarbeet";"none";"Transport, Field to Storage";"Environment";"Agricultural land occupation";"m2a";0.0000040713111194839824;0;"Sugar";"Swiss sugar";"Sugar";"2021";"conventional";5.56;"country-specific";"Europe";"Rolex Centre";"False";"none";0;0;0.026243340862536137;0;0;"USD2023/kg";"Road; transport, freight, lorry 16-32 metric ton, EURO6 (200); World Bank, Inflation (annual %), 2024; No factor available; European Central Bank, Eurosystem, US dollar (USD), 2024"
"Swiss sugar moderate";"Europe";"Sugarbeet";"none";"Transport, Field to Storage";"Environment";"Global warming";"kg CO2 eq";0.0005381535224292767;0.00010082562190133333;"Sugar";"Swiss sugar";"Sugar";"2021";"conventional";5.56;"country-specific";"Europe";"Rolex Centre";"False";"none";0;0;0.026243340862536137;0;0;"USD2023/kg";"Road; transport, freight, lorry 16-32 metric ton, EURO6 (200); World Bank, Inflation (annual %), 2024; True Price, Monestisation factors for true pricing (2023); European Central Bank, Eurosystem, US dollar (USD), 2024"
"Swiss sugar moderate";"Europe";"Sugarbeet";"none";"Transport, Field to Storage";"Environment";"Fossil resource scarcity";"kg oil eq";0.00020400697623031518;0.00010786485607120795;"Sugar";"Swiss sugar";"Sugar";"2021";"conventional";5.56;"country-specific";"Europe";"Rolex Centre";"False";"none";0;0;0.026243340862536137;0;0;"USD2023/kg";"Road; transport, freight, lorry 16-32 metric ton, EURO6 (200); World Bank, Inflation (annual %), 2024; True Price, Monestisation factors for true pricing (2023); European Central Bank, Eurosystem, US dollar (USD), 2024"
"Swiss sugar moderate";"Europe";"Sugarbeet";"none";"Transport, Field to Storage";"Environment";"Freshwater ecotoxicity";"kg 1,4-DCB";0.000004070662113649879;0.00000019510941551853547;"Sugar";"Swiss sugar";"Sugar";"2021";"conventional";5.56;"country-specific";"Europe";"Rolex Centre";"False";"none";0;0;0.026243340862536137;0;0;"USD2023/kg";"Road; transport, freight, lorry 16-32 metric ton, EURO6 (200); World Bank, Inflation (annual %), 2024; True Price, Monestisation factors for true pricing (2023); European Central Bank, Eurosystem, US dollar (USD), 2024"
"Swiss sugar moderate";"Europe";"Sugarbeet";"none";"Transport, Field to Storage";"Environment";"Freshwater eutrophication";"kg P eq";0.00000003588099487862923;0.000008619615237380401;"Sugar";"Swiss sugar";"Sugar";"2021";"conventional";5.56;"country-specific";"Europe";"Rolex Centre";"False";"none";0;0;0.026243340862536137;0;0;"USD2023/kg";"Road; transport, freight, lorry 16-32 metric ton, EURO6 (200); World Bank, Inflation (annual %), 2024; True Price, Monestisation factors for true pricing (2023); European Central Bank, Eurosystem, US dollar (USD), 2024"
"Swiss sugar moderate";"Europe";"Sugarbeet";"none";"Transport, Field to Storage";"Environment";"Human toxicity";"kg 1,4-DCB";0.00014651208906876054;0;"Sugar";"Swiss sugar";"Sugar";"2021";"conventional";5.56;"country-specific";"Europe";"Rolex Centre";"False";"none";0;0;0.026243340862536137;0;0;"USD2023/kg";"Road; transport, freight, lorry 16-32 metric ton, EURO6 (200); World Bank, Inflation (annual %), 2024; No factor available; European Central Bank, Eurosystem, US dollar (USD), 2024"
"Swiss sugar moderate";"Europe";"Sugarbeet";"none";"Transport, Field to Storage";"Environment";"Ionising radiation";"kg U235-Eq";0.000042468937230441904;0.0000027205726421741897;"Sugar";"Swiss sugar";"Sugar";"2021";"conventional";5.56;"country-specific";"Europe";"Rolex Centre";"False";"none";0;0;0.026243340862536137;0;0;"USD2023/kg";"Road; transport, freight, lorry 16-32 metric ton, EURO6 (200); World Bank, Inflation (annual %), 2024; CE-Delft, Environmental Prices Handbook (2017); European Central Bank, Eurosystem, US dollar (USD), 2024"
"Swiss sugar moderate";"Europe";"Sugarbeet";"none";"Transport, Field to Storage";"Environment";"Marine ecotoxicity";"kg 1,4-DCB";0.000005232387987686611;0.000000011426958725670424;"Sugar";"Swiss sugar";"Sugar";"2021";"conventional";5.56;"country-specific";"Europe";"Rolex Centre";"False";"none";0;0;0.026243340862536137;0;0;"USD2023/kg";"Road; transport, freight, lorry 16-32 metric ton, EURO6 (200); World Bank, Inflation (annual %), 2024; True Price, Monestisation factors for true pricing (2023); European Central Bank, Eurosystem, US dollar (USD), 2024"
"Swiss sugar moderate";"Europe";"Sugarbeet";"none";"Transport, Field to Storage";"Environment";"Marine eutrophication";"kg N eq";0.0000003154147473699255;0.000005256868522114803;"Sugar";"Swiss sugar";"Sugar";"2021";"conventional";5.56;"country-specific";"Europe";"Rolex Centre";"False";"none";0;0;0.026243340862536137;0;0;"USD2023/kg";"Road; transport, freight, lorry 16-32 metric ton, EURO6 (200); World Bank, Inflation (annual %), 2024; True Price, Monestisation factors for true pricing (2023); European Central Bank, Eurosystem, US dollar (USD), 2024"
"Swiss sugar moderate";"Europe";"Sugarbeet";"none";"Transport, Field to Storage";"Environment";"Metal depletion";"kg Fe eq";0.00002113422039000132;0;"Sugar";"Swiss sugar";"Sugar";"2021";"conventional";5.56;"country-specific";"Europe";"Rolex Centre";"False";"none";0;0;0.026243340862536137;0;0;"USD2023/kg";"Road; transport, freight, lorry 16-32 metric ton, EURO6 (200); World Bank, Inflation (annual %), 2024; No factor available; European Central Bank, Eurosystem, US dollar (USD), 2024"
"Swiss sugar moderate";"Europe";"Sugarbeet";"none";"Transport, Field to Storage";"Environment";"Natural land transformation";"m2";0.00000020905741598114946;0;"Sugar";"Swiss sugar";"Sugar";"2021";"conventional";5.56;"country-specific";"Europe";"Rolex Centre";"False";"none";0;0;0.026243340862536137;0;0;"USD2023/kg";"Road; transport, freight, lorry 16-32 metric ton, EURO6 (200); World Bank, Inflation (annual %), 2024; No factor available; European Central Bank, Eurosystem, US dollar (USD), 2024"
"Swiss sugar moderate";"Europe";"Sugarbeet";"none";"Transport, Field to Storage";"Environment";"Stratospheric ozone depletion";"kg CFC11 eq";0.00000000009981350259359421;0.0000000066427051737292275;"Sugar";"Swiss sugar";"Sugar";"2021";"conventional";5.56;"country-specific";"Europe";"Rolex Centre";"False";"none";0;0;0.026243340862536137;0;0;"USD2023/kg";"Road; transport, freight, lorry 16-32 metric ton, EURO6 (200); World Bank, Inflation (annual %), 2024; True Price, Monestisation factors for true pricing (2023); European Central Bank, Eurosystem, US dollar (USD), 2024"
"Swiss sugar moderate";"Europe";"Sugarbeet";"none";"Transport, Field to Storage";"Environment";"Fine particulate matter formation";"kg PM10 eq";0.0000007093654589684091;0;"Sugar";"Swiss sugar";"Sugar";"2021";"conventional";5.56;"country-specific";"Europe";"Rolex Centre";"False";"none";0;0;0.026243340862536137;0;0;"USD2023/kg";"Road; transport, freight, lorry 16-32 metric ton, EURO6 (200); World Bank, Inflation (annual %), 2024; No factor available; European Central Bank, Eurosystem, US dollar (USD), 2024"
"Swiss sugar moderate";"Europe";"Sugarbeet";"none";"Transport, Field to Storage";"Environment";"Photochemical oxidant formation";"kg NMVOC";0.0000013139730097017247;0.000004571077557375363;"Sugar";"Swiss sugar";"Sugar";"2021";"conventional";5.56;"country-specific";"Europe";"Rolex Centre";"False";"none";0;0;0.026243340862536137;0;0;"USD2023/kg";"Road; transport, freight, lorry 16-32 metric ton, EURO6 (200); World Bank, Inflation (annual %), 2024; True Price, Monestisation factors for true pricing (2023); European Central Bank, Eurosystem, US dollar (USD), 2024"
"Swiss sugar moderate";"Europe";"Sugarbeet";"none";"Transport, Field to Storage";"Environment";"Terrestrial acidification";"kg SO2 eq";0.0000011748028584954285;0.0000065086235101486845;"Sugar";"Swiss sugar";"Sugar";"2021";"conventional";5.56;"country-specific";"Europe";"Rolex Centre";"False";"none";0;0;0.026243340862536137;0;0;"USD2023/kg";"Road; transport, freight, lorry 16-32 metric ton, EURO6 (200); World Bank, Inflation (annual %), 2024; True Price, Monestisation factors for true pricing (2023); European Central Bank, Eurosystem, US dollar (USD), 2024"
"Swiss sugar moderate";"Europe";"Sugarbeet";"none";"Transport, Field to Storage";"Environment";"Terrestrial ecotoxicity";"kg 1,4-DCB";0.00000026723318273194064;0.00000000009214860322788768;"Sugar";"Swiss sugar";"Sugar";"2021";"conventional";5.56;"country-specific";"Europe";"Rolex Centre";"False";"none";0;0;0.026243340862536137;0;0;"USD2023/kg";"Road; transport, freight, lorry 16-32 metric ton, EURO6 (200); World Bank, Inflation (annual %), 2024; True Price, Monestisation factors for true pricing (2023); European Central Bank, Eurosystem, US dollar (USD), 2024"
"Swiss sugar moderate";"Europe";"Sugarbeet";"none";"Transport, Field to Storage";"Environment";"Urban land occupation";"m2a";0.000030006902455187796;0.0000014223844754508498;"Sugar";"Swiss sugar";"Sugar";"2021";"conventional";5.56;"country-specific";"Europe";"Rolex Centre";"False";"none";0;0;0.026243340862536137;0;0;"USD2023/kg";"Road; transport, freight, lorry 16-32 metric ton, EURO6 (200); World Bank, Inflation (annual %), 2024; CE-Delft, Environmental Prices Handbook (2017); European Central Bank, Eurosystem, US dollar (USD), 2024"
"Swiss sugar moderate";"Europe";"Sugarbeet";"none";"Transport, Field to Storage";"Environment";"Water consumption";"m3";0.0000004083561868345827;0.0000006242634361821895;"Sugar";"Swiss sugar";"Sugar";"2021";"conventional";5.56;"country-specific";"Europe";"Rolex Centre";"False";"none";0;0;0.026243340862536137;0;0;"USD2023/kg";"Road; transport, freight, lorry 16-32 metric ton, EURO6 (200); World Bank, Inflation (annual %), 2024; True Price, Monestisation factors for true pricing (2023); European Central Bank, Eurosystem, US dollar (USD), 2024"
"Swiss sugar moderate";"Europe";"Sugarbeet";"none";"Transport, Storage-to-Port";"Environment";"Agricultural land occupation";"m2a";0.000000768862711413342;0;"Sugar";"Swiss sugar";"Sugar";"2021";"conventional";1;"country-specific";"Europe";"Rolex Centre";"False";"none";0;0;0.026243340862536137;0;0;"USD2023/kg";"Road; transport, freight, lorry 16-32 metric ton, EURO6 (210); World Bank, Inflation (annual %), 2024; No factor available; European Central Bank, Eurosystem, US dollar (USD), 2024"
"Swiss sugar moderate";"Europe";"Sugarbeet";"none";"Transport, Storage-to-Port";"Environment";"Global warming";"kg CO2 eq";0.00010162971196955765;0.000019040809891438846;"Sugar";"Swiss sugar";"Sugar";"2021";"conventional";1;"country-specific";"Europe";"Rolex Centre";"False";"none";0;0;0.026243340862536137;0;0;"USD2023/kg";"Road; transport, freight, lorry 16-32 metric ton, EURO6 (210); World Bank, Inflation (annual %), 2024; True Price, Monestisation factors for true pricing (2023); European Central Bank, Eurosystem, US dollar (USD), 2024"
"Swiss sugar moderate";"Europe";"Sugarbeet";"none";"Transport, Storage-to-Port";"Environment";"Fossil resource scarcity";"kg oil eq";0.00003852649730968183;0.000020370161668123804;"Sugar";"Swiss sugar";"Sugar";"2021";"conventional";1;"country-specific";"Europe";"Rolex Centre";"False";"none";0;0;0.026243340862536137;0;0;"USD2023/kg";"Road; transport, freight, lorry 16-32 metric ton, EURO6 (210); World Bank, Inflation (annual %), 2024; True Price, Monestisation factors for true pricing (2023); European Central Bank, Eurosystem, US dollar (USD), 2024"
"Swiss sugar moderate";"Europe";"Sugarbeet";"none";"Transport, Storage-to-Port";"Environment";"Freshwater ecotoxicity";"kg 1,4-DCB";0.0000007687401473619377;0.000000036846202570946445;"Sugar";"Swiss sugar";"Sugar";"2021";"conventional";1;"country-specific";"Europe";"Rolex Centre";"False";"none";0;0;0.026243340862536137;0;0;"USD2023/kg";"Road; transport, freight, lorry 16-32 metric ton, EURO6 (210); World Bank, Inflation (annual %), 2024; True Price, Monestisation factors for true pricing (2023); European Central Bank, Eurosystem, US dollar (USD), 2024"
"Swiss sugar moderate";"Europe";"Sugarbeet";"none";"Transport, Storage-to-Port";"Environment";"Freshwater eutrophication";"kg P eq";0.000000006776087162331059;0.0000016278050358362268;"Sugar";"Swiss sugar";"Sugar";"2021";"conventional";1;"country-specific";"Europe";"Rolex Centre";"False";"none";0;0;0.026243340862536137;0;0;"USD2023/kg";"Road; transport, freight, lorry 16-32 metric ton, EURO6 (210); World Bank, Inflation (annual %), 2024; True Price, Monestisation factors for true pricing (2023); European Central Bank, Eurosystem, US dollar (USD), 2024"
"Swiss sugar moderate";"Europe";"Sugarbeet";"none";"Transport, Storage-to-Port";"Environment";"Human toxicity";"kg 1,4-DCB";0.0000276686499140645;0;"Sugar";"Swiss sugar";"Sugar";"2021";"conventional";1;"country-specific";"Europe";"Rolex Centre";"False";"none";0;0;0.026243340862536137;0;0;"USD2023/kg";"Road; transport, freight, lorry 16-32 metric ton, EURO6 (210); World Bank, Inflation (annual %), 2024; No factor available; European Central Bank, Eurosystem, US dollar (USD), 2024"
"Swiss sugar moderate";"Europe";"Sugarbeet";"none";"Transport, Storage-to-Port";"Environment";"Ionising radiation";"kg U235-Eq";0.000008020212966180575;0.000000513777207604838;"Sugar";"Swiss sugar";"Sugar";"2021";"conventional";1;"country-specific";"Europe";"Rolex Centre";"False";"none";0;0;0.026243340862536137;0;0;"USD2023/kg";"Road; transport, freight, lorry 16-32 metric ton, EURO6 (210); World Bank, Inflation (annual %), 2024; CE-Delft, Environmental Prices Handbook (2017); European Central Bank, Eurosystem, US dollar (USD), 2024"
"Swiss sugar moderate";"Europe";"Sugarbeet";"none";"Transport, Storage-to-Port";"Environment";"Marine ecotoxicity";"kg 1,4-DCB";0.0000009881308250127593;0.0000000021579688240924362;"Sugar";"Swiss sugar";"Sugar";"2021";"conventional";1;"country-specific";"Europe";"Rolex Centre";"False";"none";0;0;0.026243340862536137;0;0;"USD2023/kg";"Road; transport, freight, lorry 16-32 metric ton, EURO6 (210); World Bank, Inflation (annual %), 2024; True Price, Monestisation factors for true pricing (2023); European Central Bank, Eurosystem, US dollar (USD), 2024"
"Swiss sugar moderate";"Europe";"Sugarbeet";"none";"Transport, Storage-to-Port";"Environment";"Marine eutrophication";"kg N eq";0.000000059565734665183775;0.0000009927539475216804;"Sugar";"Swiss sugar";"Sugar";"2021";"conventional";1;"country-specific";"Europe";"Rolex Centre";"False";"none";0;0;0.026243340862536137;0;0;"USD2023/kg";"Road; transport, freight, lorry 16-32 metric ton, EURO6 (210); World Bank, Inflation (annual %), 2024; True Price, Monestisation factors for true pricing (2023); European Central Bank, Eurosystem, US dollar (USD), 2024"
"Swiss sugar moderate";"Europe";"Sugarbeet";"none";"Transport, Storage-to-Port";"Environment";"Metal depletion";"kg Fe eq";0.000003991174713939099;0;"Sugar";"Swiss sugar";"Sugar";"2021";"conventional";1;"country-specific";"Europe";"Rolex Centre";"False";"none";0;0;0.026243340862536137;0;0;"USD2023/kg";"Road; transport, freight, lorry 16-32 metric ton, EURO6 (210); World Bank, Inflation (annual %), 2024; No factor available; European Central Bank, Eurosystem, US dollar (USD), 2024"
"Swiss sugar moderate";"Europe";"Sugarbeet";"none";"Transport, Storage-to-Port";"Environment";"Natural land transformation";"m2";0.000000039480267406512045;0;"Sugar";"Swiss sugar";"Sugar";"2021";"conventional";1;"country-specific";"Europe";"Rolex Centre";"False";"none";0;0;0.026243340862536137;0;0;"USD2023/kg";"Road; transport, freight, lorry 16-32 metric ton, EURO6 (210); World Bank, Inflation (annual %), 2024; No factor available; European Central Bank, Eurosystem, US dollar (USD), 2024"
"Swiss sugar moderate";"Europe";"Sugarbeet";"none";"Transport, Storage-to-Port";"Environment";"Stratospheric ozone depletion";"kg CFC11 eq";0.000000000018849672252387396;0.0000000012544677036718866;"Sugar";"Swiss sugar";"Sugar";"2021";"conventional";1;"country-specific";"Europe";"Rolex Centre";"False";"none";0;0;0.026243340862536137;0;0;"USD2023/kg";"Road; transport, freight, lorry 16-32 metric ton, EURO6 (210); World Bank, Inflation (annual %), 2024; True Price, Monestisation factors for true pricing (2023); European Central Bank, Eurosystem, US dollar (USD), 2024"
"Swiss sugar moderate";"Europe";"Sugarbeet";"none";"Transport, Storage-to-Port";"Environment";"Fine particulate matter formation";"kg PM10 eq";0.0000001339629014238902;0;"Sugar";"Swiss sugar";"Sugar";"2021";"conventional";1;"country-specific";"Europe";"Rolex Centre";"False";"none";0;0;0.026243340862536137;0;0;"USD2023/kg";"Road; transport, freight, lorry 16-32 metric ton, EURO6 (210); World Bank, Inflation (annual %), 2024; No factor available; European Central Bank, Eurosystem, US dollar (USD), 2024"
"Swiss sugar moderate";"Europe";"Sugarbeet";"none";"Transport, Storage-to-Port";"Environment";"Photochemical oxidant formation";"kg NMVOC";0.0000002481423849256855;0.0000008632430638928294;"Sugar";"Swiss sugar";"Sugar";"2021";"conventional";1;"country-specific";"Europe";"Rolex Centre";"False";"none";0;0;0.026243340862536137;0;0;"USD2023/kg";"Road; transport, freight, lorry 16-32 metric ton, EURO6 (210); World Bank, Inflation (annual %), 2024; True Price, Monestisation factors for true pricing (2023); European Central Bank, Eurosystem, US dollar (USD), 2024"
"Swiss sugar moderate";"Europe";"Sugarbeet";"none";"Transport, Storage-to-Port";"Environment";"Terrestrial acidification";"kg SO2 eq";0.0000002218602520539928;0.0000012291465261971438;"Sugar";"Swiss sugar";"Sugar";"2021";"conventional";1;"country-specific";"Europe";"Rolex Centre";"False";"none";0;0;0.026243340862536137;0;0;"USD2023/kg";"Road; transport, freight, lorry 16-32 metric ton, EURO6 (210); World Bank, Inflation (annual %), 2024; True Price, Monestisation factors for true pricing (2023); European Central Bank, Eurosystem, US dollar (USD), 2024"
"Swiss sugar moderate";"Europe";"Sugarbeet";"none";"Transport, Storage-to-Port";"Environment";"Terrestrial ecotoxicity";"kg 1,4-DCB";0.000000050466698177794546;0.000000000017402164278647856;"Sugar";"Swiss sugar";"Sugar";"2021";"conventional";1;"country-specific";"Europe";"Rolex Centre";"False";"none";0;0;0.026243340862536137;0;0;"USD2023/kg";"Road; transport, freight, lorry 16-32 metric ton, EURO6 (210); World Bank, Inflation (annual %), 2024; True Price, Monestisation factors for true pricing (2023); European Central Bank, Eurosystem, US dollar (USD), 2024"
"Swiss sugar moderate";"Europe";"Sugarbeet";"none";"Transport, Storage-to-Port";"Environment";"Urban land occupation";"m2a";0.000005666771147112804;0.00000026861577324161736;"Sugar";"Swiss sugar";"Sugar";"2021";"conventional";1;"country-specific";"Europe";"Rolex Centre";"False";"none";0;0;0.026243340862536137;0;0;"USD2023/kg";"Road; transport, freight, lorry 16-32 metric ton, EURO6 (210); World Bank, Inflation (annual %), 2024; CE-Delft, Environmental Prices Handbook (2017); European Central Bank, Eurosystem, US dollar (USD), 2024"
"Swiss sugar moderate";"Europe";"Sugarbeet";"none";"Transport, Storage-to-Port";"Environment";"Water consumption";"m3";0.00000007711762521156689;0.00000011789147625742788;"Sugar";"Swiss sugar";"Sugar";"2021";"conventional";1;"country-specific";"Europe";"Rolex Centre";"False";"none";0;0;0.026243340862536137;0;0;"USD2023/kg";"Road; transport, freight, lorry 16-32 metric ton, EURO6 (210); World Bank, Inflation (annual %), 2024; True Price, Monestisation factors for true pricing (2023); European Central Bank, Eurosystem, US dollar (USD), 2024"
"Swiss sugar moderate";"Switzerland";"Sugarbeet";"none";"Transport, Manufacture-to-Retail";"Environment";"Agricultural land occupation";"m2a";0.0000013817594543600506;0;"Sugar";"Swiss sugar";"Sugar";"2021";"conventional";1;"country-specific";"Switzerland";"Rolex Centre";"False";"none";0;0;0.026243340862536137;0;0;"USD2023/kg";"Road; transport, freight, light commercial vehicle (35); World Bank, Inflation (annual %), 2024; No factor available; European Central Bank, Eurosystem, US dollar (USD), 2024"
"Swiss sugar moderate";"Switzerland";"Sugarbeet";"none";"Transport, Manufacture-to-Retail";"Environment";"Global warming";"kg CO2 eq";0.0001490979953842911;0.000027934218549761276;"Sugar";"Swiss sugar";"Sugar";"2021";"conventional";1;"country-specific";"Switzerland";"Rolex Centre";"False";"none";0;0;0.026243340862536137;0;0;"USD2023/kg";"Road; transport, freight, light commercial vehicle (35); World Bank, Inflation (annual %), 2024; True Price, Monestisation factors for true pricing (2023); European Central Bank, Eurosystem, US dollar (USD), 2024"
"Swiss sugar moderate";"Switzerland";"Sugarbeet";"none";"Transport, Manufacture-to-Retail";"Environment";"Fossil resource scarcity";"kg oil eq";0.00005438582765519768;0.000028755484644400558;"Sugar";"Swiss sugar";"Sugar";"2021";"conventional";1;"country-specific";"Switzerland";"Rolex Centre";"False";"none";0;0;0.026243340862536137;0;0;"USD2023/kg";"Road; transport, freight, light commercial vehicle (35); World Bank, Inflation (annual %), 2024; True Price, Monestisation factors for true pricing (2023); European Central Bank, Eurosystem, US dollar (USD), 2024"
"Swiss sugar moderate";"Switzerland";"Sugarbeet";"none";"Transport, Manufacture-to-Retail";"Environment";"Freshwater ecotoxicity";"kg 1,4-DCB";0.000004432503261603228;0.00000021245269111269497;"Sugar";"Swiss sugar";"Sugar";"2021";"conventional";1;"country-specific";"Switzerland";"Rolex Centre";"False";"none";0;0;0.026243340862536137;0;0;"USD2023/kg";"Road; transport, freight, light commercial vehicle (35); World Bank, Inflation (annual %), 2024; True Price, Monestisation factors for true pricing (2023); European Central Bank, Eurosystem, US dollar (USD), 2024"
"Swiss sugar moderate";"Switzerland";"Sugarbeet";"none";"Transport, Manufacture-to-Retail";"Environment";"Freshwater eutrophication";"kg P eq";0.000000019272368127898726;0.000004629760087131302;"Sugar";"Swiss sugar";"Sugar";"2021";"conventional";1;"country-specific";"Switzerland";"Rolex Centre";"False";"none";0;0;0.026243340862536137;0;0;"USD2023/kg";"Road; transport, freight, light commercial vehicle (35); World Bank, Inflation (annual %), 2024; True Price, Monestisation factors for true pricing (2023); European Central Bank, Eurosystem, US dollar (USD), 2024"
"Swiss sugar moderate";"Switzerland";"Sugarbeet";"none";"Transport, Manufacture-to-Retail";"Environment";"Human toxicity";"kg 1,4-DCB";0.000034858140665972716;0;"Sugar";"Swiss sugar";"Sugar";"2021";"conventional";1;"country-specific";"Switzerland";"Rolex Centre";"False";"none";0;0;0.026243340862536137;0;0;"USD2023/kg";"Road; transport, freight, light commercial vehicle (35); World Bank, Inflation (annual %), 2024; No factor available; European Central Bank, Eurosystem, US dollar (USD), 2024"
"Swiss sugar moderate";"Switzerland";"Sugarbeet";"none";"Transport, Manufacture-to-Retail";"Environment";"Ionising radiation";"kg U235-Eq";0.000014395238318039563;0.0000009221632115051758;"Sugar";"Swiss sugar";"Sugar";"2021";"conventional";1;"country-specific";"Switzerland";"Rolex Centre";"False";"none";0;0;0.026243340862536137;0;0;"USD2023/kg";"Road; transport, freight, light commercial vehicle (35); World Bank, Inflation (annual %), 2024; CE-Delft, Environmental Prices Handbook (2017); European Central Bank, Eurosystem, US dollar (USD), 2024"
"Swiss sugar moderate";"Switzerland";"Sugarbeet";"none";"Transport, Manufacture-to-Retail";"Environment";"Marine ecotoxicity";"kg 1,4-DCB";0.000004048128434367727;0.000000008840666373478309;"Sugar";"Swiss sugar";"Sugar";"2021";"conventional";1;"country-specific";"Switzerland";"Rolex Centre";"False";"none";0;0;0.026243340862536137;0;0;"USD2023/kg";"Road; transport, freight, light commercial vehicle (35); World Bank, Inflation (annual %), 2024; True Price, Monestisation factors for true pricing (2023); European Central Bank, Eurosystem, US dollar (USD), 2024"
"Swiss sugar moderate";"Switzerland";"Sugarbeet";"none";"Transport, Manufacture-to-Retail";"Environment";"Marine eutrophication";"kg N eq";0.0000002396391914238609;0.000003993953144440875;"Sugar";"Swiss sugar";"Sugar";"2021";"conventional";1;"country-specific";"Switzerland";"Rolex Centre";"False";"none";0;0;0.026243340862536137;0;0;"USD2023/kg";"Road; transport, freight, light commercial vehicle (35); World Bank, Inflation (annual %), 2024; True Price, Monestisation factors for true pricing (2023); European Central Bank, Eurosystem, US dollar (USD), 2024"
"Swiss sugar moderate";"Switzerland";"Sugarbeet";"none";"Transport, Manufacture-to-Retail";"Environment";"Metal depletion";"kg Fe eq";0.000013099716052711365;0;"Sugar";"Swiss sugar";"Sugar";"2021";"conventional";1;"country-specific";"Switzerland";"Rolex Centre";"False";"none";0;0;0.026243340862536137;0;0;"USD2023/kg";"Road; transport, freight, light commercial vehicle (35); World Bank, Inflation (annual %), 2024; No factor available; European Central Bank, Eurosystem, US dollar (USD), 2024"
"Swiss sugar moderate";"Switzerland";"Sugarbeet";"none";"Transport, Manufacture-to-Retail";"Environment";"Natural land transformation";"m2";0.00000005408376754392171;0;"Sugar";"Swiss sugar";"Sugar";"2021";"conventional";1;"country-specific";"Switzerland";"Rolex Centre";"False";"none";0;0;0.026243340862536137;0;0;"USD2023/kg";"Road; transport, freight, light commercial vehicle (35); World Bank, Inflation (annual %), 2024; No factor available; European Central Bank, Eurosystem, US dollar (USD), 2024"
"Swiss sugar moderate";"Switzerland";"Sugarbeet";"none";"Transport, Manufacture-to-Retail";"Environment";"Stratospheric ozone depletion";"kg CFC11 eq";0.0000000000258046746766053;0.0000000017173312380251696;"Sugar";"Swiss sugar";"Sugar";"2021";"conventional";1;"country-specific";"Switzerland";"Rolex Centre";"False";"none";0;0;0.026243340862536137;0;0;"USD2023/kg";"Road; transport, freight, light commercial vehicle (35); World Bank, Inflation (annual %), 2024; True Price, Monestisation factors for true pricing (2023); European Central Bank, Eurosystem, US dollar (USD), 2024"
"Swiss sugar moderate";"Switzerland";"Sugarbeet";"none";"Transport, Manufacture-to-Retail";"Environment";"Fine particulate matter formation";"kg PM10 eq";0.00000025444832155344736;0;"Sugar";"Swiss sugar";"Sugar";"2021";"conventional";1;"country-specific";"Switzerland";"Rolex Centre";"False";"none";0;0;0.026243340862536137;0;0;"USD2023/kg";"Road; transport, freight, light commercial vehicle (35); World Bank, Inflation (annual %), 2024; No factor available; European Central Bank, Eurosystem, US dollar (USD), 2024"
"Swiss sugar moderate";"Switzerland";"Sugarbeet";"none";"Transport, Manufacture-to-Retail";"Environment";"Photochemical oxidant formation";"kg NMVOC";0.0000009039682604381478;0.0000031447442202838425;"Sugar";"Swiss sugar";"Sugar";"2021";"conventional";1;"country-specific";"Switzerland";"Rolex Centre";"False";"none";0;0;0.026243340862536137;0;0;"USD2023/kg";"Road; transport, freight, light commercial vehicle (35); World Bank, Inflation (annual %), 2024; True Price, Monestisation factors for true pricing (2023); European Central Bank, Eurosystem, US dollar (USD), 2024"
"Swiss sugar moderate";"Switzerland";"Sugarbeet";"none";"Transport, Manufacture-to-Retail";"Environment";"Terrestrial acidification";"kg SO2 eq";0.0000006009023001877739;0.000003329109058615545;"Sugar";"Swiss sugar";"Sugar";"2021";"conventional";1;"country-specific";"Switzerland";"Rolex Centre";"False";"none";0;0;0.026243340862536137;0;0;"USD2023/kg";"Road; transport, freight, light commercial vehicle (35); World Bank, Inflation (annual %), 2024; True Price, Monestisation factors for true pricing (2023); European Central Bank, Eurosystem, US dollar (USD), 2024"
"Swiss sugar moderate";"Switzerland";"Sugarbeet";"none";"Transport, Manufacture-to-Retail";"Environment";"Terrestrial ecotoxicity";"kg 1,4-DCB";0.000000019169009403595173;0.000000000006609948000265363;"Sugar";"Swiss sugar";"Sugar";"2021";"conventional";1;"country-specific";"Switzerland";"Rolex Centre";"False";"none";0;0;0.026243340862536137;0;0;"USD2023/kg";"Road; transport, freight, light commercial vehicle (35); World Bank, Inflation (annual %), 2024; True Price, Monestisation factors for true pricing (2023); European Central Bank, Eurosystem, US dollar (USD), 2024"
"Swiss sugar moderate";"Switzerland";"Sugarbeet";"none";"Transport, Manufacture-to-Retail";"Environment";"Urban land occupation";"m2a";0.000005426428442793435;0.00000025722307011531913;"Sugar";"Swiss sugar";"Sugar";"2021";"conventional";1;"country-specific";"Switzerland";"Rolex Centre";"False";"none";0;0;0.026243340862536137;0;0;"USD2023/kg";"Road; transport, freight, light commercial vehicle (35); World Bank, Inflation (annual %), 2024; CE-Delft, Environmental Prices Handbook (2017); European Central Bank, Eurosystem, US dollar (USD), 2024"
"Swiss sugar moderate";"Switzerland";"Sugarbeet";"none";"Transport, Manufacture-to-Retail";"Environment";"Water consumption";"m3";0.0000001368223121530944;0.00000020916339579221828;"Sugar";"Swiss sugar";"Sugar";"2021";"conventional";1;"country-specific";"Switzerland";"Rolex Centre";"False";"none";0;0;0.026243340862536137;0;0;"USD2023/kg";"Road; transport, freight, light commercial vehicle (35); World Bank, Inflation (annual %), 2024; True Price, Monestisation factors for true pricing (2023); European Central Bank, Eurosystem, US dollar (USD), 2024"
"Swiss sugar moderate";"Switzerland";"Sugarbeet";"none";"Transport, Retail-to-Waste";"Environment";"Agricultural land occupation";"m2a";0;0;"Sugar";"Swiss sugar";"Sugar";"2021";"conventional";1;"country-specific";"Switzerland";"Rolex Centre";"False";"none";0;0;0.026243340862536137;0;0;"USD2023/kg";"Road waste-collection; municipal waste collection service by 21 metric ton lorry (0); World Bank, Inflation (annual %), 2024; No factor available; European Central Bank, Eurosystem, US dollar (USD), 2024"
"Swiss sugar moderate";"Switzerland";"Sugarbeet";"none";"Transport, Retail-to-Waste";"Environment";"Global warming";"kg CO2 eq";0;0;"Sugar";"Swiss sugar";"Sugar";"2021";"conventional";1;"country-specific";"Switzerland";"Rolex Centre";"False";"none";0;0;0.026243340862536137;0;0;"USD2023/kg";"Road waste-collection; municipal waste collection service by 21 metric ton lorry (0); World Bank, Inflation (annual %), 2024; True Price, Monestisation factors for true pricing (2023); European Central Bank, Eurosystem, US dollar (USD), 2024"
"Swiss sugar moderate";"Switzerland";"Sugarbeet";"none";"Transport, Retail-to-Waste";"Environment";"Fossil resource scarcity";"kg oil eq";0;0;"Sugar";"Swiss sugar";"Sugar";"2021";"conventional";1;"country-specific";"Switzerland";"Rolex Centre";"False";"none";0;0;0.026243340862536137;0;0;"USD2023/kg";"Road waste-collection; municipal waste collection service by 21 metric ton lorry (0); World Bank, Inflation (annual %), 2024; True Price, Monestisation factors for true pricing (2023); European Central Bank, Eurosystem, US dollar (USD), 2024"
"Swiss sugar moderate";"Switzerland";"Sugarbeet";"none";"Transport, Retail-to-Waste";"Environment";"Freshwater ecotoxicity";"kg 1,4-DCB";0;0;"Sugar";"Swiss sugar";"Sugar";"2021";"conventional";1;"country-specific";"Switzerland";"Rolex Centre";"False";"none";0;0;0.026243340862536137;0;0;"USD2023/kg";"Road waste-collection; municipal waste collection service by 21 metric ton lorry (0); World Bank, Inflation (annual %), 2024; True Price, Monestisation factors for true pricing (2023); European Central Bank, Eurosystem, US dollar (USD), 2024"
"Swiss sugar moderate";"Switzerland";"Sugarbeet";"none";"Transport, Retail-to-Waste";"Environment";"Freshwater eutrophication";"kg P eq";0;0;"Sugar";"Swiss sugar";"Sugar";"2021";"conventional";1;"country-specific";"Switzerland";"Rolex Centre";"False";"none";0;0;0.026243340862536137;0;0;"USD2023/kg";"Road waste-collection; municipal waste collection service by 21 metric ton lorry (0); World Bank, Inflation (annual %), 2024; True Price, Monestisation factors for true pricing (2023); European Central Bank, Eurosystem, US dollar (USD), 2024"
"Swiss sugar moderate";"Switzerland";"Sugarbeet";"none";"Transport, Retail-to-Waste";"Environment";"Human toxicity";"kg 1,4-DCB";0;0;"Sugar";"Swiss sugar";"Sugar";"2021";"conventional";1;"country-specific";"Switzerland";"Rolex Centre";"False";"none";0;0;0.026243340862536137;0;0;"USD2023/kg";"Road waste-collection; municipal waste collection service by 21 metric ton lorry (0); World Bank, Inflation (annual %), 2024; No factor available; European Central Bank, Eurosystem, US dollar (USD), 2024"
"Swiss sugar moderate";"Switzerland";"Sugarbeet";"none";"Transport, Retail-to-Waste";"Environment";"Ionising radiation";"kg U235-Eq";0;0;"Sugar";"Swiss sugar";"Sugar";"2021";"conventional";1;"country-specific";"Switzerland";"Rolex Centre";"False";"none";0;0;0.026243340862536137;0;0;"USD2023/kg";"Road waste-collection; municipal waste collection service by 21 metric ton lorry (0); World Bank, Inflation (annual %), 2024; CE-Delft, Environmental Prices Handbook (2017); European Central Bank, Eurosystem, US dollar (USD), 2024"
"Swiss sugar moderate";"Switzerland";"Sugarbeet";"none";"Transport, Retail-to-Waste";"Environment";"Marine ecotoxicity";"kg 1,4-DCB";0;0;"Sugar";"Swiss sugar";"Sugar";"2021";"conventional";1;"country-specific";"Switzerland";"Rolex Centre";"False";"none";0;0;0.026243340862536137;0;0;"USD2023/kg";"Road waste-collection; municipal waste collection service by 21 metric ton lorry (0); World Bank, Inflation (annual %), 2024; True Price, Monestisation factors for true pricing (2023); European Central Bank, Eurosystem, US dollar (USD), 2024"
"Swiss sugar moderate";"Switzerland";"Sugarbeet";"none";"Transport, Retail-to-Waste";"Environment";"Marine eutrophication";"kg N eq";0;0;"Sugar";"Swiss sugar";"Sugar";"2021";"conventional";1;"country-specific";"Switzerland";"Rolex Centre";"False";"none";0;0;0.026243340862536137;0;0;"USD2023/kg";"Road waste-collection; municipal waste collection service by 21 metric ton lorry (0); World Bank, Inflation (annual %), 2024; True Price, Monestisation factors for true pricing (2023); European Central Bank, Eurosystem, US dollar (USD), 2024"
"Swiss sugar moderate";"Switzerland";"Sugarbeet";"none";"Transport, Retail-to-Waste";"Environment";"Metal depletion";"kg Fe eq";0;0;"Sugar";"Swiss sugar";"Sugar";"2021";"conventional";1;"country-specific";"Switzerland";"Rolex Centre";"False";"none";0;0;0.026243340862536137;0;0;"USD2023/kg";"Road waste-collection; municipal waste collection service by 21 metric ton lorry (0); World Bank, Inflation (annual %), 2024; No factor available; European Central Bank, Eurosystem, US dollar (USD), 2024"
"Swiss sugar moderate";"Switzerland";"Sugarbeet";"none";"Transport, Retail-to-Waste";"Environment";"Natural land transformation";"m2";0;0;"Sugar";"Swiss sugar";"Sugar";"2021";"conventional";1;"country-specific";"Switzerland";"Rolex Centre";"False";"none";0;0;0.026243340862536137;0;0;"USD2023/kg";"Road waste-collection; municipal waste collection service by 21 metric ton lorry (0); World Bank, Inflation (annual %), 2024; No factor available; European Central Bank, Eurosystem, US dollar (USD), 2024"
"Swiss sugar moderate";"Switzerland";"Sugarbeet";"none";"Transport, Retail-to-Waste";"Environment";"Stratospheric ozone depletion";"kg CFC11 eq";0;0;"Sugar";"Swiss sugar";"Sugar";"2021";"conventional";1;"country-specific";"Switzerland";"Rolex Centre";"False";"none";0;0;0.026243340862536137;0;0;"USD2023/kg";"Road waste-collection; municipal waste collection service by 21 metric ton lorry (0); World Bank, Inflation (annual %), 2024; True Price, Monestisation factors for true pricing (2023); European Central Bank, Eurosystem, US dollar (USD), 2024"
"Swiss sugar moderate";"Switzerland";"Sugarbeet";"none";"Transport, Retail-to-Waste";"Environment";"Fine particulate matter formation";"kg PM10 eq";0;0;"Sugar";"Swiss sugar";"Sugar";"2021";"conventional";1;"country-specific";"Switzerland";"Rolex Centre";"False";"none";0;0;0.026243340862536137;0;0;"USD2023/kg";"Road waste-collection; municipal waste collection service by 21 metric ton lorry (0); World Bank, Inflation (annual %), 2024; No factor available; European Central Bank, Eurosystem, US dollar (USD), 2024"
"Swiss sugar moderate";"Switzerland";"Sugarbeet";"none";"Transport, Retail-to-Waste";"Environment";"Photochemical oxidant formation";"kg NMVOC";0;0;"Sugar";"Swiss sugar";"Sugar";"2021";"conventional";1;"country-specific";"Switzerland";"Rolex Centre";"False";"none";0;0;0.026243340862536137;0;0;"USD2023/kg";"Road waste-collection; municipal waste collection service by 21 metric ton lorry (0); World Bank, Inflation (annual %), 2024; True Price, Monestisation factors for true pricing (2023); European Central Bank, Eurosystem, US dollar (USD), 2024"
"Swiss sugar moderate";"Switzerland";"Sugarbeet";"none";"Transport, Retail-to-Waste";"Environment";"Terrestrial acidification";"kg SO2 eq";0;0;"Sugar";"Swiss sugar";"Sugar";"2021";"conventional";1;"country-specific";"Switzerland";"Rolex Centre";"False";"none";0;0;0.026243340862536137;0;0;"USD2023/kg";"Road waste-collection; municipal waste collection service by 21 metric ton lorry (0); World Bank, Inflation (annual %), 2024; True Price, Monestisation factors for true pricing (2023); European Central Bank, Eurosystem, US dollar (USD), 2024"
"Swiss sugar moderate";"Switzerland";"Sugarbeet";"none";"Transport, Retail-to-Waste";"Environment";"Terrestrial ecotoxicity";"kg 1,4-DCB";0;0;"Sugar";"Swiss sugar";"Sugar";"2021";"conventional";1;"country-specific";"Switzerland";"Rolex Centre";"False";"none";0;0;0.026243340862536137;0;0;"USD2023/kg";"Road waste-collection; municipal waste collection service by 21 metric ton lorry (0); World Bank, Inflation (annual %), 2024; True Price, Monestisation factors for true pricing (2023); European Central Bank, Eurosystem, US dollar (USD), 2024"
"Swiss sugar moderate";"Switzerland";"Sugarbeet";"none";"Transport, Retail-to-Waste";"Environment";"Urban land occupation";"m2a";0;0;"Sugar";"Swiss sugar";"Sugar";"2021";"conventional";1;"country-specific";"Switzerland";"Rolex Centre";"False";"none";0;0;0.026243340862536137;0;0;"USD2023/kg";"Road waste-collection; municipal waste collection service by 21 metric ton lorry (0); World Bank, Inflation (annual %), 2024; CE-Delft, Environmental Prices Handbook (2017); European Central Bank, Eurosystem, US dollar (USD), 2024"
"Swiss sugar moderate";"Switzerland";"Sugarbeet";"none";"Transport, Retail-to-Waste";"Environment";"Water consumption";"m3";0;0;"Sugar";"Swiss sugar";"Sugar";"2021";"conventional";1;"country-specific";"Switzerland";"Rolex Centre";"False";"none";0;0;0.026243340862536137;0;0;"USD2023/kg";"Road waste-collection; municipal waste collection service by 21 metric ton lorry (0); World Bank, Inflation (annual %), 2024; True Price, Monestisation factors for true pricing (2023); European Central Bank, Eurosystem, US dollar (USD), 2024"
"Swiss sugar moderate";"Switzerland";"Sugarbeet";"none";"End of life, industrial-composting";"Environment";"Agricultural land occupation";"m2a";0;0;"Sugar";"Swiss sugar";"Sugar";"2021";"conventional";0;"country-specific";"Switzerland";"Rolex Centre";"False";"none";0;0;0.026243340862536137;0;0;"USD2023/kg";"Sugar; World Bank, Inflation (annual %), 2024; No factor available; European Central Bank, Eurosystem, US dollar (USD), 2024"
"Swiss sugar moderate";"Switzerland";"Sugarbeet";"none";"End of life, industrial-composting";"Environment";"Global warming";"kg CO2 eq";0;0;"Sugar";"Swiss sugar";"Sugar";"2021";"conventional";0;"country-specific";"Switzerland";"Rolex Centre";"False";"none";0;0;0.026243340862536137;0;0;"USD2023/kg";"Sugar; World Bank, Inflation (annual %), 2024; True Price, Monestisation factors for true pricing (2023); European Central Bank, Eurosystem, US dollar (USD), 2024"
"Swiss sugar moderate";"Switzerland";"Sugarbeet";"none";"End of life, industrial-composting";"Environment";"Fossil resource scarcity";"kg oil eq";0;0;"Sugar";"Swiss sugar";"Sugar";"2021";"conventional";0;"country-specific";"Switzerland";"Rolex Centre";"False";"none";0;0;0.026243340862536137;0;0;"USD2023/kg";"Sugar; World Bank, Inflation (annual %), 2024; True Price, Monestisation factors for true pricing (2023); European Central Bank, Eurosystem, US dollar (USD), 2024"
"Swiss sugar moderate";"Switzerland";"Sugarbeet";"none";"End of life, industrial-composting";"Environment";"Freshwater ecotoxicity";"kg 1,4-DCB";0;0;"Sugar";"Swiss sugar";"Sugar";"2021";"conventional";0;"country-specific";"Switzerland";"Rolex Centre";"False";"none";0;0;0.026243340862536137;0;0;"USD2023/kg";"Sugar; World Bank, Inflation (annual %), 2024; True Price, Monestisation factors for true pricing (2023); European Central Bank, Eurosystem, US dollar (USD), 2024"
"Swiss sugar moderate";"Switzerland";"Sugarbeet";"none";"End of life, industrial-composting";"Environment";"Freshwater eutrophication";"kg P eq";0;0;"Sugar";"Swiss sugar";"Sugar";"2021";"conventional";0;"country-specific";"Switzerland";"Rolex Centre";"False";"none";0;0;0.026243340862536137;0;0;"USD2023/kg";"Sugar; World Bank, Inflation (annual %), 2024; True Price, Monestisation factors for true pricing (2023); European Central Bank, Eurosystem, US dollar (USD), 2024"
"Swiss sugar moderate";"Switzerland";"Sugarbeet";"none";"End of life, industrial-composting";"Environment";"Human toxicity";"kg 1,4-DCB";0;0;"Sugar";"Swiss sugar";"Sugar";"2021";"conventional";0;"country-specific";"Switzerland";"Rolex Centre";"False";"none";0;0;0.026243340862536137;0;0;"USD2023/kg";"Sugar; World Bank, Inflation (annual %), 2024; No factor available; European Central Bank, Eurosystem, US dollar (USD), 2024"
"Swiss sugar moderate";"Switzerland";"Sugarbeet";"none";"End of life, industrial-composting";"Environment";"Ionising radiation";"kg U235-Eq";0;0;"Sugar";"Swiss sugar";"Sugar";"2021";"conventional";0;"country-specific";"Switzerland";"Rolex Centre";"False";"none";0;0;0.026243340862536137;0;0;"USD2023/kg";"Sugar; World Bank, Inflation (annual %), 2024; CE-Delft, Environmental Prices Handbook (2017); European Central Bank, Eurosystem, US dollar (USD), 2024"
"Swiss sugar moderate";"Switzerland";"Sugarbeet";"none";"End of life, industrial-composting";"Environment";"Marine ecotoxicity";"kg 1,4-DCB";0;0;"Sugar";"Swiss sugar";"Sugar";"2021";"conventional";0;"country-specific";"Switzerland";"Rolex Centre";"False";"none";0;0;0.026243340862536137;0;0;"USD2023/kg";"Sugar; World Bank, Inflation (annual %), 2024; True Price, Monestisation factors for true pricing (2023); European Central Bank, Eurosystem, US dollar (USD), 2024"
"Swiss sugar moderate";"Switzerland";"Sugarbeet";"none";"End of life, industrial-composting";"Environment";"Marine eutrophication";"kg N eq";0;0;"Sugar";"Swiss sugar";"Sugar";"2021";"conventional";0;"country-specific";"Switzerland";"Rolex Centre";"False";"none";0;0;0.026243340862536137;0;0;"USD2023/kg";"Sugar; World Bank, Inflation (annual %), 2024; True Price, Monestisation factors for true pricing (2023); European Central Bank, Eurosystem, US dollar (USD), 2024"
"Swiss sugar moderate";"Switzerland";"Sugarbeet";"none";"End of life, industrial-composting";"Environment";"Metal depletion";"kg Fe eq";0;0;"Sugar";"Swiss sugar";"Sugar";"2021";"conventional";0;"country-specific";"Switzerland";"Rolex Centre";"False";"none";0;0;0.026243340862536137;0;0;"USD2023/kg";"Sugar; World Bank, Inflation (annual %), 2024; No factor available; European Central Bank, Eurosystem, US dollar (USD), 2024"
"Swiss sugar moderate";"Switzerland";"Sugarbeet";"none";"End of life, industrial-composting";"Environment";"Natural land transformation";"m2";0;0;"Sugar";"Swiss sugar";"Sugar";"2021";"conventional";0;"country-specific";"Switzerland";"Rolex Centre";"False";"none";0;0;0.026243340862536137;0;0;"USD2023/kg";"Sugar; World Bank, Inflation (annual %), 2024; No factor available; European Central Bank, Eurosystem, US dollar (USD), 2024"
"Swiss sugar moderate";"Switzerland";"Sugarbeet";"none";"End of life, industrial-composting";"Environment";"Stratospheric ozone depletion";"kg CFC11 eq";0;0;"Sugar";"Swiss sugar";"Sugar";"2021";"conventional";0;"country-specific";"Switzerland";"Rolex Centre";"False";"none";0;0;0.026243340862536137;0;0;"USD2023/kg";"Sugar; World Bank, Inflation (annual %), 2024; True Price, Monestisation factors for true pricing (2023); European Central Bank, Eurosystem, US dollar (USD), 2024"
"Swiss sugar moderate";"Switzerland";"Sugarbeet";"none";"End of life, industrial-composting";"Environment";"Fine particulate matter formation";"kg PM10 eq";0;0;"Sugar";"Swiss sugar";"Sugar";"2021";"conventional";0;"country-specific";"Switzerland";"Rolex Centre";"False";"none";0;0;0.026243340862536137;0;0;"USD2023/kg";"Sugar; World Bank, Inflation (annual %), 2024; No factor available; European Central Bank, Eurosystem, US dollar (USD), 2024"
"Swiss sugar moderate";"Switzerland";"Sugarbeet";"none";"End of life, industrial-composting";"Environment";"Photochemical oxidant formation";"kg NMVOC";0;0;"Sugar";"Swiss sugar";"Sugar";"2021";"conventional";0;"country-specific";"Switzerland";"Rolex Centre";"False";"none";0;0;0.026243340862536137;0;0;"USD2023/kg";"Sugar; World Bank, Inflation (annual %), 2024; True Price, Monestisation factors for true pricing (2023); European Central Bank, Eurosystem, US dollar (USD), 2024"
"Swiss sugar moderate";"Switzerland";"Sugarbeet";"none";"End of life, industrial-composting";"Environment";"Terrestrial acidification";"kg SO2 eq";0;0;"Sugar";"Swiss sugar";"Sugar";"2021";"conventional";0;"country-specific";"Switzerland";"Rolex Centre";"False";"none";0;0;0.026243340862536137;0;0;"USD2023/kg";"Sugar; World Bank, Inflation (annual %), 2024; True Price, Monestisation factors for true pricing (2023); European Central Bank, Eurosystem, US dollar (USD), 2024"
"Swiss sugar moderate";"Switzerland";"Sugarbeet";"none";"End of life, industrial-composting";"Environment";"Terrestrial ecotoxicity";"kg 1,4-DCB";0;0;"Sugar";"Swiss sugar";"Sugar";"2021";"conventional";0;"country-specific";"Switzerland";"Rolex Centre";"False";"none";0;0;0.026243340862536137;0;0;"USD2023/kg";"Sugar; World Bank, Inflation (annual %), 2024; True Price, Monestisation factors for true pricing (2023); European Central Bank, Eurosystem, US dollar (USD), 2024"
"Swiss sugar moderate";"Switzerland";"Sugarbeet";"none";"End of life, industrial-composting";"Environment";"Urban land occupation";"m2a";0;0;"Sugar";"Swiss sugar";"Sugar";"2021";"conventional";0;"country-specific";"Switzerland";"Rolex Centre";"False";"none";0;0;0.026243340862536137;0;0;"USD2023/kg";"Sugar; World Bank, Inflation (annual %), 2024; CE-Delft, Environmental Prices Handbook (2017); European Central Bank, Eurosystem, US dollar (USD), 2024"
"Swiss sugar moderate";"Switzerland";"Sugarbeet";"none";"End of life, industrial-composting";"Environment";"Water consumption";"m3";0;0;"Sugar";"Swiss sugar";"Sugar";"2021";"conventional";0;"country-specific";"Switzerland";"Rolex Centre";"False";"none";0;0;0.026243340862536137;0;0;"USD2023/kg";"Sugar; World Bank, Inflation (annual %), 2024; True Price, Monestisation factors for true pricing (2023); European Central Bank, Eurosystem, US dollar (USD), 2024"
"Swiss sugar moderate";"Switzerland";"Sugarbeet";"none";"Production";"Biodiversity";"Eco-costs of land-use (Switzerland), practice-related";"m²/kg";0;0;"Sugar";"Swiss sugar";"Sugar";"2022";"conventional";5.56;"yes";"none";"Rolex Centre";"False";"none";0;0;0.026243340862536137;0;0;"USD2023/m²";"FAOSTAT, Crops and livestock products, Yield, Sugarbeet and sugarcane, 2022, missing, missing (Sugarbeet); World Bank, Inflation (annual %), 2024; Sustainability Impact Metrics (a spin-off of Delft University of Technology), The eco-costs of land-use, 2024; European Central Bank, Eurosystem, US dollar (USD), 2024"
"Swiss sugar moderate";"Switzerland";"Sugarbeet";"none";"Production";"Biodiversity";"Eco-costs of land-use (Switzerland), deforestation-related";"m²/kg";0;0;"Sugar";"Swiss sugar";"Sugar";"2022";"conventional";5.56;"yes";"none";"Rolex Centre";"False";"none";0;0;0.026243340862536137;0;0;"USD2023/m²";"FAOSTAT, Crops and livestock products, Yield, Sugarbeet and sugarcane, 2022, missing, No specific anti-deforestation regulation (Sugarbeet); World Bank, Inflation (annual %), 2024; Sustainability Impact Metrics (a spin-off of Delft University of Technology), The eco-costs of land-use, 2024; European Central Bank, Eurosystem, US dollar (USD), 2024"
"Swiss sugar moderate";"Switzerland";"Sugarbeet";"none";"Production";"Livelihoods";"Labour force to be audited for Health and Safety";"FTE/kg";0.00000000020531406965421674;0.000000002017724855967627;"Sugar";"Swiss sugar";"Sugar";"2021";"conventional";5.56;"yes";"none";"Rolex Centre";"False";"none";0;0;0.026243340862536137;0;0;"USD2023/FTE";"International Labour Organization. ILO modelled estimates database, ILOSTAT. https://ilostat.ilo.org/data/. Accessed 14-10-2024; FAOSTAT, Crops and livestock products, Yield, Sugarbeet and sugarcane, 2022; FAOSTAT, Crops and livestock products, Yield, Agriculture land, 2022; FAOSTAT, Crops and livestock products, Yield, Sugarbeet and sugarcane, 2022; World Bank, Inflation (annual %), 2024; True Price, Monestisation factors for true pricing (2023); European Central Bank, Eurosystem, US dollar (USD), 2024"
"Swiss sugar moderate";"Switzerland";"Sugarbeet";"none";"Production";"Livelihoods";"Labour force to be audited for gender discrimination";"FTE/kg";0;0;"Sugar";"Swiss sugar";"Sugar";"2024";"conventional";5.56;"yes";"none";"Rolex Centre";"False";"none";0;0;0.026243340862536137;0;0;"USD2023/FTE";"World population review, Total Fertility Rate, 2024, Eurostat, Duration of working life, 2052; missing; FAOSTAT, Crops and livestock products, Yield, Sugarbeet and sugarcane, 2022; World Bank, Inflation (annual %), 2024; True Price, Monestisation factors for true pricing (2023); European Central Bank, Eurosystem, US dollar (USD), 2024"
"Swiss sugar moderate";"Switzerland";"Sugarbeet";"none";"Production";"Livelihoods";"Labour force to be audited for forced labour";"FTE/kg";0;0;"Sugar";"Swiss sugar";"Sugar";"2024";"conventional";5.56;"no, dervied from regional values";"none";"Rolex Centre";"False";"none";0;0;0.026243340862536137;0;0;"USD2023/FTE";"Walkfree, global slavery index, 2024; World Bank, Annual Population, 2024; missing; FAOSTAT, Crops and livestock products, Yield, Agriculture land, 2022; International Labour Organization. ILO modelled estimates database, ILOSTAT. https://ilostat.ilo.org/data/. Accessed 14-10-2024; Swiss Confederation, Work and rest period, 2024; FAOSTAT, Crops and livestock products, Yield, Sugarbeet and sugarcane, 2022; World Bank, Inflation (annual %), 2024; True Price, Monestisation factors for true pricing (2023); European Central Bank, Eurosystem, US dollar (USD), 2024"
"Swiss sugar moderate";"Switzerland";"Sugarbeet";"none";"Production";"Livelihoods";"Labour force to be audited for forced labour";"FTE/kg";0.00000000003480258675247674;0.00000000034202256309422754;"Sugar";"Swiss sugar";"Sugar";"2024";"conventional";5.56;"no, dervied from regional values";"none";"Rolex Centre";"False";"none";0;0;0.026243340862536137;0;0;"USD2023/FTE";"Walkfree, global slavery index, 2024; World Bank, Annual Population, 2024; FAOSTAT, Crops and livestock products, Yield, Sugarbeet and sugarcane, 2022; FAOSTAT, Crops and livestock products, Yield, Agriculture land, 2022; International Labour Organization. ILO modelled estimates database, ILOSTAT. https://ilostat.ilo.org/data/. Accessed 14-10-2024; Swiss Confederation, Work and rest period, 2024; FAOSTAT, Crops and livestock products, Yield, Sugarbeet and sugarcane, 2022; World Bank, Inflation (annual %), 2024; True Price, Monestisation factors for true pricing (2023); European Central Bank, Eurosystem, US dollar (USD), 2024"
"Swiss sugar moderate";"Switzerland";"Sugarbeet";"none";"Production";"Livelihoods";"Labour force to be audited for insufficient social security";"FTE/kg";0;0;"Sugar";"Swiss sugar";"Sugar";"2021";"conventional";5.56;"yes";"none";"Rolex Centre";"False";"none";0;0;0.026243340862536137;0;0;"USD2023/FTE";"International Labour Organization. ILO modelled estimates database, ILOSTAT. https://ilostat.ilo.org/data/. Accessed 14-10-2024; missing; FAOSTAT, Crops and livestock products, Yield, Sugarbeet and sugarcane, 2022; World Bank, Inflation (annual %), 2024; True Price, Monestisation factors for true pricing (2023); European Central Bank, Eurosystem, US dollar (USD), 2024"
"Swiss sugar moderate";"Switzerland";"Sugarbeet";"none";"Production";"Livelihoods";"Labour force to be audited for illegal overtime";"FTE/kg";0;0;"Sugar";"Swiss sugar";"Sugar";"2023";"conventional";5.56;"yes";"none";"Rolex Centre";"False";"none";0;0;0.026243340862536137;0;0;"USD2023/FTE";"International Labour Organization. ILO modelled estimates database, ILOSTAT. https://ilostat.ilo.org/data/. Accessed 14-10-2024; FAOSTAT, Crops and livestock products, Yield, Sugarbeet and sugarcane, 2022; World Bank, Inflation (annual %), 2024; True Price, Monestisation factors for true pricing (2023); European Central Bank, Eurosystem, US dollar (USD), 2024"
"Swiss sugar moderate";"Switzerland";"Sugarbeet";"none";"Production";"Livelihoods";"Prevalence of excessive working time";"FTE/kg";0;0;"Sugar";"Swiss sugar";"Sugar";"2023";"conventional";5.56;"yes";"none";"Rolex Centre";"False";"none";0;0;0.026243340862536137;0;0;"USD2023/FTE";"International Labour Organization. ILO modelled estimates database, ILOSTAT. https://ilostat.ilo.org/data/. Accessed 14-10-2024; FAOSTAT, Crops and livestock products, Yield, Sugarbeet and sugarcane, 2022; World Bank, Inflation (annual %), 2024; True Price, Monestisation factors for true pricing (2023); European Central Bank, Eurosystem, US dollar (USD), 2024"
"Swiss sugar moderate";"Switzerland";"Sugarbeet";"none";"Production";"Livelihoods";"Wage gap from gender discrimination";"USD/kg";0;0;"Sugar";"Swiss sugar";"Sugar";"2023";"conventional";5.56;"yes";"none";"Rolex Centre";"False";"none";0;0;0.026243340862536137;0;0;"USD2023/USD2023";"International Labour Organization. ILO modelled estimates database, ILOSTAT. https://ilostat.ilo.org/data/. Accessed 14-10-2024; missing; FAOSTAT, Crops and livestock products, Yield, Sugarbeet and sugarcane, 2022; True Price, Monestisation factors for true pricing (2023)"
"Swiss sugar moderate";"Switzerland";"Sugarbeet";"none";"Production";"Livelihoods";"Wage gap of workers earning below minimum wage";"USD/kg";0;0;"Sugar";"Swiss sugar";"Sugar";"2023";"conventional";5.56;"yes";"none";"Rolex Centre";"False";"none";0;0;0.026243340862536137;0;0;"USD2023/USD2023";"International Labour Organization. ILO modelled estimates database, ILOSTAT. https://ilostat.ilo.org/data/. Accessed 14-10-2024; missing; FAOSTAT, Crops and livestock products, Yield, Sugarbeet and sugarcane, 2022; True Price, Monestisation factors for true pricing (2023)"
"Swiss sugar moderate";"Switzerland";"Sugarbeet";"none";"Production";"Livelihoods";"Wage gap of workers earning above minimum wage but below decent living wage";"USD/kg";0;0;"Sugar";"Swiss sugar";"Sugar";"2023";"conventional";5.56;"yes";"none";"Rolex Centre";"False";"none";0;0;0.026243340862536137;0;0;"USD2023/USD2023";"International Labour Organization. ILO modelled estimates database, ILOSTAT. https://ilostat.ilo.org/data/. Accessed 14-10-2024; missing; FAOSTAT, Crops and livestock products, Yield, Sugarbeet and sugarcane, 2022; True Price, Monestisation factors for true pricing (2023)"
"Swiss sugar moderate";"Switzerland";"Sugarbeet";"none";"Production";"Livelihoods";"Children in hazardous work by sex, age and economic activity (5-11)";"FTE-child/kg";0;0;"Sugar";"Swiss sugar";"Sugar";"2020";"conventional";5.56;"no, Western Europe";"none";"Rolex Centre";"False";"none";0;0;0.026243340862536137;0;0;"USD2023/FTE";"Derived from ILOSTAT, Annual Population, 2024; International Labour Organization. ILO modelled estimates database, ILOSTAT. https://ilostat.ilo.org/data/. Accessed 14-10-2024 Misssing data at the country level, Western Europe has been used as a proxy; Swiss Confederation, Work and rest period, 2024; Our World in data, Average weekly working hours of children, 2024; missing; FAOSTAT, Crops and livestock products, Yield, Agriculture land, 2022; FAOSTAT, Crops and livestock products, Yield, Sugarbeet and sugarcane, 2022; World Bank, Inflation (annual %), 2024; True Price, Monestisation factors for true pricing (2023); European Central Bank, Eurosystem, US dollar (USD), 2024"
"Swiss sugar moderate";"Switzerland";"Sugarbeet";"none";"Production";"Livelihoods";"Children in hazardous work by sex, age and economic activity (12-14)";"FTE-child/kg";0;0;"Sugar";"Swiss sugar";"Sugar";"2020";"conventional";5.56;"no, Western Europe";"none";"Rolex Centre";"False";"none";0;0;0.026243340862536137;0;0;"USD2023/FTE";"Derived from ILOSTAT, Annual Population, 2024; International Labour Organization. ILO modelled estimates database, ILOSTAT. https://ilostat.ilo.org/data/. Accessed 14-10-2024 Misssing data at the country level, Western Europe has been used as a proxy; Swiss Confederation, Work and rest period, 2024; Our World in data, Average weekly working hours of children, 2024; missing; FAOSTAT, Crops and livestock products, Yield, Agriculture land, 2022; FAOSTAT, Crops and livestock products, Yield, Sugarbeet and sugarcane, 2022; World Bank, Inflation (annual %), 2024; True Price, Monestisation factors for true pricing (2023); European Central Bank, Eurosystem, US dollar (USD), 2024"
"Swiss sugar moderate";"Switzerland";"Sugarbeet";"none";"Production";"Livelihoods";"Children in hazardous work by sex, age and economic activity (15-17)";"FTE-child/kg";0;0;"Sugar";"Swiss sugar";"Sugar";"2020";"conventional";5.56;"no, Western Europe";"none";"Rolex Centre";"False";"none";0;0;0.026243340862536137;0;0;"USD2023/FTE";"Derived from ILOSTAT, Annual Population, 2024; International Labour Organization. ILO modelled estimates database, ILOSTAT. https://ilostat.ilo.org/data/. Accessed 14-10-2024 Misssing data at the country level, Western Europe has been used as a proxy; Swiss Confederation, Work and rest period, 2024; Our World in data, Average weekly working hours of children, 2024; missing; FAOSTAT, Crops and livestock products, Yield, Agriculture land, 2022; FAOSTAT, Crops and livestock products, Yield, Sugarbeet and sugarcane, 2022; World Bank, Inflation (annual %), 2024; True Price, Monestisation factors for true pricing (2023); European Central Bank, Eurosystem, US dollar (USD), 2024"
"Swiss sugar moderate";"Switzerland";"Sugarbeet";"none";"Production";"Livelihoods";"Children in non-hazardous work by sex, age and economic activity (5-11)";"FTE-child/kg";0;0;"Sugar";"Swiss sugar";"Sugar";"2020";"conventional";5.56;"no, Western Europe";"none";"Rolex Centre";"False";"none";0;0;0.026243340862536137;0;0;"USD2023/FTE";"Derived from ILOSTAT, Annual Population, 2024; International Labour Organization. ILO modelled estimates database, ILOSTAT. https://ilostat.ilo.org/data/. Accessed 14-10-2024; Derived from ILOSTAT, Annual Population, 2024; International Labour Organization. ILO modelled estimates database, ILOSTAT. https://ilostat.ilo.org/data/. Accessed 14-10-2024 Misssing data at the country level, Western Europe has been used as a proxy; Swiss Confederation, Work and rest period, 2024; Our World in data, Average weekly working hours of children, 2024; missing; FAOSTAT, Crops and livestock products, Yield, Agriculture land, 2022; FAOSTAT, Crops and livestock products, Yield, Sugarbeet and sugarcane, 2022; World Bank, Inflation (annual %), 2024; True Price, Monestisation factors for true pricing (2023); European Central Bank, Eurosystem, US dollar (USD), 2024"
"Swiss sugar moderate";"Switzerland";"Sugarbeet";"none";"Production";"Livelihoods";"Children in non-hazardous work by sex, age and economic activity (12-14)";"FTE-child/kg";0;0;"Sugar";"Swiss sugar";"Sugar";"2020";"conventional";5.56;"no, Western Europe";"none";"Rolex Centre";"False";"none";0;0;0.026243340862536137;0;0;"USD2023/FTE";"Derived from ILOSTAT, Annual Population, 2024; International Labour Organization. ILO modelled estimates database, ILOSTAT. https://ilostat.ilo.org/data/. Accessed 14-10-2024; Derived from ILOSTAT, Annual Population, 2024; International Labour Organization. ILO modelled estimates database, ILOSTAT. https://ilostat.ilo.org/data/. Accessed 14-10-2024 Misssing data at the country level, Western Europe has been used as a proxy; Swiss Confederation, Work and rest period, 2024; Our World in data, Average weekly working hours of children, 2024; missing; FAOSTAT, Crops and livestock products, Yield, Agriculture land, 2022; FAOSTAT, Crops and livestock products, Yield, Sugarbeet and sugarcane, 2022; World Bank, Inflation (annual %), 2024; True Price, Monestisation factors for true pricing (2023); European Central Bank, Eurosystem, US dollar (USD), 2024"
"Swiss sugar moderate";"Switzerland";"Sugarbeet";"none";"Production";"Livelihoods";"Children in non-hazardous work by sex, age and economic activity (15-17)";"FTE-child/kg";0;0;"Sugar";"Swiss sugar";"Sugar";"2020";"conventional";5.56;"no, Western Europe";"none";"Rolex Centre";"False";"none";0;0;0.026243340862536137;0;0;"USD2023/FTE";"Derived from ILOSTAT, Annual Population, 2024; International Labour Organization. ILO modelled estimates database, ILOSTAT. https://ilostat.ilo.org/data/. Accessed 14-10-2024; Derived from ILOSTAT, Annual Population, 2024; International Labour Organization. ILO modelled estimates database, ILOSTAT. https://ilostat.ilo.org/data/. Accessed 14-10-2024 Misssing data at the country level, Western Europe has been used as a proxy; Swiss Confederation, Work and rest period, 2024; Our World in data, Average weekly working hours of children, 2024; missing; FAOSTAT, Crops and livestock products, Yield, Agriculture land, 2022; FAOSTAT, Crops and livestock products, Yield, Sugarbeet and sugarcane, 2022; World Bank, Inflation (annual %), 2024; True Price, Monestisation factors for true pricing (2023); European Central Bank, Eurosystem, US dollar (USD), 2024"
"Swiss sugar moderate";"Switzerland";"Sugarbeet";"none";"Production";"Livelihoods";"Children in hazardous work by sex, age and economic activity (5-11)";"FTE-child/kg";0;0;"Sugar";"Swiss sugar";"Sugar";"2020";"conventional";5.56;"no, Western Europe";"none";"Rolex Centre";"False";"none";0;0;0.026243340862536137;0;0;"USD2023/FTE";"Derived from ILOSTAT, Annual Population, 2024; International Labour Organization. ILO modelled estimates database, ILOSTAT. https://ilostat.ilo.org/data/. Accessed 14-10-2024 Misssing data at the country level, Western Europe has been used as a proxy; Swiss Confederation, Work and rest period, 2024; Our World in data, Average weekly working hours of children, 2024; FAOSTAT, Crops and livestock products, Yield, Sugarbeet and sugarcane, 2022; FAOSTAT, Crops and livestock products, Yield, Agriculture land, 2022; FAOSTAT, Crops and livestock products, Yield, Sugarbeet and sugarcane, 2022; World Bank, Inflation (annual %), 2024; True Price, Monestisation factors for true pricing (2023); European Central Bank, Eurosystem, US dollar (USD), 2024"
"Swiss sugar moderate";"Switzerland";"Sugarbeet";"none";"Production";"Livelihoods";"Children in hazardous work by sex, age and economic activity (12-14)";"FTE-child/kg";0;0;"Sugar";"Swiss sugar";"Sugar";"2020";"conventional";5.56;"no, Western Europe";"none";"Rolex Centre";"False";"none";0;0;0.026243340862536137;0;0;"USD2023/FTE";"Derived from ILOSTAT, Annual Population, 2024; International Labour Organization. ILO modelled estimates database, ILOSTAT. https://ilostat.ilo.org/data/. Accessed 14-10-2024 Misssing data at the country level, Western Europe has been used as a proxy; Swiss Confederation, Work and rest period, 2024; Our World in data, Average weekly working hours of children, 2024; FAOSTAT, Crops and livestock products, Yield, Sugarbeet and sugarcane, 2022; FAOSTAT, Crops and livestock products, Yield, Agriculture land, 2022; FAOSTAT, Crops and livestock products, Yield, Sugarbeet and sugarcane, 2022; World Bank, Inflation (annual %), 2024; True Price, Monestisation factors for true pricing (2023); European Central Bank, Eurosystem, US dollar (USD), 2024"
"Swiss sugar moderate";"Switzerland";"Sugarbeet";"none";"Production";"Livelihoods";"Children in hazardous work by sex, age and economic activity (15-17)";"FTE-child/kg";0;0;"Sugar";"Swiss sugar";"Sugar";"2020";"conventional";5.56;"no, Western Europe";"none";"Rolex Centre";"False";"none";0;0;0.026243340862536137;0;0;"USD2023/FTE";"Derived from ILOSTAT, Annual Population, 2024; International Labour Organization. ILO modelled estimates database, ILOSTAT. https://ilostat.ilo.org/data/. Accessed 14-10-2024 Misssing data at the country level, Western Europe has been used as a proxy; Swiss Confederation, Work and rest period, 2024; Our World in data, Average weekly working hours of children, 2024; FAOSTAT, Crops and livestock products, Yield, Sugarbeet and sugarcane, 2022; FAOSTAT, Crops and livestock products, Yield, Agriculture land, 2022; FAOSTAT, Crops and livestock products, Yield, Sugarbeet and sugarcane, 2022; World Bank, Inflation (annual %), 2024; True Price, Monestisation factors for true pricing (2023); European Central Bank, Eurosystem, US dollar (USD), 2024"
"Swiss sugar moderate";"Switzerland";"Sugarbeet";"none";"Production";"Livelihoods";"Children in non-hazardous work by sex, age and economic activity (5-11)";"FTE-child/kg";0;0;"Sugar";"Swiss sugar";"Sugar";"2020";"conventional";5.56;"no, Western Europe";"none";"Rolex Centre";"False";"none";0;0;0.026243340862536137;0;0;"USD2023/FTE";"Derived from ILOSTAT, Annual Population, 2024; International Labour Organization. ILO modelled estimates database, ILOSTAT. https://ilostat.ilo.org/data/. Accessed 14-10-2024; Derived from ILOSTAT, Annual Population, 2024; International Labour Organization. ILO modelled estimates database, ILOSTAT. https://ilostat.ilo.org/data/. Accessed 14-10-2024 Misssing data at the country level, Western Europe has been used as a proxy; Swiss Confederation, Work and rest period, 2024; Our World in data, Average weekly working hours of children, 2024; FAOSTAT, Crops and livestock products, Yield, Sugarbeet and sugarcane, 2022; FAOSTAT, Crops and livestock products, Yield, Agriculture land, 2022; FAOSTAT, Crops and livestock products, Yield, Sugarbeet and sugarcane, 2022; World Bank, Inflation (annual %), 2024; True Price, Monestisation factors for true pricing (2023); European Central Bank, Eurosystem, US dollar (USD), 2024"
"Swiss sugar moderate";"Switzerland";"Sugarbeet";"none";"Production";"Livelihoods";"Children in non-hazardous work by sex, age and economic activity (12-14)";"FTE-child/kg";0;0;"Sugar";"Swiss sugar";"Sugar";"2020";"conventional";5.56;"no, Western Europe";"none";"Rolex Centre";"False";"none";0;0;0.026243340862536137;0;0;"USD2023/FTE";"Derived from ILOSTAT, Annual Population, 2024; International Labour Organization. ILO modelled estimates database, ILOSTAT. https://ilostat.ilo.org/data/. Accessed 14-10-2024; Derived from ILOSTAT, Annual Population, 2024; International Labour Organization. ILO modelled estimates database, ILOSTAT. https://ilostat.ilo.org/data/. Accessed 14-10-2024 Misssing data at the country level, Western Europe has been used as a proxy; Swiss Confederation, Work and rest period, 2024; Our World in data, Average weekly working hours of children, 2024; FAOSTAT, Crops and livestock products, Yield, Sugarbeet and sugarcane, 2022; FAOSTAT, Crops and livestock products, Yield, Agriculture land, 2022; FAOSTAT, Crops and livestock products, Yield, Sugarbeet and sugarcane, 2022; World Bank, Inflation (annual %), 2024; True Price, Monestisation factors for true pricing (2023); European Central Bank, Eurosystem, US dollar (USD), 2024"
"Swiss sugar moderate";"Switzerland";"Sugarbeet";"none";"Production";"Livelihoods";"Children in non-hazardous work by sex, age and economic activity (15-17)";"FTE-child/kg";0;0;"Sugar";"Swiss sugar";"Sugar";"2020";"conventional";5.56;"no, Western Europe";"none";"Rolex Centre";"False";"none";0;0;0.026243340862536137;0;0;"USD2023/FTE";"Derived from ILOSTAT, Annual Population, 2024; International Labour Organization. ILO modelled estimates database, ILOSTAT. https://ilostat.ilo.org/data/. Accessed 14-10-2024; Derived from ILOSTAT, Annual Population, 2024; International Labour Organization. ILO modelled estimates database, ILOSTAT. https://ilostat.ilo.org/data/. Accessed 14-10-2024 Misssing data at the country level, Western Europe has been used as a proxy; Swiss Confederation, Work and rest period, 2024; Our World in data, Average weekly working hours of children, 2024; FAOSTAT, Crops and livestock products, Yield, Sugarbeet and sugarcane, 2022; FAOSTAT, Crops and livestock products, Yield, Agriculture land, 2022; FAOSTAT, Crops and livestock products, Yield, Sugarbeet and sugarcane, 2022; World Bank, Inflation (annual %), 2024; True Price, Monestisation factors for true pricing (2023); European Central Bank, Eurosystem, US dollar (USD), 2024"
"Swiss sugar moderate";"Switzerland";"Sugarbeet";"none";"Production";"Livelihoods";"Prevalence of modern slavery (forced workers, most severe)";"FTE/kg";0;0;"Sugar";"Swiss sugar";"Sugar";"2024";"conventional";5.56;"no, dervied from regional values";"none";"Rolex Centre";"False";"none";0;0;0.026243340862536137;0;0;"USD2023/FTE";"Walkfree, global slavery index, 2024; World Bank, Annual Population, 2024; missing; FAOSTAT, Crops and livestock products, Yield, Agriculture land, 2022; International Labour Organization. ILO modelled estimates database, ILOSTAT. https://ilostat.ilo.org/data/. Accessed 14-10-2024; Swiss Confederation, Work and rest period, 2024; FAOSTAT, Crops and livestock products, Yield, Sugarbeet and sugarcane, 2022; World Bank, Inflation (annual %), 2024; True Price, Monestisation factors for true pricing (2023); European Central Bank, Eurosystem, US dollar (USD), 2024"
"Swiss sugar moderate";"Switzerland";"Sugarbeet";"none";"Production";"Livelihoods";"Prevalence of modern slavery (forced workers, most severe)";"FTE/kg";0.00000000003480258675247674;0.00000492032459188187;"Sugar";"Swiss sugar";"Sugar";"2024";"conventional";5.56;"no, dervied from regional values";"none";"Rolex Centre";"False";"none";0;0;0.026243340862536137;0;0;"USD2023/FTE";"Walkfree, global slavery index, 2024; World Bank, Annual Population, 2024; FAOSTAT, Crops and livestock products, Yield, Sugarbeet and sugarcane, 2022; FAOSTAT, Crops and livestock products, Yield, Agriculture land, 2022; International Labour Organization. ILO modelled estimates database, ILOSTAT. https://ilostat.ilo.org/data/. Accessed 14-10-2024; Swiss Confederation, Work and rest period, 2024; FAOSTAT, Crops and livestock products, Yield, Sugarbeet and sugarcane, 2022; World Bank, Inflation (annual %), 2024; True Price, Monestisation factors for true pricing (2023); European Central Bank, Eurosystem, US dollar (USD), 2024"
"Swiss sugar moderate";"Switzerland";"Sugarbeet";"none";"Production";"Livelihoods";"Prevalence of Forced workers in situations of debt bondage";"FTE/kg";0;0;"Sugar";"Swiss sugar";"Sugar";"2024";"conventional";5.56;"no, dervied from regional values";"none";"Rolex Centre";"False";"none";0;0;0.026243340862536137;0;0;"USD2023/FTE";"Walkfree, global slavery index, 2024; World Bank, Annual Population, 2024; missing; FAOSTAT, Crops and livestock products, Yield, Agriculture land, 2022, Global Estimates of Modern Slavery: Forced Labour and Forced Marriage International Labour Organization (ILO), Walk Free, and International Organization for Migration (IOM), Geneva, 2022, ISBN: 978-92-2-037483-2 (web PDF); International Labour Organization. ILO modelled estimates database, ILOSTAT. https://ilostat.ilo.org/data/. Accessed 14-10-2024; Swiss Confederation, Work and rest period, 2024; FAOSTAT, Crops and livestock products, Yield, Sugarbeet and sugarcane, 2022; World Bank, Inflation (annual %), 2024; True Price, Monestisation factors for true pricing (2023); European Central Bank, Eurosystem, US dollar (USD), 2024"
"Swiss sugar moderate";"Switzerland";"Sugarbeet";"none";"Production";"Livelihoods";"Prevalence of Forced workers in situations of debt bondage";"FTE/kg";0.00000000001078880189326779;0.0000002095738255030009;"Sugar";"Swiss sugar";"Sugar";"2024";"conventional";5.56;"no, dervied from regional values";"none";"Rolex Centre";"False";"none";0;0;0.026243340862536137;0;0;"USD2023/FTE";"Walkfree, global slavery index, 2024; World Bank, Annual Population, 2024; FAOSTAT, Crops and livestock products, Yield, Sugarbeet and sugarcane, 2022; FAOSTAT, Crops and livestock products, Yield, Agriculture land, 2022, Global Estimates of Modern Slavery: Forced Labour and Forced Marriage International Labour Organization (ILO), Walk Free, and International Organization for Migration (IOM), Geneva, 2022, ISBN: 978-92-2-037483-2 (web PDF); International Labour Organization. ILO modelled estimates database, ILOSTAT. https://ilostat.ilo.org/data/. Accessed 14-10-2024; Swiss Confederation, Work and rest period, 2024; FAOSTAT, Crops and livestock products, Yield, Sugarbeet and sugarcane, 2022; World Bank, Inflation (annual %), 2024; True Price, Monestisation factors for true pricing (2023); European Central Bank, Eurosystem, US dollar (USD), 2024"
"Swiss sugar moderate";"Switzerland";"Sugarbeet";"none";"Production";"Livelihoods";"Female workers without maternity leave provision";"USD/kg";0;0;"Sugar";"Swiss sugar";"Sugar";"2024";"conventional";5.56;"yes";"none";"Rolex Centre";"False";"none";0;0;0.026243340862536137;0;0;"USD2023/USD2023";"World population review, Total Fertility Rate, 2024; International Labour Organization. ILO modelled estimates database, ILOSTAT. https://ilostat.ilo.org/data/. Accessed 14-10-2024; World population review, Total Fertility Rate, 2024, Eurostat, Duration of working life, 2052; missing; FAOSTAT, Crops and livestock products, Yield, Sugarbeet and sugarcane, 2022; True Price, Monestisation factors for true pricing (2023)"
"Swiss sugar moderate";"Switzerland";"Sugarbeet";"none";"Production";"Livelihoods";"Women with denied maternity leave";"women/kg";0;0;"Sugar";"Swiss sugar";"Sugar";"2024";"conventional";5.56;"yes";"none";"Rolex Centre";"False";"none";0;0;0.026243340862536137;0;0;"USD2023/FTE";"World population review, Total Fertility Rate, 2024, Eurostat, Duration of working life, 2052; missing; FAOSTAT, Crops and livestock products, Yield, Sugarbeet and sugarcane, 2022; World Bank, Inflation (annual %), 2024; True Price, Monestisation factors for true pricing (2023); European Central Bank, Eurosystem, US dollar (USD), 2024"
"Swiss sugar moderate";"Switzerland";"Sugarbeet";"none";"Production";"Livelihoods";"Workers without paid leave provision";"USD/kg";0;0;"Sugar";"Swiss sugar";"Sugar";"2014";"conventional";5.56;"yes";"none";"Rolex Centre";"False";"none";0;0;0.026243340862536137;0;0;"USD2023/USD2023";"Employing Workers, Doing Business: Measuring Business Regulations. World Bank Group, 2014; International Labour Organization. ILO modelled estimates database, ILOSTAT. https://ilostat.ilo.org/data/. Accessed 14-10-2024; 0.0; True Price, Monestisation factors for true pricing (2023)"
"Swiss sugar moderate";"Switzerland";"Sugarbeet";"none";"Production";"Livelihoods";"Informal employment rate of agricultural workers & uncovered by social protection floors/systems";"FTE/kg";0;0;"Sugar";"Swiss sugar";"Sugar";"2021";"conventional";5.56;"yes";"none";"Rolex Centre";"False";"none";0;0;0.026243340862536137;0;0;"USD2023/FTE";"International Labour Organization. ILO modelled estimates database, ILOSTAT. https://ilostat.ilo.org/data/. Accessed 14-10-2024; missing; FAOSTAT, Crops and livestock products, Yield, Sugarbeet and sugarcane, 2022; World Bank, Inflation (annual %), 2024; True Price, Monestisation factors for true pricing (2023); European Central Bank, Eurosystem, US dollar (USD), 2024"
"Swiss sugar moderate";"Switzerland";"Sugarbeet";"none";"Production";"Livelihoods";"Cases of fatal occupational injury";"incidents/kg";0.00000000000025777033227145856;0.0000009332985754632694;"Sugar";"Swiss sugar";"Sugar";"2021";"conventional";5.56;"yes";"none";"Rolex Centre";"False";"none";0;0;0.026243340862536137;0;0;"USD2023/incidents";"International Labour Organization. ILO modelled estimates database, ILOSTAT. https://ilostat.ilo.org/data/. Accessed 14-10-2024; FAOSTAT, Crops and livestock products, Yield, Sugarbeet and sugarcane, 2022; FAOSTAT, Crops and livestock products, Yield, Agriculture land, 2022; FAOSTAT, Crops and livestock products, Yield, Sugarbeet and sugarcane, 2022; World Bank, Inflation (annual %), 2024; True Price, Monestisation factors for true pricing (2023); European Central Bank, Eurosystem, US dollar (USD), 2024"
"Swiss sugar moderate";"Switzerland";"Sugarbeet";"none";"Production";"Livelihoods";"Cases of non-fatal occupational injury, insured";"incidents/kg";0.0000000002050562993219453;0.0000008744281753198807;"Sugar";"Swiss sugar";"Sugar";"2021";"conventional";5.56;"yes";"none";"Rolex Centre";"False";"none";0;0;0.026243340862536137;0;0;"USD2023/incidents";"International Labour Organization. ILO modelled estimates database, ILOSTAT. https://ilostat.ilo.org/data/. Accessed 14-10-2024; International Labour Organization. ILO modelled estimates database, ILOSTAT. https://ilostat.ilo.org/data/. Accessed 14-10-2024; FAOSTAT, Crops and livestock products, Yield, Sugarbeet and sugarcane, 2022; FAOSTAT, Crops and livestock products, Yield, Agriculture land, 2022; FAOSTAT, Crops and livestock products, Yield, Sugarbeet and sugarcane, 2022; World Bank, Inflation (annual %), 2024; True Price, Monestisation factors for true pricing (2023); European Central Bank, Eurosystem, US dollar (USD), 2024"
"Swiss sugar moderate";"Switzerland";"Sugarbeet";"none";"Production";"Livelihoods";"Cases of non-fatal occupational injury, uninsured";"incidents/kg";0;0;"Sugar";"Swiss sugar";"Sugar";"2021";"conventional";5.56;"yes";"none";"Rolex Centre";"False";"none";0;0;0.026243340862536137;0;0;"USD2023/incidents";"International Labour Organization. ILO modelled estimates database, ILOSTAT. https://ilostat.ilo.org/data/. Accessed 14-10-2024; International Labour Organization. ILO modelled estimates database, ILOSTAT. https://ilostat.ilo.org/data/. Accessed 14-10-2024; FAOSTAT, Crops and livestock products, Yield, Sugarbeet and sugarcane, 2022; FAOSTAT, Crops and livestock products, Yield, Agriculture land, 2022; FAOSTAT, Crops and livestock products, Yield, Sugarbeet and sugarcane, 2022; World Bank, Inflation (annual %), 2024; True Price, Monestisation factors for true pricing (2023); European Central Bank, Eurosystem, US dollar (USD), 2024"
"Swiss sugar moderate";"none";"Sugarbeet";"none";"Offsetting schemes";"Environment";"Carbon Offsetting through Reforestation";"kgCO2/kg";0;-0;"Sugar";"Swiss sugar";"Sugar";"2024";"conventional";1;"yes";"none";"Rolex Centre";"False";"none";0;0;0.026243340862536137;0;0;"USD2023/kg";"No specific anti-deforestation regulation, No specific regulation on reforestation, none; World Bank, Inflation (annual %), 2024; True Price, Monestisation factors for true pricing (2023); European Central Bank, Eurosystem, US dollar (USD), 2024"
"Swiss sugar moderate";"none";"Sugarbeet";"none";"Offsetting schemes";"Biodiversity";"Biodiversity restoration through Reforestation (none)";"m²/kg";0;0;"Sugar";"Swiss sugar";"Sugar";"2024";"conventional";1;"yes";"none";"Rolex Centre";"False";"none";0;0;0.026243340862536137;0;0;"USD2023/m²";"No specific anti-deforestation regulation, No specific regulation on reforestation, none; World Bank, Inflation (annual %), 2024; Not applicable; European Central Bank, Eurosystem, US dollar (USD), 2024"
"Swiss sugar moderate";"Switzerland";"Sugarbeet";"none";"Consumption";"Health";"2,4-D";"mg/kg";0.00015000000000000001;0.0000015830741844827;"Sugar";"Swiss sugar";"Sugar";"2018";"conventional";1;"not-country-specific";"EU";"Rolex Centre";"False";"none";0;0;0.026243340862536137;0;0;"USD2023/mg";"Food and Agriculture Organisation, World Health Organisation, International Food Standards, Codex Alimentarius, 2024 Misssing data at the country level, EU has been used as a proxy; World Bank, Inflation (annual %), 2024; Sustainability Impact Metrics (a spin-off of Delft University of Technology), Consumer Health: internalities of food in economics and I-eco-costs, 2181; European Central Bank, Eurosystem, US dollar (USD), 2024"
"Swiss sugar moderate";"Switzerland";"Sugarbeet";"none";"Consumption";"Health";"Aldicarb";"mg/kg";0.00030000000000000003;0.00008937856336736163;"Sugar";"Swiss sugar";"Sugar";"2018";"conventional";1;"not-country-specific";"EU";"Rolex Centre";"False";"none";0;0;0.026243340862536137;0;0;"USD2023/mg";"Food and Agriculture Organisation, World Health Organisation, International Food Standards, Codex Alimentarius, 2025 Misssing data at the country level, EU has been used as a proxy; World Bank, Inflation (annual %), 2024; Sustainability Impact Metrics (a spin-off of Delft University of Technology), Consumer Health: internalities of food in economics and I-eco-costs, 2016; European Central Bank, Eurosystem, US dollar (USD), 2024"
"Swiss sugar moderate";"Switzerland";"Sugarbeet";"none";"Consumption";"Health";"Aldicarb";"mg/kg";0.00030000000000000003;0.00008259517484257563;"Sugar";"Swiss sugar";"Sugar";"2018";"conventional";1;"not-country-specific";"EU";"Rolex Centre";"False";"none";0;0;0.026243340862536137;0;0;"USD2023/mg";"Food and Agriculture Organisation, World Health Organisation, International Food Standards, Codex Alimentarius, 2025 Misssing data at the country level, EU has been used as a proxy; World Bank, Inflation (annual %), 2024; Sustainability Impact Metrics (a spin-off of Delft University of Technology), Consumer Health: internalities of food in economics and I-eco-costs, 2047; European Central Bank, Eurosystem, US dollar (USD), 2024"
"Swiss sugar moderate";"Switzerland";"Sugarbeet";"none";"Consumption";"Health";"Azoxystrobin";"mg/kg";0.00015000000000000001;0;"Sugar";"Swiss sugar";"Sugar";"2018";"conventional";1;"not-country-specific";"EU";"Rolex Centre";"False";"none";0;0;0.026243340862536137;0;0;"USD2023/mg";"Food and Agriculture Organisation, World Health Organisation, International Food Standards, Codex Alimentarius, 2026 Misssing data at the country level, EU has been used as a proxy; World Bank, Inflation (annual %), 2024; No factor available; European Central Bank, Eurosystem, US dollar (USD), 2024"
"Swiss sugar moderate";"Switzerland";"Sugarbeet";"none";"Consumption";"Health";"Benzovindiflupyr";"mg/kg";0.0012000000000000001;0;"Sugar";"Swiss sugar";"Sugar";"2018";"conventional";1;"not-country-specific";"EU";"Rolex Centre";"False";"none";0;0;0.026243340862536137;0;0;"USD2023/mg";"Food and Agriculture Organisation, World Health Organisation, International Food Standards, Codex Alimentarius, 2027 Misssing data at the country level, EU has been used as a proxy; World Bank, Inflation (annual %), 2024; No data; European Central Bank, Eurosystem, US dollar (USD), 2024"
"Swiss sugar moderate";"Switzerland";"Sugarbeet";"none";"Consumption";"Health";"Bicyclopyrone";"mg/kg";0.00006;0;"Sugar";"Swiss sugar";"Sugar";"2018";"conventional";1;"not-country-specific";"EU";"Rolex Centre";"False";"none";0;0;0.026243340862536137;0;0;"USD2023/mg";"Food and Agriculture Organisation, World Health Organisation, International Food Standards, Codex Alimentarius, 2028 Misssing data at the country level, EU has been used as a proxy; World Bank, Inflation (annual %), 2024; No data; European Central Bank, Eurosystem, US dollar (USD), 2024"
"Swiss sugar moderate";"Switzerland";"Sugarbeet";"none";"Consumption";"Health";"Carbofuran";"mg/kg";0.00030000000000000003;0.00003127560068448959;"Sugar";"Swiss sugar";"Sugar";"2018";"conventional";1;"not-country-specific";"EU";"Rolex Centre";"False";"none";0;0;0.026243340862536137;0;0;"USD2023/mg";"Food and Agriculture Organisation, World Health Organisation, International Food Standards, Codex Alimentarius, 2029 Misssing data at the country level, EU has been used as a proxy; World Bank, Inflation (annual %), 2024; Sustainability Impact Metrics (a spin-off of Delft University of Technology), Consumer Health: internalities of food in economics and I-eco-costs, 2021; European Central Bank, Eurosystem, US dollar (USD), 2024"
"Swiss sugar moderate";"Switzerland";"Sugarbeet";"none";"Consumption";"Health";"Carbofuran";"mg/kg";0.00030000000000000003;0.000028908311194901474;"Sugar";"Swiss sugar";"Sugar";"2018";"conventional";1;"not-country-specific";"EU";"Rolex Centre";"False";"none";0;0;0.026243340862536137;0;0;"USD2023/mg";"Food and Agriculture Organisation, World Health Organisation, International Food Standards, Codex Alimentarius, 2029 Misssing data at the country level, EU has been used as a proxy; World Bank, Inflation (annual %), 2024; Sustainability Impact Metrics (a spin-off of Delft University of Technology), Consumer Health: internalities of food in economics and I-eco-costs, 2068; European Central Bank, Eurosystem, US dollar (USD), 2024"
"Swiss sugar moderate";"Switzerland";"Sugarbeet";"none";"Consumption";"Health";"Chlorantraniliprole";"mg/kg";0.0015;0.0000005172370565240835;"Sugar";"Swiss sugar";"Sugar";"2018";"conventional";1;"not-country-specific";"EU";"Rolex Centre";"False";"none";0;0;0.026243340862536137;0;0;"USD2023/mg";"Food and Agriculture Organisation, World Health Organisation, International Food Standards, Codex Alimentarius, 2030 Misssing data at the country level, EU has been used as a proxy; World Bank, Inflation (annual %), 2024; Sustainability Impact Metrics (a spin-off of Delft University of Technology), Consumer Health: internalities of food in economics and I-eco-costs, 2022; European Central Bank, Eurosystem, US dollar (USD), 2024"
"Swiss sugar moderate";"Switzerland";"Sugarbeet";"none";"Consumption";"Health";"Chlorantraniliprole";"mg/kg";0.0015;0.0000004818051865816913;"Sugar";"Swiss sugar";"Sugar";"2018";"conventional";1;"not-country-specific";"EU";"Rolex Centre";"False";"none";0;0;0.026243340862536137;0;0;"USD2023/mg";"Food and Agriculture Organisation, World Health Organisation, International Food Standards, Codex Alimentarius, 2030 Misssing data at the country level, EU has been used as a proxy; World Bank, Inflation (annual %), 2024; Sustainability Impact Metrics (a spin-off of Delft University of Technology), Consumer Health: internalities of food in economics and I-eco-costs, 2071; European Central Bank, Eurosystem, US dollar (USD), 2024"
"Swiss sugar moderate";"Switzerland";"Sugarbeet";"none";"Consumption";"Health";"Clothianidin";"mg/kg";0.0012000000000000001;0.000019034323680086275;"Sugar";"Swiss sugar";"Sugar";"2018";"conventional";1;"not-country-specific";"EU";"Rolex Centre";"False";"none";0;0;0.026243340862536137;0;0;"USD2023/mg";"Food and Agriculture Organisation, World Health Organisation, International Food Standards, Codex Alimentarius, 2031 Misssing data at the country level, EU has been used as a proxy; World Bank, Inflation (annual %), 2024; Sustainability Impact Metrics (a spin-off of Delft University of Technology), Consumer Health: internalities of food in economics and I-eco-costs, 2024; European Central Bank, Eurosystem, US dollar (USD), 2024"
"Swiss sugar moderate";"Switzerland";"Sugarbeet";"none";"Consumption";"Health";"Clothianidin";"mg/kg";0.0012000000000000001;0.00001762030396641614;"Sugar";"Swiss sugar";"Sugar";"2018";"conventional";1;"not-country-specific";"EU";"Rolex Centre";"False";"none";0;0;0.026243340862536137;0;0;"USD2023/mg";"Food and Agriculture Organisation, World Health Organisation, International Food Standards, Codex Alimentarius, 2031 Misssing data at the country level, EU has been used as a proxy; World Bank, Inflation (annual %), 2024; Sustainability Impact Metrics (a spin-off of Delft University of Technology), Consumer Health: internalities of food in economics and I-eco-costs, 2081; European Central Bank, Eurosystem, US dollar (USD), 2024"
"Swiss sugar moderate";"Switzerland";"Sugarbeet";"none";"Consumption";"Health";"Cyhalothrin";"mg/kg";0.00015000000000000001;0.0000023792904600107844;"Sugar";"Swiss sugar";"Sugar";"2018";"conventional";1;"not-country-specific";"EU";"Rolex Centre";"False";"none";0;0;0.026243340862536137;0;0;"USD2023/mg";"Food and Agriculture Organisation, World Health Organisation, International Food Standards, Codex Alimentarius, 2032 Misssing data at the country level, EU has been used as a proxy; World Bank, Inflation (annual %), 2024; Sustainability Impact Metrics (a spin-off of Delft University of Technology), Consumer Health: internalities of food in economics and I-eco-costs, 2026; European Central Bank, Eurosystem, US dollar (USD), 2024"
"Swiss sugar moderate";"Switzerland";"Sugarbeet";"none";"Consumption";"Health";"Cyhalothrin";"mg/kg";0.00015000000000000001;0.0000022025379958020173;"Sugar";"Swiss sugar";"Sugar";"2018";"conventional";1;"not-country-specific";"EU";"Rolex Centre";"False";"none";0;0;0.026243340862536137;0;0;"USD2023/mg";"Food and Agriculture Organisation, World Health Organisation, International Food Standards, Codex Alimentarius, 2032 Misssing data at the country level, EU has been used as a proxy; World Bank, Inflation (annual %), 2024; Sustainability Impact Metrics (a spin-off of Delft University of Technology), Consumer Health: internalities of food in economics and I-eco-costs, 2084; European Central Bank, Eurosystem, US dollar (USD), 2024"
"Swiss sugar moderate";"Switzerland";"Sugarbeet";"none";"Consumption";"Health";"Cypermethrins";"mg/kg";0.0006000000000000001;0.000003724106806973402;"Sugar";"Swiss sugar";"Sugar";"2018";"conventional";1;"not-country-specific";"EU";"Rolex Centre";"False";"none";0;0;0.026243340862536137;0;0;"USD2023/mg";"Food and Agriculture Organisation, World Health Organisation, International Food Standards, Codex Alimentarius, 2033 Misssing data at the country level, EU has been used as a proxy; World Bank, Inflation (annual %), 2024; Sustainability Impact Metrics (a spin-off of Delft University of Technology), Consumer Health: internalities of food in economics and I-eco-costs, 2027; European Central Bank, Eurosystem, US dollar (USD), 2024"
"Swiss sugar moderate";"Switzerland";"Sugarbeet";"none";"Consumption";"Health";"Dicamba";"mg/kg";0.003;0.00001720732809220326;"Sugar";"Swiss sugar";"Sugar";"2018";"conventional";1;"not-country-specific";"EU";"Rolex Centre";"False";"none";0;0;0.026243340862536137;0;0;"USD2023/mg";"Food and Agriculture Organisation, World Health Organisation, International Food Standards, Codex Alimentarius, 2034 Misssing data at the country level, EU has been used as a proxy; World Bank, Inflation (annual %), 2024; Sustainability Impact Metrics (a spin-off of Delft University of Technology), Consumer Health: internalities of food in economics and I-eco-costs, 2090; European Central Bank, Eurosystem, US dollar (USD), 2024"
"Swiss sugar moderate";"Switzerland";"Sugarbeet";"none";"Consumption";"Health";"Ethoprophos";"mg/kg";0.00006;0;"Sugar";"Swiss sugar";"Sugar";"2018";"conventional";1;"not-country-specific";"EU";"Rolex Centre";"False";"none";0;0;0.026243340862536137;0;0;"USD2023/mg";"Food and Agriculture Organisation, World Health Organisation, International Food Standards, Codex Alimentarius, 2035 Misssing data at the country level, EU has been used as a proxy; World Bank, Inflation (annual %), 2024; No data; European Central Bank, Eurosystem, US dollar (USD), 2024"
"Swiss sugar moderate";"Switzerland";"Sugarbeet";"none";"Consumption";"Health";"Fluazifop-P-Butyl";"mg/kg";0.00003;0;"Sugar";"Swiss sugar";"Sugar";"2018";"conventional";1;"not-country-specific";"EU";"Rolex Centre";"False";"none";0;0;0.026243340862536137;0;0;"USD2023/mg";"Food and Agriculture Organisation, World Health Organisation, International Food Standards, Codex Alimentarius, 2036 Misssing data at the country level, EU has been used as a proxy; World Bank, Inflation (annual %), 2024; No data; European Central Bank, Eurosystem, US dollar (USD), 2024"
"Swiss sugar moderate";"Switzerland";"Sugarbeet";"none";"Consumption";"Health";"Fluensulfone";"mg/kg";0.00017999999999999998;0;"Sugar";"Swiss sugar";"Sugar";"2018";"conventional";1;"not-country-specific";"EU";"Rolex Centre";"False";"none";0;0;0.026243340862536137;0;0;"USD2023/mg";"Food and Agriculture Organisation, World Health Organisation, International Food Standards, Codex Alimentarius, 2037 Misssing data at the country level, EU has been used as a proxy; World Bank, Inflation (annual %), 2024; No data; European Central Bank, Eurosystem, US dollar (USD), 2024"
"Swiss sugar moderate";"Switzerland";"Sugarbeet";"none";"Consumption";"Health";"Glyphosate";"mg/kg";0.006;0.000005644003614242669;"Sugar";"Swiss sugar";"Sugar";"2018";"conventional";1;"not-country-specific";"EU";"Rolex Centre";"False";"none";0;0;0.026243340862536137;0;0;"USD2023/mg";"Food and Agriculture Organisation, World Health Organisation, International Food Standards, Codex Alimentarius, 2038 Misssing data at the country level, EU has been used as a proxy; World Bank, Inflation (annual %), 2024; Sustainability Impact Metrics (a spin-off of Delft University of Technology), Consumer Health: internalities of food in economics and I-eco-costs, 2195; European Central Bank, Eurosystem, US dollar (USD), 2024"
"Swiss sugar moderate";"Switzerland";"Sugarbeet";"none";"Consumption";"Health";"Imazapic";"mg/kg";0.00003;0;"Sugar";"Swiss sugar";"Sugar";"2018";"conventional";1;"not-country-specific";"EU";"Rolex Centre";"False";"none";0;0;0.026243340862536137;0;0;"USD2023/mg";"Food and Agriculture Organisation, World Health Organisation, International Food Standards, Codex Alimentarius, 2039 Misssing data at the country level, EU has been used as a proxy; World Bank, Inflation (annual %), 2024; No data; European Central Bank, Eurosystem, US dollar (USD), 2024"
"Swiss sugar moderate";"Switzerland";"Sugarbeet";"none";"Consumption";"Health";"Isoxaflutole";"mg/kg";0.00003;0;"Sugar";"Swiss sugar";"Sugar";"2018";"conventional";1;"not-country-specific";"EU";"Rolex Centre";"False";"none";0;0;0.026243340862536137;0;0;"USD2023/mg";"Food and Agriculture Organisation, World Health Organisation, International Food Standards, Codex Alimentarius, 2040 Misssing data at the country level, EU has been used as a proxy; World Bank, Inflation (annual %), 2024; No data; European Central Bank, Eurosystem, US dollar (USD), 2024"
"Swiss sugar moderate";"Switzerland";"Sugarbeet";"none";"Consumption";"Health";"Mefentrifluconazole";"mg/kg";0.0045000000000000005;0;"Sugar";"Swiss sugar";"Sugar";"2018";"conventional";1;"not-country-specific";"EU";"Rolex Centre";"False";"none";0;0;0.026243340862536137;0;0;"USD2023/mg";"Food and Agriculture Organisation, World Health Organisation, International Food Standards, Codex Alimentarius, 2041 Misssing data at the country level, EU has been used as a proxy; World Bank, Inflation (annual %), 2024; No data; European Central Bank, Eurosystem, US dollar (USD), 2024"
"Swiss sugar moderate";"Switzerland";"Sugarbeet";"none";"Consumption";"Health";"Mesotrione";"mg/kg";0.00003;0.000017895621215891388;"Sugar";"Swiss sugar";"Sugar";"2018";"conventional";1;"not-country-specific";"EU";"Rolex Centre";"False";"none";0;0;0.026243340862536137;0;0;"USD2023/mg";"Food and Agriculture Organisation, World Health Organisation, International Food Standards, Codex Alimentarius, 2042 Misssing data at the country level, EU has been used as a proxy; World Bank, Inflation (annual %), 2024; Sustainability Impact Metrics (a spin-off of Delft University of Technology), Consumer Health: internalities of food in economics and I-eco-costs, 2146; European Central Bank, Eurosystem, US dollar (USD), 2024"
"Swiss sugar moderate";"Switzerland";"Sugarbeet";"none";"Consumption";"Health";"Metaflumizone";"mg/kg";0.00006;0;"Sugar";"Swiss sugar";"Sugar";"2018";"conventional";1;"not-country-specific";"EU";"Rolex Centre";"False";"none";0;0;0.026243340862536137;0;0;"USD2023/mg";"Food and Agriculture Organisation, World Health Organisation, International Food Standards, Codex Alimentarius, 2043 Misssing data at the country level, EU has been used as a proxy; World Bank, Inflation (annual %), 2024; No data; European Central Bank, Eurosystem, US dollar (USD), 2024"
"Swiss sugar moderate";"Switzerland";"Sugarbeet";"none";"Consumption";"Health";"Metconazole";"mg/kg";0.00017999999999999998;0.000003881973217601055;"Sugar";"Swiss sugar";"Sugar";"2018";"conventional";1;"not-country-specific";"EU";"Rolex Centre";"False";"none";0;0;0.026243340862536137;0;0;"USD2023/mg";"Food and Agriculture Organisation, World Health Organisation, International Food Standards, Codex Alimentarius, 2044 Misssing data at the country level, EU has been used as a proxy; World Bank, Inflation (annual %), 2024; Sustainability Impact Metrics (a spin-off of Delft University of Technology), Consumer Health: internalities of food in economics and I-eco-costs, 2148; European Central Bank, Eurosystem, US dollar (USD), 2024"
"Swiss sugar moderate";"Switzerland";"Sugarbeet";"none";"Consumption";"Health";"Methoxyfenozide";"mg/kg";0.00003;0;"Sugar";"Swiss sugar";"Sugar";"2018";"conventional";1;"not-country-specific";"EU";"Rolex Centre";"False";"none";0;0;0.026243340862536137;0;0;"USD2023/mg";"Food and Agriculture Organisation, World Health Organisation, International Food Standards, Codex Alimentarius, 2045 Misssing data at the country level, EU has been used as a proxy; World Bank, Inflation (annual %), 2024; No data; European Central Bank, Eurosystem, US dollar (USD), 2024"
"Swiss sugar moderate";"Switzerland";"Sugarbeet";"none";"Consumption";"Health";"Novaluron";"mg/kg";0.0015;0.0000001858391433957952;"Sugar";"Swiss sugar";"Sugar";"2018";"conventional";1;"not-country-specific";"EU";"Rolex Centre";"False";"none";0;0;0.026243340862536137;0;0;"USD2023/mg";"Food and Agriculture Organisation, World Health Organisation, International Food Standards, Codex Alimentarius, 2046 Misssing data at the country level, EU has been used as a proxy; World Bank, Inflation (annual %), 2024; Sustainability Impact Metrics (a spin-off of Delft University of Technology), Consumer Health: internalities of food in economics and I-eco-costs, 2159; European Central Bank, Eurosystem, US dollar (USD), 2024"
"Swiss sugar moderate";"Switzerland";"Sugarbeet";"none";"Consumption";"Health";"Pendimethalin";"mg/kg";0.00003;0.00000002546684557646082;"Sugar";"Swiss sugar";"Sugar";"2018";"conventional";1;"not-country-specific";"EU";"Rolex Centre";"False";"none";0;0;0.026243340862536137;0;0;"USD2023/mg";"Food and Agriculture Organisation, World Health Organisation, International Food Standards, Codex Alimentarius, 2047 Misssing data at the country level, EU has been used as a proxy; World Bank, Inflation (annual %), 2024; Sustainability Impact Metrics (a spin-off of Delft University of Technology), Consumer Health: internalities of food in economics and I-eco-costs, 2167; European Central Bank, Eurosystem, US dollar (USD), 2024"
"Swiss sugar moderate";"Switzerland";"Sugarbeet";"none";"Consumption";"Health";"Propiconazole";"mg/kg";0.00006;0.00000047585809200215685;"Sugar";"Swiss sugar";"Sugar";"2018";"conventional";1;"not-country-specific";"EU";"Rolex Centre";"False";"none";0;0;0.026243340862536137;0;0;"USD2023/mg";"Food and Agriculture Organisation, World Health Organisation, International Food Standards, Codex Alimentarius, 2048 Misssing data at the country level, EU has been used as a proxy; World Bank, Inflation (annual %), 2024; Sustainability Impact Metrics (a spin-off of Delft University of Technology), Consumer Health: internalities of food in economics and I-eco-costs, 2040; European Central Bank, Eurosystem, US dollar (USD), 2024"
"Swiss sugar moderate";"Switzerland";"Sugarbeet";"none";"Consumption";"Health";"Propiconazole";"mg/kg";0.00006;0.0000004405075991604034;"Sugar";"Swiss sugar";"Sugar";"2018";"conventional";1;"not-country-specific";"EU";"Rolex Centre";"False";"none";0;0;0.026243340862536137;0;0;"USD2023/mg";"Food and Agriculture Organisation, World Health Organisation, International Food Standards, Codex Alimentarius, 2048 Misssing data at the country level, EU has been used as a proxy; World Bank, Inflation (annual %), 2024; Sustainability Impact Metrics (a spin-off of Delft University of Technology), Consumer Health: internalities of food in economics and I-eco-costs, 2175; European Central Bank, Eurosystem, US dollar (USD), 2024"
"Swiss sugar moderate";"Switzerland";"Sugarbeet";"none";"Consumption";"Health";"Pyraclostrobin";"mg/kg";0.00024;0.000002510323847663552;"Sugar";"Swiss sugar";"Sugar";"2018";"conventional";1;"not-country-specific";"EU";"Rolex Centre";"False";"none";0;0;0.026243340862536137;0;0;"USD2023/mg";"Food and Agriculture Organisation, World Health Organisation, International Food Standards, Codex Alimentarius, 2049 Misssing data at the country level, EU has been used as a proxy; World Bank, Inflation (annual %), 2024; Sustainability Impact Metrics (a spin-off of Delft University of Technology), Consumer Health: internalities of food in economics and I-eco-costs, 2041; European Central Bank, Eurosystem, US dollar (USD), 2024"
"Swiss sugar moderate";"Switzerland";"Sugarbeet";"none";"Consumption";"Health";"Pyraclostrobin";"mg/kg";0.00024;0.000002312664895592118;"Sugar";"Swiss sugar";"Sugar";"2018";"conventional";1;"not-country-specific";"EU";"Rolex Centre";"False";"none";0;0;0.026243340862536137;0;0;"USD2023/mg";"Food and Agriculture Organisation, World Health Organisation, International Food Standards, Codex Alimentarius, 2049 Misssing data at the country level, EU has been used as a proxy; World Bank, Inflation (annual %), 2024; Sustainability Impact Metrics (a spin-off of Delft University of Technology), Consumer Health: internalities of food in economics and I-eco-costs, 2176; European Central Bank, Eurosystem, US dollar (USD), 2024"
"Swiss sugar moderate";"Switzerland";"Sugarbeet";"none";"Consumption";"Health";"Saflufenacil";"mg/kg";0.00008999999999999999;0;"Sugar";"Swiss sugar";"Sugar";"2018";"conventional";1;"not-country-specific";"EU";"Rolex Centre";"False";"none";0;0;0.026243340862536137;0;0;"USD2023/mg";"Food and Agriculture Organisation, World Health Organisation, International Food Standards, Codex Alimentarius, 2050 Misssing data at the country level, EU has been used as a proxy; World Bank, Inflation (annual %), 2024; No factor available; European Central Bank, Eurosystem, US dollar (USD), 2024"
"Swiss sugar moderate";"Switzerland";"Sugarbeet";"none";"Consumption";"Health";"Tebufenozide";"mg/kg";0.003;0.00001720732809220326;"Sugar";"Swiss sugar";"Sugar";"2018";"conventional";1;"not-country-specific";"EU";"Rolex Centre";"False";"none";0;0;0.026243340862536137;0;0;"USD2023/mg";"Food and Agriculture Organisation, World Health Organisation, International Food Standards, Codex Alimentarius, 2051 Misssing data at the country level, EU has been used as a proxy; World Bank, Inflation (annual %), 2024; Sustainability Impact Metrics (a spin-off of Delft University of Technology), Consumer Health: internalities of food in economics and I-eco-costs, 2177; European Central Bank, Eurosystem, US dollar (USD), 2024"
"Swiss sugar moderate";"Switzerland";"Sugarbeet";"none";"Consumption";"Health";"Teflubenzuron";"mg/kg";0.00003;0.000002959660431858961;"Sugar";"Swiss sugar";"Sugar";"2018";"conventional";1;"not-country-specific";"EU";"Rolex Centre";"False";"none";0;0;0.026243340862536137;0;0;"USD2023/mg";"Food and Agriculture Organisation, World Health Organisation, International Food Standards, Codex Alimentarius, 2052 Misssing data at the country level, EU has been used as a proxy; World Bank, Inflation (annual %), 2024; Sustainability Impact Metrics (a spin-off of Delft University of Technology), Consumer Health: internalities of food in economics and I-eco-costs, 2178; European Central Bank, Eurosystem, US dollar (USD), 2024"
"Swiss sugar moderate";"Switzerland";"Sugarbeet";"none";"Consumption";"Health";"Trinexapac-Ethyl";"mg/kg";0.0015;0;"Sugar";"Swiss sugar";"Sugar";"2018";"conventional";1;"not-country-specific";"EU";"Rolex Centre";"False";"none";0;0;0.026243340862536137;0;0;"USD2023/mg";"Food and Agriculture Organisation, World Health Organisation, International Food Standards, Codex Alimentarius, 2053 Misssing data at the country level, EU has been used as a proxy; World Bank, Inflation (annual %), 2024; No data; European Central Bank, Eurosystem, US dollar (USD), 2024"
